,ranking_date,rank,player,points,full_name
0,2000-01-10,1,101736,4135.0,Andre Agassi
1,2000-01-10,2,102338,2915.0,Yevgeny Kafelnikov
2,2000-01-10,3,101948,2419.0,Pete Sampras
3,2000-01-10,4,103017,2184.0,Nicolas Kiefer
4,2000-01-10,5,102856,2169.0,Gustavo Kuerten
1572,2000-01-17,1,101736,4135.0,Andre Agassi
1573,2000-01-17,2,102338,2915.0,Yevgeny Kafelnikov
1574,2000-01-17,3,101948,2419.0,Pete Sampras
1575,2000-01-17,4,103017,2184.0,Nicolas Kiefer
1576,2000-01-17,5,102856,2116.0,Gustavo Kuerten
3143,2000-01-24,1,101736,4135.0,Andre Agassi
3144,2000-01-24,2,102338,2915.0,Yevgeny Kafelnikov
3145,2000-01-24,3,101948,2419.0,Pete Sampras
3146,2000-01-24,4,103017,2184.0,Nicolas Kiefer
3147,2000-01-24,5,102856,2116.0,Gustavo Kuerten
4713,2000-01-31,1,101736,5045.0,Andre Agassi
4714,2000-01-31,2,101948,2869.0,Pete Sampras
4715,2000-01-31,3,102338,2841.0,Yevgeny Kafelnikov
4716,2000-01-31,4,103017,2325.0,Nicolas Kiefer
4717,2000-01-31,5,102856,2101.0,Gustavo Kuerten
6287,2000-02-07,1,101736,5045.0,Andre Agassi
6288,2000-02-07,2,101948,2869.0,Pete Sampras
6289,2000-02-07,3,102338,2841.0,Yevgeny Kafelnikov
6290,2000-02-07,4,103017,2325.0,Nicolas Kiefer
6291,2000-02-07,5,102856,2101.0,Gustavo Kuerten
7861,2000-02-14,1,101736,5045.0,Andre Agassi
7862,2000-02-14,2,102338,2841.0,Yevgeny Kafelnikov
7863,2000-02-14,3,101948,2811.0,Pete Sampras
7864,2000-02-14,4,103017,2406.0,Nicolas Kiefer
7865,2000-02-14,5,102796,2078.0,Magnus Norman
9431,2000-02-21,1,101736,5045.0,Andre Agassi
9432,2000-02-21,2,101948,2811.0,Pete Sampras
9433,2000-02-21,3,102338,2670.0,Yevgeny Kafelnikov
9434,2000-02-21,4,103017,2435.0,Nicolas Kiefer
9435,2000-02-21,5,102796,2137.0,Magnus Norman
11001,2000-02-28,1,101736,5045.0,Andre Agassi
11002,2000-02-28,2,101948,2811.0,Pete Sampras
11003,2000-02-28,3,102338,2783.0,Yevgeny Kafelnikov
11004,2000-02-28,4,103017,2425.0,Nicolas Kiefer
11005,2000-02-28,5,102796,2137.0,Magnus Norman
12574,2000-03-06,1,101736,4964.0,Andre Agassi
12575,2000-03-06,2,101948,2793.0,Pete Sampras
12576,2000-03-06,3,102338,2783.0,Yevgeny Kafelnikov
12577,2000-03-06,4,103017,2425.0,Nicolas Kiefer
12578,2000-03-06,5,102856,2254.0,Gustavo Kuerten
14155,2000-03-13,1,101736,4979.0,Andre Agassi
14156,2000-03-13,2,101948,2807.0,Pete Sampras
14157,2000-03-13,3,102338,2783.0,Yevgeny Kafelnikov
14158,2000-03-13,4,103017,2367.0,Nicolas Kiefer
14159,2000-03-13,5,102796,2137.0,Magnus Norman
15739,2000-03-20,1,101736,4984.0,Andre Agassi
15740,2000-03-20,2,101948,2932.0,Pete Sampras
15741,2000-03-20,3,102338,2792.0,Yevgeny Kafelnikov
15742,2000-03-20,4,103017,2352.0,Nicolas Kiefer
15743,2000-03-20,5,102796,2257.0,Magnus Norman
17333,2000-03-27,1,101736,4984.0,Andre Agassi
17334,2000-03-27,2,101948,2932.0,Pete Sampras
17335,2000-03-27,3,102338,2792.0,Yevgeny Kafelnikov
17336,2000-03-27,4,103017,2352.0,Nicolas Kiefer
17337,2000-03-27,5,102796,2257.0,Magnus Norman
18926,2000-04-03,1,101736,5208.0,Andre Agassi
18927,2000-04-03,2,101948,3334.0,Pete Sampras
18928,2000-04-03,3,102338,2831.0,Yevgeny Kafelnikov
18929,2000-04-03,4,102856,2472.0,Gustavo Kuerten
18930,2000-04-03,5,102796,2274.0,Magnus Norman
20521,2000-04-10,1,101736,5059.0,Andre Agassi
20522,2000-04-10,2,101948,3334.0,Pete Sampras
20523,2000-04-10,3,102338,2831.0,Yevgeny Kafelnikov
20524,2000-04-10,4,102856,2455.0,Gustavo Kuerten
20525,2000-04-10,5,102796,2274.0,Magnus Norman
22117,2000-04-17,1,101736,5074.0,Andre Agassi
22118,2000-04-17,2,101948,3334.0,Pete Sampras
22119,2000-04-17,3,102338,2831.0,Yevgeny Kafelnikov
22120,2000-04-17,4,102856,2455.0,Gustavo Kuerten
22121,2000-04-17,5,102796,2275.0,Magnus Norman
23711,2000-04-24,1,101736,5074.0,Andre Agassi
23712,2000-04-24,2,101948,3334.0,Pete Sampras
23713,2000-04-24,3,102338,2828.0,Yevgeny Kafelnikov
23714,2000-04-24,4,102796,2194.0,Magnus Norman
23715,2000-04-24,5,102856,2081.0,Gustavo Kuerten
25299,2000-05-01,1,101736,5074.0,Andre Agassi
25300,2000-05-01,2,101948,3334.0,Pete Sampras
25301,2000-05-01,3,102338,2828.0,Yevgeny Kafelnikov
25302,2000-05-01,4,102796,2314.0,Magnus Norman
25303,2000-05-01,5,102856,2081.0,Gustavo Kuerten
26881,2000-05-08,1,101736,5074.0,Andre Agassi
26882,2000-05-08,2,101948,3334.0,Pete Sampras
26883,2000-05-08,3,102338,2828.0,Yevgeny Kafelnikov
26884,2000-05-08,4,102796,2314.0,Magnus Norman
26885,2000-05-08,5,101611,2061.0,Cedric Pioline
28473,2000-05-15,1,101736,5100.0,Andre Agassi
28474,2000-05-15,2,101948,3308.0,Pete Sampras
28475,2000-05-15,3,102338,2821.0,Yevgeny Kafelnikov
28476,2000-05-15,4,102796,2785.0,Magnus Norman
28477,2000-05-15,5,101611,2095.0,Cedric Pioline
30068,2000-05-22,1,101736,5085.0,Andre Agassi
30069,2000-05-22,2,101948,3343.0,Pete Sampras
30070,2000-05-22,3,102796,2868.0,Magnus Norman
30071,2000-05-22,4,102338,2758.0,Yevgeny Kafelnikov
30072,2000-05-22,5,102856,2382.0,Gustavo Kuerten
31662,2000-05-29,1,101736,5085.0,Andre Agassi
31663,2000-05-29,2,101948,3343.0,Pete Sampras
31664,2000-05-29,3,102796,2868.0,Magnus Norman
31665,2000-05-29,4,102338,2758.0,Yevgeny Kafelnikov
31666,2000-05-29,5,102856,2382.0,Gustavo Kuerten
33269,2000-06-05,1,101736,5085.0,Andre Agassi
33270,2000-06-05,2,101948,3343.0,Pete Sampras
33271,2000-06-05,3,102796,2868.0,Magnus Norman
33272,2000-06-05,4,102338,2758.0,Yevgeny Kafelnikov
33273,2000-06-05,5,102856,2382.0,Gustavo Kuerten
34875,2000-06-12,1,101736,4370.0,Andre Agassi
34876,2000-06-12,2,102796,3522.0,Magnus Norman
34877,2000-06-12,3,102856,3211.0,Gustavo Kuerten
34878,2000-06-12,4,101948,3106.0,Pete Sampras
34879,2000-06-12,5,102338,2965.0,Yevgeny Kafelnikov
36464,2000-06-19,1,101736,4375.0,Andre Agassi
36465,2000-06-19,2,102796,3522.0,Magnus Norman
36466,2000-06-19,3,101948,3261.0,Pete Sampras
36467,2000-06-19,4,102856,3211.0,Gustavo Kuerten
36468,2000-06-19,5,102338,3016.0,Yevgeny Kafelnikov
38041,2000-06-26,1,101736,4375.0,Andre Agassi
38042,2000-06-26,2,102796,3522.0,Magnus Norman
38043,2000-06-26,3,101948,3261.0,Pete Sampras
38044,2000-06-26,4,102856,3211.0,Gustavo Kuerten
38045,2000-06-26,5,102338,3016.0,Yevgeny Kafelnikov
39637,2000-07-03,1,101736,4375.0,Andre Agassi
39638,2000-07-03,2,102796,3522.0,Magnus Norman
39639,2000-07-03,3,101948,3261.0,Pete Sampras
39640,2000-07-03,4,102856,3211.0,Gustavo Kuerten
39641,2000-07-03,5,102338,3016.0,Yevgeny Kafelnikov
41234,2000-07-10,1,101736,4223.0,Andre Agassi
41235,2000-07-10,2,102796,3495.0,Magnus Norman
41236,2000-07-10,3,101948,3458.0,Pete Sampras
41237,2000-07-10,4,102856,3118.0,Gustavo Kuerten
41238,2000-07-10,5,102338,2989.0,Yevgeny Kafelnikov
42819,2000-07-17,1,101736,4223.0,Andre Agassi
42820,2000-07-17,2,102796,3610.0,Magnus Norman
42821,2000-07-17,3,101948,3458.0,Pete Sampras
42822,2000-07-17,4,102856,3118.0,Gustavo Kuerten
42823,2000-07-17,5,102338,2989.0,Yevgeny Kafelnikov
44412,2000-07-24,1,101736,4223.0,Andre Agassi
44413,2000-07-24,2,101948,3458.0,Pete Sampras
44414,2000-07-24,3,102796,3358.0,Magnus Norman
44415,2000-07-24,4,102856,3118.0,Gustavo Kuerten
44416,2000-07-24,5,102338,2989.0,Yevgeny Kafelnikov
45991,2000-07-31,1,101736,4128.0,Andre Agassi
45992,2000-07-31,2,101948,3291.0,Pete Sampras
45993,2000-07-31,3,102796,3246.0,Magnus Norman
45994,2000-07-31,4,102856,3118.0,Gustavo Kuerten
45995,2000-07-31,5,102338,2959.0,Yevgeny Kafelnikov
47568,2000-08-07,1,101736,3991.0,Andre Agassi
47569,2000-08-07,2,101948,3416.0,Pete Sampras
47570,2000-08-07,3,102796,3205.0,Magnus Norman
47571,2000-08-07,4,102856,3148.0,Gustavo Kuerten
47572,2000-08-07,5,102338,2802.0,Yevgeny Kafelnikov
49039,2000-08-14,1,101736,3855.0,Andre Agassi
49040,2000-08-14,2,102856,3285.0,Gustavo Kuerten
49041,2000-08-14,3,102796,3180.0,Magnus Norman
49042,2000-08-14,4,101948,3085.0,Pete Sampras
49043,2000-08-14,5,102338,2701.0,Yevgeny Kafelnikov
50623,2000-08-21,1,101736,3754.0,Andre Agassi
50624,2000-08-21,2,102856,3473.0,Gustavo Kuerten
50625,2000-08-21,3,102796,3180.0,Magnus Norman
50626,2000-08-21,4,101948,3039.0,Pete Sampras
50627,2000-08-21,5,102338,2596.0,Yevgeny Kafelnikov
52201,2000-08-28,1,101736,3754.0,Andre Agassi
52202,2000-08-28,2,102856,3473.0,Gustavo Kuerten
52203,2000-08-28,3,102796,3161.0,Magnus Norman
52204,2000-08-28,4,101948,3039.0,Pete Sampras
52205,2000-08-28,5,102358,2615.0,Thomas Enqvist
53780,2000-09-04,1,101736,3754.0,Andre Agassi
53781,2000-09-04,2,102856,3473.0,Gustavo Kuerten
53782,2000-09-04,3,102796,3161.0,Magnus Norman
53783,2000-09-04,4,101948,3039.0,Pete Sampras
53784,2000-09-04,5,102358,2615.0,Thomas Enqvist
55359,2000-09-11,1,101948,3739.0,Pete Sampras
55360,2000-09-11,2,103498,3412.0,Marat Safin
55361,2000-09-11,3,102856,3283.0,Gustavo Kuerten
55362,2000-09-11,4,102796,3196.0,Magnus Norman
55363,2000-09-11,5,101736,3020.0,Andre Agassi
56926,2000-09-18,1,101948,3739.0,Pete Sampras
56927,2000-09-18,2,103498,3537.0,Marat Safin
56928,2000-09-18,3,102856,3283.0,Gustavo Kuerten
56929,2000-09-18,4,102796,3196.0,Magnus Norman
56930,2000-09-18,5,101736,3020.0,Andre Agassi
58521,2000-09-25,1,101948,3739.0,Pete Sampras
58522,2000-09-25,2,103498,3537.0,Marat Safin
58523,2000-09-25,3,102856,3283.0,Gustavo Kuerten
58524,2000-09-25,4,102796,3196.0,Magnus Norman
58525,2000-09-25,5,101736,3020.0,Andre Agassi
60118,2000-10-02,1,101948,3739.0,Pete Sampras
60119,2000-10-02,2,103498,3537.0,Marat Safin
60120,2000-10-02,3,102856,3358.0,Gustavo Kuerten
60121,2000-10-02,4,102796,3196.0,Magnus Norman
60122,2000-10-02,5,101736,3020.0,Andre Agassi
61745,2000-10-09,1,101948,3739.0,Pete Sampras
61746,2000-10-09,2,103498,3537.0,Marat Safin
61747,2000-10-09,3,102856,3358.0,Gustavo Kuerten
61748,2000-10-09,4,102796,3098.0,Magnus Norman
61749,2000-10-09,5,101736,2988.0,Andre Agassi
63386,2000-10-16,1,101948,3739.0,Pete Sampras
63387,2000-10-16,2,103498,3537.0,Marat Safin
63388,2000-10-16,3,102856,3372.0,Gustavo Kuerten
63389,2000-10-16,4,102796,3098.0,Magnus Norman
63390,2000-10-16,5,101736,2988.0,Andre Agassi
65010,2000-10-23,1,101948,3739.0,Pete Sampras
65011,2000-10-23,2,103498,3537.0,Marat Safin
65012,2000-10-23,3,102856,3363.0,Gustavo Kuerten
65013,2000-10-23,4,102796,3213.0,Magnus Norman
65014,2000-10-23,5,101736,2988.0,Andre Agassi
66637,2000-10-30,1,101948,3739.0,Pete Sampras
66638,2000-10-30,2,103498,3592.0,Marat Safin
66639,2000-10-30,3,102856,3357.0,Gustavo Kuerten
66640,2000-10-30,4,102796,3213.0,Magnus Norman
66641,2000-10-30,5,102338,2841.0,Yevgeny Kafelnikov
68267,2000-11-06,1,101948,3697.0,Pete Sampras
68268,2000-11-06,2,102856,3392.0,Gustavo Kuerten
68269,2000-11-06,3,103498,3380.0,Marat Safin
68270,2000-11-06,4,102796,3213.0,Magnus Norman
68271,2000-11-06,5,102338,2956.0,Yevgeny Kafelnikov
69895,2000-11-13,1,101948,3697.0,Pete Sampras
69896,2000-11-13,2,103498,3530.0,Marat Safin
69897,2000-11-13,3,102856,3392.0,Gustavo Kuerten
69898,2000-11-13,4,102796,3180.0,Magnus Norman
69899,2000-11-13,5,102338,2859.0,Yevgeny Kafelnikov
71523,2000-11-20,1,103498,3920.0,Marat Safin
71524,2000-11-20,2,101948,3697.0,Pete Sampras
71525,2000-11-20,3,102856,3557.0,Gustavo Kuerten
71526,2000-11-20,4,102796,3110.0,Magnus Norman
71527,2000-11-20,5,102338,2824.0,Yevgeny Kafelnikov
73142,2000-11-27,1,103498,3920.0,Marat Safin
73143,2000-11-27,2,102856,3545.0,Gustavo Kuerten
73144,2000-11-27,3,101948,3185.0,Pete Sampras
73145,2000-11-27,4,102796,3110.0,Magnus Norman
73146,2000-11-27,5,102338,2835.0,Yevgeny Kafelnikov
74761,2000-12-04,1,102856,4195.0,Gustavo Kuerten
74762,2000-12-04,2,103498,4120.0,Marat Safin
74763,2000-12-04,3,101948,3385.0,Pete Sampras
74764,2000-12-04,4,102796,3110.0,Magnus Norman
74765,2000-12-04,5,102338,2935.0,Yevgeny Kafelnikov
76375,2000-12-11,1,102856,4195.0,Gustavo Kuerten
76376,2000-12-11,2,103498,4120.0,Marat Safin
76377,2000-12-11,3,101948,3385.0,Pete Sampras
76378,2000-12-11,4,102796,3110.0,Magnus Norman
76379,2000-12-11,5,102338,2935.0,Yevgeny Kafelnikov
77981,2000-12-18,1,102856,4195.0,Gustavo Kuerten
77982,2000-12-18,2,103498,4120.0,Marat Safin
77983,2000-12-18,3,101948,3385.0,Pete Sampras
77984,2000-12-18,4,102796,3110.0,Magnus Norman
77985,2000-12-18,5,102338,2935.0,Yevgeny Kafelnikov
79588,2000-12-25,1,102856,4195.0,Gustavo Kuerten
79589,2000-12-25,2,103498,4120.0,Marat Safin
79590,2000-12-25,3,101948,3385.0,Pete Sampras
79591,2000-12-25,4,102796,3110.0,Magnus Norman
79592,2000-12-25,5,102338,2935.0,Yevgeny Kafelnikov
81194,2001-01-01,1,102856,4195.0,Gustavo Kuerten
81195,2001-01-01,2,103498,4120.0,Marat Safin
81196,2001-01-01,3,101948,3385.0,Pete Sampras
81197,2001-01-01,4,102796,3110.0,Magnus Norman
81198,2001-01-01,5,102338,2935.0,Yevgeny Kafelnikov
82800,2001-01-08,1,102856,4195.0,Gustavo Kuerten
82801,2001-01-08,2,103498,4120.0,Marat Safin
82802,2001-01-08,3,101948,3385.0,Pete Sampras
82803,2001-01-08,4,102796,3110.0,Magnus Norman
82804,2001-01-08,5,102338,2935.0,Yevgeny Kafelnikov
84406,2001-01-15,1,102856,4195.0,Gustavo Kuerten
84407,2001-01-15,2,103498,4120.0,Marat Safin
84408,2001-01-15,3,101948,3385.0,Pete Sampras
84409,2001-01-15,4,102796,3055.0,Magnus Norman
84410,2001-01-15,5,102338,2935.0,Yevgeny Kafelnikov
86012,2001-01-22,1,102856,4195.0,Gustavo Kuerten
86013,2001-01-22,2,103498,4120.0,Marat Safin
86014,2001-01-22,3,101948,3385.0,Pete Sampras
86015,2001-01-22,4,102796,3055.0,Magnus Norman
86016,2001-01-22,5,102338,2935.0,Yevgeny Kafelnikov
87617,2001-01-29,1,103498,4265.0,Marat Safin
87618,2001-01-29,2,102856,4225.0,Gustavo Kuerten
87619,2001-01-29,3,101948,3085.0,Pete Sampras
87620,2001-01-29,4,101736,2765.0,Andre Agassi
87621,2001-01-29,5,102796,2755.0,Magnus Norman
89218,2001-02-05,1,103498,4265.0,Marat Safin
89219,2001-02-05,2,102856,4225.0,Gustavo Kuerten
89220,2001-02-05,3,101948,3085.0,Pete Sampras
89221,2001-02-05,4,101736,2765.0,Andre Agassi
89222,2001-02-05,5,102796,2755.0,Magnus Norman
90820,2001-02-12,1,103498,4265.0,Marat Safin
90821,2001-02-12,2,102856,4225.0,Gustavo Kuerten
90822,2001-02-12,3,101948,3085.0,Pete Sampras
90823,2001-02-12,4,101736,2765.0,Andre Agassi
90824,2001-02-12,5,102796,2755.0,Magnus Norman
92416,2001-02-19,1,103498,4265.0,Marat Safin
92417,2001-02-19,2,102856,4225.0,Gustavo Kuerten
92418,2001-02-19,3,101948,3085.0,Pete Sampras
92419,2001-02-19,4,101736,2765.0,Andre Agassi
92420,2001-02-19,5,102796,2755.0,Magnus Norman
94006,2001-02-26,1,102856,4365.0,Gustavo Kuerten
94007,2001-02-26,2,103498,4265.0,Marat Safin
94008,2001-02-26,3,101948,3090.0,Pete Sampras
94009,2001-02-26,4,101736,2765.0,Andre Agassi
94010,2001-02-26,5,102796,2755.0,Magnus Norman
95604,2001-03-05,1,102856,4440.0,Gustavo Kuerten
95605,2001-03-05,2,103498,4300.0,Marat Safin
95606,2001-03-05,3,101948,3090.0,Pete Sampras
95607,2001-03-05,4,101736,2870.0,Andre Agassi
95608,2001-03-05,5,102796,2755.0,Magnus Norman
97208,2001-03-12,1,102856,4425.0,Gustavo Kuerten
97209,2001-03-12,2,103498,4300.0,Marat Safin
97210,2001-03-12,3,101948,3080.0,Pete Sampras
97211,2001-03-12,4,101736,2870.0,Andre Agassi
97212,2001-03-12,5,102796,2755.0,Magnus Norman
98804,2001-03-19,1,102856,4465.0,Gustavo Kuerten
98805,2001-03-19,2,103498,4270.0,Marat Safin
98806,2001-03-19,3,101736,3365.0,Andre Agassi
98807,2001-03-19,4,101948,3305.0,Pete Sampras
98808,2001-03-19,5,102338,2675.0,Yevgeny Kafelnikov
100398,2001-03-26,1,102856,4465.0,Gustavo Kuerten
100399,2001-03-26,2,103498,4270.0,Marat Safin
100400,2001-03-26,3,101736,3365.0,Andre Agassi
100401,2001-03-26,4,101948,3305.0,Pete Sampras
100402,2001-03-26,5,102338,2675.0,Yevgeny Kafelnikov
101991,2001-04-02,1,103498,4270.0,Marat Safin
101992,2001-04-02,2,102856,4150.0,Gustavo Kuerten
101993,2001-04-02,3,101736,3640.0,Andre Agassi
101994,2001-04-02,4,101948,2840.0,Pete Sampras
101995,2001-04-02,5,102796,2635.0,Magnus Norman
103583,2001-04-09,1,103498,4270.0,Marat Safin
103584,2001-04-09,2,102856,4150.0,Gustavo Kuerten
103585,2001-04-09,3,101736,3640.0,Andre Agassi
103586,2001-04-09,4,101948,2840.0,Pete Sampras
103587,2001-04-09,5,102796,2635.0,Magnus Norman
105179,2001-04-16,1,103498,4270.0,Marat Safin
105180,2001-04-16,2,102856,4150.0,Gustavo Kuerten
105181,2001-04-16,3,101736,3630.0,Andre Agassi
105182,2001-04-16,4,101948,2840.0,Pete Sampras
105183,2001-04-16,5,102796,2635.0,Magnus Norman
106775,2001-04-23,1,102856,4645.0,Gustavo Kuerten
106776,2001-04-23,2,103498,4270.0,Marat Safin
106777,2001-04-23,3,101736,3630.0,Andre Agassi
106778,2001-04-23,4,101948,2840.0,Pete Sampras
106779,2001-04-23,5,102796,2635.0,Magnus Norman
108369,2001-04-30,1,102856,4645.0,Gustavo Kuerten
108370,2001-04-30,2,103498,4145.0,Marat Safin
108371,2001-04-30,3,101736,3630.0,Andre Agassi
108372,2001-04-30,4,101948,2840.0,Pete Sampras
108373,2001-04-30,5,102796,2620.0,Magnus Norman
109961,2001-05-07,1,102856,4645.0,Gustavo Kuerten
109962,2001-05-07,2,103498,4080.0,Marat Safin
109963,2001-05-07,3,101736,3630.0,Andre Agassi
109964,2001-05-07,4,101948,2840.0,Pete Sampras
109965,2001-05-07,5,102796,2620.0,Magnus Norman
111553,2001-05-14,1,102856,4645.0,Gustavo Kuerten
111554,2001-05-14,2,103498,4080.0,Marat Safin
111555,2001-05-14,3,101736,3560.0,Andre Agassi
111556,2001-05-14,4,101948,2845.0,Pete Sampras
111557,2001-05-14,5,102338,2605.0,Yevgeny Kafelnikov
113150,2001-05-21,1,102856,4150.0,Gustavo Kuerten
113151,2001-05-21,2,103498,3765.0,Marat Safin
113152,2001-05-21,3,101736,3595.0,Andre Agassi
113153,2001-05-21,4,103507,2830.0,Juan Carlos Ferrero
113154,2001-05-21,5,101948,2815.0,Pete Sampras
114755,2001-05-28,1,102856,4150.0,Gustavo Kuerten
114756,2001-05-28,2,103498,3765.0,Marat Safin
114757,2001-05-28,3,101736,3595.0,Andre Agassi
114758,2001-05-28,4,103507,2830.0,Juan Carlos Ferrero
114759,2001-05-28,5,101948,2815.0,Pete Sampras
116363,2001-06-04,1,102856,4150.0,Gustavo Kuerten
116364,2001-06-04,2,103498,3765.0,Marat Safin
116365,2001-06-04,3,101736,3595.0,Andre Agassi
116366,2001-06-04,4,103507,2830.0,Juan Carlos Ferrero
116367,2001-06-04,5,101948,2815.0,Pete Sampras
117970,2001-06-11,1,102856,4150.0,Gustavo Kuerten
117971,2001-06-11,2,101736,3810.0,Andre Agassi
117972,2001-06-11,3,103498,3590.0,Marat Safin
117973,2001-06-11,4,101948,2845.0,Pete Sampras
117974,2001-06-11,5,103507,2830.0,Juan Carlos Ferrero
119594,2001-06-18,1,102856,4150.0,Gustavo Kuerten
119595,2001-06-18,2,101736,3795.0,Andre Agassi
119596,2001-06-18,3,103498,3590.0,Marat Safin
119597,2001-06-18,4,103507,2830.0,Juan Carlos Ferrero
119598,2001-06-18,5,101948,2790.0,Pete Sampras
121219,2001-06-25,1,102856,4150.0,Gustavo Kuerten
121220,2001-06-25,2,101736,3795.0,Andre Agassi
121221,2001-06-25,3,103498,3590.0,Marat Safin
121222,2001-06-25,4,103507,2830.0,Juan Carlos Ferrero
121223,2001-06-25,5,103720,2815.0,Lleyton Hewitt
122838,2001-07-02,1,102856,4150.0,Gustavo Kuerten
122839,2001-07-02,2,101736,3795.0,Andre Agassi
122840,2001-07-02,3,103498,3590.0,Marat Safin
122841,2001-07-02,4,103507,2830.0,Juan Carlos Ferrero
122842,2001-07-02,5,103720,2815.0,Lleyton Hewitt
124455,2001-07-09,1,102856,4075.0,Gustavo Kuerten
124456,2001-07-09,2,103498,3805.0,Marat Safin
124457,2001-07-09,3,101736,3795.0,Andre Agassi
124458,2001-07-09,4,103720,2960.0,Lleyton Hewitt
124459,2001-07-09,5,103507,2905.0,Juan Carlos Ferrero
126067,2001-07-16,1,102856,4075.0,Gustavo Kuerten
126068,2001-07-16,2,103498,3805.0,Marat Safin
126069,2001-07-16,3,101736,3795.0,Andre Agassi
126070,2001-07-16,4,103507,3025.0,Juan Carlos Ferrero
126071,2001-07-16,5,103720,2960.0,Lleyton Hewitt
127676,2001-07-23,1,102856,4265.0,Gustavo Kuerten
127677,2001-07-23,2,103498,3805.0,Marat Safin
127678,2001-07-23,3,101736,3795.0,Andre Agassi
127679,2001-07-23,4,103507,3025.0,Juan Carlos Ferrero
127680,2001-07-23,5,103720,2960.0,Lleyton Hewitt
129291,2001-07-30,1,102856,4265.0,Gustavo Kuerten
129292,2001-07-30,2,101736,3965.0,Andre Agassi
129293,2001-07-30,3,103498,3805.0,Marat Safin
129294,2001-07-30,4,103507,3025.0,Juan Carlos Ferrero
129295,2001-07-30,5,103720,2960.0,Lleyton Hewitt
130909,2001-08-06,1,102856,4305.0,Gustavo Kuerten
130910,2001-08-06,2,101736,3965.0,Andre Agassi
130911,2001-08-06,3,103498,3310.0,Marat Safin
130912,2001-08-06,4,103507,3075.0,Juan Carlos Ferrero
130913,2001-08-06,5,103720,2960.0,Lleyton Hewitt
132523,2001-08-13,1,102856,4580.0,Gustavo Kuerten
132524,2001-08-13,2,101736,3935.0,Andre Agassi
132525,2001-08-13,3,103498,3240.0,Marat Safin
132526,2001-08-13,4,103720,3180.0,Lleyton Hewitt
132527,2001-08-13,5,103507,3105.0,Juan Carlos Ferrero
134137,2001-08-20,1,102856,4505.0,Gustavo Kuerten
134138,2001-08-20,2,101736,3870.0,Andre Agassi
134139,2001-08-20,3,103498,3175.0,Marat Safin
134140,2001-08-20,4,103720,3145.0,Lleyton Hewitt
134141,2001-08-20,5,103507,3105.0,Juan Carlos Ferrero
135759,2001-08-27,1,102856,4505.0,Gustavo Kuerten
135760,2001-08-27,2,101736,3870.0,Andre Agassi
135761,2001-08-27,3,103498,3175.0,Marat Safin
135762,2001-08-27,4,103720,3145.0,Lleyton Hewitt
135763,2001-08-27,5,103507,3105.0,Juan Carlos Ferrero
137381,2001-09-03,1,102856,4505.0,Gustavo Kuerten
137382,2001-09-03,2,101736,3870.0,Andre Agassi
137383,2001-09-03,3,103498,3175.0,Marat Safin
137384,2001-09-03,4,103720,3145.0,Lleyton Hewitt
137385,2001-09-03,5,103507,3105.0,Juan Carlos Ferrero
139001,2001-09-10,1,102856,4750.0,Gustavo Kuerten
139002,2001-09-10,2,101736,4085.0,Andre Agassi
139003,2001-09-10,3,103720,3695.0,Lleyton Hewitt
139004,2001-09-10,4,102158,3065.0,Patrick Rafter
139005,2001-09-10,5,103507,3030.0,Juan Carlos Ferrero
140632,2001-09-17,1,102856,4750.0,Gustavo Kuerten
140633,2001-09-17,2,101736,4085.0,Andre Agassi
140634,2001-09-17,3,103720,3695.0,Lleyton Hewitt
140635,2001-09-17,4,102158,3065.0,Patrick Rafter
140636,2001-09-17,5,103507,3030.0,Juan Carlos Ferrero
142259,2001-09-24,1,102856,4750.0,Gustavo Kuerten
142260,2001-09-24,2,101736,4085.0,Andre Agassi
142261,2001-09-24,3,103720,3695.0,Lleyton Hewitt
142262,2001-09-24,4,102158,3065.0,Patrick Rafter
142263,2001-09-24,5,103507,3030.0,Juan Carlos Ferrero
143926,2001-10-01,1,102856,4725.0,Gustavo Kuerten
143927,2001-10-01,2,101736,4085.0,Andre Agassi
143928,2001-10-01,3,103720,3695.0,Lleyton Hewitt
143929,2001-10-01,4,102158,3065.0,Patrick Rafter
143930,2001-10-01,5,103507,2990.0,Juan Carlos Ferrero
145585,2001-10-08,1,102856,4725.0,Gustavo Kuerten
145586,2001-10-08,2,101736,4085.0,Andre Agassi
145587,2001-10-08,3,103720,3870.0,Lleyton Hewitt
145588,2001-10-08,4,102158,3015.0,Patrick Rafter
145589,2001-10-08,5,103507,2990.0,Juan Carlos Ferrero
147237,2001-10-15,1,102856,4725.0,Gustavo Kuerten
147238,2001-10-15,2,101736,4085.0,Andre Agassi
147239,2001-10-15,3,103720,3870.0,Lleyton Hewitt
147240,2001-10-15,4,102158,3015.0,Patrick Rafter
147241,2001-10-15,5,103507,2990.0,Juan Carlos Ferrero
148883,2001-10-22,1,102856,4655.0,Gustavo Kuerten
148884,2001-10-22,2,101736,4085.0,Andre Agassi
148885,2001-10-22,3,103720,3985.0,Lleyton Hewitt
148886,2001-10-22,4,102158,3010.0,Patrick Rafter
148887,2001-10-22,5,103507,2990.0,Juan Carlos Ferrero
150526,2001-10-29,1,102856,4655.0,Gustavo Kuerten
150527,2001-10-29,2,101736,4085.0,Andre Agassi
150528,2001-10-29,3,103720,3985.0,Lleyton Hewitt
150529,2001-10-29,4,102158,3010.0,Patrick Rafter
150530,2001-10-29,5,103507,2990.0,Juan Carlos Ferrero
152189,2001-11-05,1,102856,4005.0,Gustavo Kuerten
152190,2001-11-05,2,103720,3615.0,Lleyton Hewitt
152191,2001-11-05,3,101736,3515.0,Andre Agassi
152192,2001-11-05,4,103507,3005.0,Juan Carlos Ferrero
152193,2001-11-05,5,102158,2985.0,Patrick Rafter
153853,2001-11-12,1,102856,4005.0,Gustavo Kuerten
153854,2001-11-12,2,103720,3615.0,Lleyton Hewitt
153855,2001-11-12,3,101736,3420.0,Andre Agassi
153856,2001-11-12,4,103507,3005.0,Juan Carlos Ferrero
153857,2001-11-12,5,102158,2855.0,Patrick Rafter
155503,2001-11-19,1,103720,4365.0,Lleyton Hewitt
155504,2001-11-19,2,102856,3855.0,Gustavo Kuerten
155505,2001-11-19,3,101736,3520.0,Andre Agassi
155506,2001-11-19,4,102338,3145.0,Yevgeny Kafelnikov
155507,2001-11-19,5,103507,3040.0,Juan Carlos Ferrero
157158,2001-11-26,1,103720,4365.0,Lleyton Hewitt
157159,2001-11-26,2,102856,3855.0,Gustavo Kuerten
157160,2001-11-26,3,101736,3520.0,Andre Agassi
157161,2001-11-26,4,102338,3090.0,Yevgeny Kafelnikov
157162,2001-11-26,5,103507,3040.0,Juan Carlos Ferrero
158821,2001-12-03,1,103720,4365.0,Lleyton Hewitt
158822,2001-12-03,2,102856,3855.0,Gustavo Kuerten
158823,2001-12-03,3,101736,3520.0,Andre Agassi
158824,2001-12-03,4,102338,3090.0,Yevgeny Kafelnikov
158825,2001-12-03,5,103507,3040.0,Juan Carlos Ferrero
160486,2001-12-10,1,103720,4365.0,Lleyton Hewitt
160487,2001-12-10,2,102856,3855.0,Gustavo Kuerten
160488,2001-12-10,3,101736,3520.0,Andre Agassi
160489,2001-12-10,4,102338,3090.0,Yevgeny Kafelnikov
160490,2001-12-10,5,103507,3040.0,Juan Carlos Ferrero
162157,2001-12-17,1,103720,4365.0,Lleyton Hewitt
162158,2001-12-17,2,102856,3855.0,Gustavo Kuerten
162159,2001-12-17,3,101736,3520.0,Andre Agassi
162160,2001-12-17,4,102338,3090.0,Yevgeny Kafelnikov
162161,2001-12-17,5,103507,3040.0,Juan Carlos Ferrero
163826,2001-12-24,1,103720,4365.0,Lleyton Hewitt
163827,2001-12-24,2,102856,3855.0,Gustavo Kuerten
163828,2001-12-24,3,101736,3520.0,Andre Agassi
163829,2001-12-24,4,102338,3090.0,Yevgeny Kafelnikov
163830,2001-12-24,5,103507,3040.0,Juan Carlos Ferrero
165493,2001-12-31,1,103720,4365.0,Lleyton Hewitt
165494,2001-12-31,2,102856,3855.0,Gustavo Kuerten
165495,2001-12-31,3,101736,3520.0,Andre Agassi
165496,2001-12-31,4,102338,3090.0,Yevgeny Kafelnikov
165497,2001-12-31,5,103507,3040.0,Juan Carlos Ferrero
167160,2002-01-07,1,103720,4365.0,Lleyton Hewitt
167161,2002-01-07,2,102856,3855.0,Gustavo Kuerten
167162,2002-01-07,3,101736,3520.0,Andre Agassi
167163,2002-01-07,4,102338,3090.0,Yevgeny Kafelnikov
167164,2002-01-07,5,103507,3040.0,Juan Carlos Ferrero
168828,2002-01-14,1,103720,4230.0,Lleyton Hewitt
168829,2002-01-14,2,102856,3855.0,Gustavo Kuerten
168830,2002-01-14,3,101736,3520.0,Andre Agassi
168831,2002-01-14,4,102338,3090.0,Yevgeny Kafelnikov
168832,2002-01-14,5,103507,3040.0,Juan Carlos Ferrero
170497,2002-01-21,1,103720,4230.0,Lleyton Hewitt
170498,2002-01-21,2,102856,3855.0,Gustavo Kuerten
170499,2002-01-21,3,101736,3520.0,Andre Agassi
170500,2002-01-21,4,102338,3090.0,Yevgeny Kafelnikov
170501,2002-01-21,5,103507,3040.0,Juan Carlos Ferrero
172164,2002-01-28,1,103720,4160.0,Lleyton Hewitt
172165,2002-01-28,2,102856,3825.0,Gustavo Kuerten
172166,2002-01-28,3,103507,3005.0,Juan Carlos Ferrero
172167,2002-01-28,4,102338,2875.0,Yevgeny Kafelnikov
172168,2002-01-28,5,103163,2565.0,Tommy Haas
173829,2002-02-04,1,103720,4160.0,Lleyton Hewitt
173830,2002-02-04,2,102856,3825.0,Gustavo Kuerten
173831,2002-02-04,3,103507,3005.0,Juan Carlos Ferrero
173832,2002-02-04,4,102338,2875.0,Yevgeny Kafelnikov
173833,2002-02-04,5,103163,2565.0,Tommy Haas
175499,2002-02-11,1,103720,4160.0,Lleyton Hewitt
175500,2002-02-11,2,102856,3825.0,Gustavo Kuerten
175501,2002-02-11,3,103507,3005.0,Juan Carlos Ferrero
175502,2002-02-11,4,102338,2875.0,Yevgeny Kafelnikov
175503,2002-02-11,5,103163,2565.0,Tommy Haas
177173,2002-02-18,1,103720,4160.0,Lleyton Hewitt
177174,2002-02-18,2,102856,3825.0,Gustavo Kuerten
177175,2002-02-18,3,103507,3005.0,Juan Carlos Ferrero
177176,2002-02-18,4,102338,2775.0,Yevgeny Kafelnikov
177177,2002-02-18,5,103163,2565.0,Tommy Haas
178847,2002-02-25,1,103720,4160.0,Lleyton Hewitt
178848,2002-02-25,2,102856,3630.0,Gustavo Kuerten
178849,2002-02-25,3,103507,3005.0,Juan Carlos Ferrero
178850,2002-02-25,4,102338,2775.0,Yevgeny Kafelnikov
178851,2002-02-25,5,101736,2520.0,Andre Agassi
180513,2002-03-04,1,103720,4295.0,Lleyton Hewitt
180514,2002-03-04,2,102856,3385.0,Gustavo Kuerten
180515,2002-03-04,3,102338,2775.0,Yevgeny Kafelnikov
180516,2002-03-04,4,103507,2760.0,Juan Carlos Ferrero
180517,2002-03-04,5,101736,2520.0,Andre Agassi
182178,2002-03-11,1,103720,4245.0,Lleyton Hewitt
182179,2002-03-11,2,102856,3385.0,Gustavo Kuerten
182180,2002-03-11,3,102338,2775.0,Yevgeny Kafelnikov
182181,2002-03-11,4,103507,2760.0,Juan Carlos Ferrero
182182,2002-03-11,5,101736,2690.0,Andre Agassi
183846,2002-03-18,1,103720,4520.0,Lleyton Hewitt
183847,2002-03-18,2,102856,3310.0,Gustavo Kuerten
183848,2002-03-18,3,103507,2760.0,Juan Carlos Ferrero
183849,2002-03-18,4,102338,2675.0,Yevgeny Kafelnikov
183850,2002-03-18,5,103163,2515.0,Tommy Haas
185516,2002-03-25,1,103720,4520.0,Lleyton Hewitt
185517,2002-03-25,2,102856,3310.0,Gustavo Kuerten
185518,2002-03-25,3,103507,2760.0,Juan Carlos Ferrero
185519,2002-03-25,4,102338,2675.0,Yevgeny Kafelnikov
185520,2002-03-25,5,103163,2515.0,Tommy Haas
187184,2002-04-01,1,103720,4520.0,Lleyton Hewitt
187185,2002-04-01,2,102856,3275.0,Gustavo Kuerten
187186,2002-04-01,3,103507,2720.0,Juan Carlos Ferrero
187187,2002-04-01,4,102338,2675.0,Yevgeny Kafelnikov
187188,2002-04-01,5,102450,2545.0,Tim Henman
188858,2002-04-08,1,103720,4520.0,Lleyton Hewitt
188859,2002-04-08,2,102856,3275.0,Gustavo Kuerten
188860,2002-04-08,3,103507,2720.0,Juan Carlos Ferrero
188861,2002-04-08,4,102338,2675.0,Yevgeny Kafelnikov
188862,2002-04-08,5,102450,2545.0,Tim Henman
190528,2002-04-15,1,103720,4520.0,Lleyton Hewitt
190529,2002-04-15,2,102856,3275.0,Gustavo Kuerten
190530,2002-04-15,3,102338,2675.0,Yevgeny Kafelnikov
190531,2002-04-15,4,103507,2560.0,Juan Carlos Ferrero
190532,2002-04-15,5,102450,2545.0,Tim Henman
192203,2002-04-22,1,103720,4525.0,Lleyton Hewitt
192204,2002-04-22,2,103507,3025.0,Juan Carlos Ferrero
192205,2002-04-22,3,102856,2775.0,Gustavo Kuerten
192206,2002-04-22,4,102338,2675.0,Yevgeny Kafelnikov
192207,2002-04-22,5,102450,2645.0,Tim Henman
193881,2002-04-29,1,103720,4635.0,Lleyton Hewitt
193882,2002-04-29,2,102856,2775.0,Gustavo Kuerten
193883,2002-04-29,3,103507,2765.0,Juan Carlos Ferrero
193884,2002-04-29,4,102338,2675.0,Yevgeny Kafelnikov
193885,2002-04-29,5,102450,2645.0,Tim Henman
195470,2002-05-06,1,103720,4635.0,Lleyton Hewitt
195471,2002-05-06,2,102856,2810.0,Gustavo Kuerten
195472,2002-05-06,3,103507,2765.0,Juan Carlos Ferrero
195473,2002-05-06,4,102338,2675.0,Yevgeny Kafelnikov
195474,2002-05-06,5,102450,2645.0,Tim Henman
197158,2002-05-13,1,103720,4595.0,Lleyton Hewitt
197159,2002-05-13,2,103163,2840.0,Tommy Haas
197160,2002-05-13,3,101736,2760.0,Andre Agassi
197161,2002-05-13,4,102338,2675.0,Yevgeny Kafelnikov
197162,2002-05-13,5,103498,2620.0,Marat Safin
198844,2002-05-20,1,103720,4495.0,Lleyton Hewitt
198845,2002-05-20,2,103498,2935.0,Marat Safin
198846,2002-05-20,3,103163,2880.0,Tommy Haas
198847,2002-05-20,4,101736,2725.0,Andre Agassi
198848,2002-05-20,5,102338,2675.0,Yevgeny Kafelnikov
200530,2002-05-27,1,103720,4495.0,Lleyton Hewitt
200531,2002-05-27,2,103498,2935.0,Marat Safin
200532,2002-05-27,3,103163,2880.0,Tommy Haas
200533,2002-05-27,4,101736,2725.0,Andre Agassi
200534,2002-05-27,5,102338,2675.0,Yevgeny Kafelnikov
202225,2002-06-03,1,103720,4495.0,Lleyton Hewitt
202226,2002-06-03,2,103498,2935.0,Marat Safin
202227,2002-06-03,3,103163,2880.0,Tommy Haas
202228,2002-06-03,4,101736,2725.0,Andre Agassi
202229,2002-06-03,5,102338,2675.0,Yevgeny Kafelnikov
203918,2002-06-10,1,103720,4395.0,Lleyton Hewitt
203919,2002-06-10,2,103498,3310.0,Marat Safin
203920,2002-06-10,3,103163,2995.0,Tommy Haas
203921,2002-06-10,4,101736,2725.0,Andre Agassi
203922,2002-06-10,5,102450,2605.0,Tim Henman
205605,2002-06-17,1,103720,4395.0,Lleyton Hewitt
205606,2002-06-17,2,103498,3310.0,Marat Safin
205607,2002-06-17,3,103163,2995.0,Tommy Haas
205608,2002-06-17,4,101736,2725.0,Andre Agassi
205609,2002-06-17,5,102450,2605.0,Tim Henman
207296,2002-06-24,1,103720,4260.0,Lleyton Hewitt
207297,2002-06-24,2,103498,3310.0,Marat Safin
207298,2002-06-24,3,103163,2995.0,Tommy Haas
207299,2002-06-24,4,101736,2725.0,Andre Agassi
207300,2002-06-24,5,102450,2605.0,Tim Henman
208980,2002-07-01,1,103720,4260.0,Lleyton Hewitt
208981,2002-07-01,2,103498,3310.0,Marat Safin
208982,2002-07-01,3,103163,2995.0,Tommy Haas
208983,2002-07-01,4,101736,2725.0,Andre Agassi
208984,2002-07-01,5,102450,2605.0,Tim Henman
210663,2002-07-08,1,103720,5110.0,Lleyton Hewitt
210664,2002-07-08,2,103498,3095.0,Marat Safin
210665,2002-07-08,3,103163,2990.0,Tommy Haas
210666,2002-07-08,4,102450,2605.0,Tim Henman
210667,2002-07-08,5,102338,2575.0,Yevgeny Kafelnikov
212073,2002-07-15,1,103720,5110.0,Lleyton Hewitt
212074,2002-07-15,2,103498,3095.0,Marat Safin
212075,2002-07-15,3,103163,2990.0,Tommy Haas
212076,2002-07-15,4,102450,2605.0,Tim Henman
212077,2002-07-15,5,102338,2575.0,Yevgeny Kafelnikov
213771,2002-07-22,1,103720,5110.0,Lleyton Hewitt
213772,2002-07-22,2,103498,3095.0,Marat Safin
213773,2002-07-22,3,103163,2990.0,Tommy Haas
213774,2002-07-22,4,102450,2605.0,Tim Henman
213775,2002-07-22,5,102338,2575.0,Yevgeny Kafelnikov
215175,2002-07-29,1,103720,5110.0,Lleyton Hewitt
215176,2002-07-29,2,103498,3095.0,Marat Safin
215177,2002-07-29,3,103163,2990.0,Tommy Haas
215178,2002-07-29,4,102450,2605.0,Tim Henman
215179,2002-07-29,5,102338,2575.0,Yevgeny Kafelnikov
216575,2002-08-05,1,103720,5080.0,Lleyton Hewitt
216576,2002-08-05,2,103498,3215.0,Marat Safin
216577,2002-08-05,3,103163,2990.0,Tommy Haas
216578,2002-08-05,4,102450,2645.0,Tim Henman
216579,2002-08-05,5,102338,2645.0,Yevgeny Kafelnikov
217979,2002-08-12,1,103720,5205.0,Lleyton Hewitt
217980,2002-08-12,2,103498,3215.0,Marat Safin
217981,2002-08-12,3,103163,2960.0,Tommy Haas
217982,2002-08-12,4,102338,2525.0,Yevgeny Kafelnikov
217983,2002-08-12,5,102450,2455.0,Tim Henman
219388,2002-08-19,1,103720,5205.0,Lleyton Hewitt
219389,2002-08-19,2,103498,3130.0,Marat Safin
219390,2002-08-19,3,103163,3030.0,Tommy Haas
219391,2002-08-19,4,102338,2525.0,Yevgeny Kafelnikov
219392,2002-08-19,5,102450,2455.0,Tim Henman
220797,2002-08-26,1,103720,5205.0,Lleyton Hewitt
220798,2002-08-26,2,103498,3130.0,Marat Safin
220799,2002-08-26,3,103163,2945.0,Tommy Haas
220800,2002-08-26,4,102338,2525.0,Yevgeny Kafelnikov
220801,2002-08-26,5,102450,2455.0,Tim Henman
222210,2002-09-02,1,103720,5205.0,Lleyton Hewitt
222211,2002-09-02,2,103498,3130.0,Marat Safin
222212,2002-09-02,3,103163,2945.0,Tommy Haas
222213,2002-09-02,4,102338,2525.0,Yevgeny Kafelnikov
222214,2002-09-02,5,102450,2455.0,Tim Henman
223622,2002-09-09,1,103720,4655.0,Lleyton Hewitt
223623,2002-09-09,2,103163,2945.0,Tommy Haas
223624,2002-09-09,3,101736,2875.0,Andre Agassi
223625,2002-09-09,4,103498,2715.0,Marat Safin
223626,2002-09-09,5,102450,2455.0,Tim Henman
225039,2002-09-16,1,103720,4655.0,Lleyton Hewitt
225040,2002-09-16,2,103163,2945.0,Tommy Haas
225041,2002-09-16,3,101736,2875.0,Andre Agassi
225042,2002-09-16,4,103498,2580.0,Marat Safin
225043,2002-09-16,5,102450,2455.0,Tim Henman
226454,2002-09-23,1,103720,4655.0,Lleyton Hewitt
226455,2002-09-23,2,103163,2945.0,Tommy Haas
226456,2002-09-23,3,101736,2875.0,Andre Agassi
226457,2002-09-23,4,103498,2580.0,Marat Safin
226458,2002-09-23,5,102450,2455.0,Tim Henman
228158,2002-09-30,1,103720,4655.0,Lleyton Hewitt
228159,2002-09-30,2,103163,2945.0,Tommy Haas
228160,2002-09-30,3,101736,2875.0,Andre Agassi
228161,2002-09-30,4,103498,2580.0,Marat Safin
228162,2002-09-30,5,102450,2455.0,Tim Henman
229860,2002-10-07,1,103720,4465.0,Lleyton Hewitt
229861,2002-10-07,2,103163,2875.0,Tommy Haas
229862,2002-10-07,3,101736,2875.0,Andre Agassi
229863,2002-10-07,4,103498,2665.0,Marat Safin
229864,2002-10-07,5,102450,2455.0,Tim Henman
231554,2002-10-14,1,103720,4465.0,Lleyton Hewitt
231555,2002-10-14,2,101736,2875.0,Andre Agassi
231556,2002-10-14,3,103163,2665.0,Tommy Haas
231557,2002-10-14,4,103498,2620.0,Marat Safin
231558,2002-10-14,5,102450,2455.0,Tim Henman
233252,2002-10-21,1,103720,4240.0,Lleyton Hewitt
233253,2002-10-21,2,101736,3370.0,Andre Agassi
233254,2002-10-21,3,103498,2620.0,Marat Safin
233255,2002-10-21,4,103507,2525.0,Juan Carlos Ferrero
233256,2002-10-21,5,102562,2355.0,Jiri Novak
234952,2002-10-28,1,103720,4240.0,Lleyton Hewitt
234953,2002-10-28,2,101736,3370.0,Andre Agassi
234954,2002-10-28,3,103507,2610.0,Juan Carlos Ferrero
234955,2002-10-28,4,103206,2465.0,Sebastien Grosjean
234956,2002-10-28,5,103498,2420.0,Marat Safin
236628,2002-11-04,1,103720,3835.0,Lleyton Hewitt
236629,2002-11-04,2,101736,3395.0,Andre Agassi
236630,2002-11-04,3,103498,2845.0,Marat Safin
236631,2002-11-04,4,103507,2340.0,Juan Carlos Ferrero
236632,2002-11-04,5,102845,2330.0,Carlos Moya
238307,2002-11-11,1,103720,3835.0,Lleyton Hewitt
238308,2002-11-11,2,101736,3395.0,Andre Agassi
238309,2002-11-11,3,103498,2845.0,Marat Safin
238310,2002-11-11,4,103507,2340.0,Juan Carlos Ferrero
238311,2002-11-11,5,102845,2330.0,Carlos Moya
239991,2002-11-18,1,103720,4485.0,Lleyton Hewitt
239992,2002-11-18,2,101736,3395.0,Andre Agassi
239993,2002-11-18,3,103498,2845.0,Marat Safin
239994,2002-11-18,4,103507,2740.0,Juan Carlos Ferrero
239995,2002-11-18,5,102845,2630.0,Carlos Moya
241675,2002-11-25,1,103720,4485.0,Lleyton Hewitt
241676,2002-11-25,2,101736,3395.0,Andre Agassi
241677,2002-11-25,3,103498,2845.0,Marat Safin
241678,2002-11-25,4,103507,2740.0,Juan Carlos Ferrero
241679,2002-11-25,5,102845,2630.0,Carlos Moya
243353,2002-12-02,1,103720,4485.0,Lleyton Hewitt
243354,2002-12-02,2,101736,3395.0,Andre Agassi
243355,2002-12-02,3,103498,2845.0,Marat Safin
243356,2002-12-02,4,103507,2740.0,Juan Carlos Ferrero
243357,2002-12-02,5,102845,2630.0,Carlos Moya
245026,2002-12-09,1,103720,4485.0,Lleyton Hewitt
245027,2002-12-09,2,101736,3395.0,Andre Agassi
245028,2002-12-09,3,103498,2845.0,Marat Safin
245029,2002-12-09,4,103507,2740.0,Juan Carlos Ferrero
245030,2002-12-09,5,102845,2630.0,Carlos Moya
246685,2002-12-16,1,103720,4485.0,Lleyton Hewitt
246686,2002-12-16,2,101736,3395.0,Andre Agassi
246687,2002-12-16,3,103498,2845.0,Marat Safin
246688,2002-12-16,4,103507,2740.0,Juan Carlos Ferrero
246689,2002-12-16,5,102845,2630.0,Carlos Moya
248347,2002-12-23,1,103720,4485.0,Lleyton Hewitt
248348,2002-12-23,2,101736,3395.0,Andre Agassi
248349,2002-12-23,3,103498,2845.0,Marat Safin
248350,2002-12-23,4,103507,2740.0,Juan Carlos Ferrero
248351,2002-12-23,5,102845,2630.0,Carlos Moya
250009,2002-12-30,1,103720,4485.0,Lleyton Hewitt
250010,2002-12-30,2,101736,3395.0,Andre Agassi
250011,2002-12-30,3,103498,2845.0,Marat Safin
250012,2002-12-30,4,103507,2740.0,Juan Carlos Ferrero
250013,2002-12-30,5,102845,2630.0,Carlos Moya
251671,2003-01-06,1,103720,4485.0,Lleyton Hewitt
251672,2003-01-06,2,101736,3395.0,Andre Agassi
251673,2003-01-06,3,103498,2845.0,Marat Safin
251674,2003-01-06,4,103507,2740.0,Juan Carlos Ferrero
251675,2003-01-06,5,102845,2630.0,Carlos Moya
253336,2003-01-13,1,103720,4485.0,Lleyton Hewitt
253337,2003-01-13,2,101736,3395.0,Andre Agassi
253338,2003-01-13,3,103498,2860.0,Marat Safin
253339,2003-01-13,4,103507,2835.0,Juan Carlos Ferrero
253340,2003-01-13,5,102845,2630.0,Carlos Moya
255001,2003-01-20,1,103720,4485.0,Lleyton Hewitt
255002,2003-01-20,2,101736,3395.0,Andre Agassi
255003,2003-01-20,3,103498,2860.0,Marat Safin
255004,2003-01-20,4,103507,2835.0,Juan Carlos Ferrero
255005,2003-01-20,5,102845,2630.0,Carlos Moya
256665,2003-01-27,1,103720,4630.0,Lleyton Hewitt
256666,2003-01-27,2,101736,4395.0,Andre Agassi
256667,2003-01-27,3,103507,3085.0,Juan Carlos Ferrero
256668,2003-01-27,4,102845,2630.0,Carlos Moya
256669,2003-01-27,5,103819,2475.0,Roger Federer
258331,2003-02-03,1,103720,4630.0,Lleyton Hewitt
258332,2003-02-03,2,101736,4395.0,Andre Agassi
258333,2003-02-03,3,103507,3085.0,Juan Carlos Ferrero
258334,2003-02-03,4,102845,2630.0,Carlos Moya
258335,2003-02-03,5,104053,2460.0,Andy Roddick
259995,2003-02-10,1,103720,4630.0,Lleyton Hewitt
259996,2003-02-10,2,101736,4395.0,Andre Agassi
259997,2003-02-10,3,103507,3085.0,Juan Carlos Ferrero
259998,2003-02-10,4,102845,2630.0,Carlos Moya
259999,2003-02-10,5,104053,2460.0,Andy Roddick
261664,2003-02-17,1,103720,4630.0,Lleyton Hewitt
261665,2003-02-17,2,101736,4495.0,Andre Agassi
261666,2003-02-17,3,103507,3070.0,Juan Carlos Ferrero
261667,2003-02-17,4,102845,2630.0,Carlos Moya
261668,2003-02-17,5,103819,2530.0,Roger Federer
263333,2003-02-24,1,103720,4630.0,Lleyton Hewitt
263334,2003-02-24,2,101736,4495.0,Andre Agassi
263335,2003-02-24,3,103507,3105.0,Juan Carlos Ferrero
263336,2003-02-24,4,102845,2695.0,Carlos Moya
263337,2003-02-24,5,103819,2580.0,Roger Federer
265002,2003-03-03,1,103720,4480.0,Lleyton Hewitt
265003,2003-03-03,2,101736,4450.0,Andre Agassi
265004,2003-03-03,3,103507,3105.0,Juan Carlos Ferrero
265005,2003-03-03,4,103819,2780.0,Roger Federer
265006,2003-03-03,5,102845,2555.0,Carlos Moya
266671,2003-03-10,1,103720,4630.0,Lleyton Hewitt
266672,2003-03-10,2,101736,4300.0,Andre Agassi
266673,2003-03-10,3,103507,3105.0,Juan Carlos Ferrero
266674,2003-03-10,4,103819,2780.0,Roger Federer
266675,2003-03-10,5,102845,2555.0,Carlos Moya
268337,2003-03-17,1,103720,4630.0,Lleyton Hewitt
268338,2003-03-17,2,101736,4295.0,Andre Agassi
268339,2003-03-17,3,103507,3135.0,Juan Carlos Ferrero
268340,2003-03-17,4,103819,2740.0,Roger Federer
268341,2003-03-17,5,102845,2625.0,Carlos Moya
270005,2003-03-24,1,103720,4630.0,Lleyton Hewitt
270006,2003-03-24,2,101736,4295.0,Andre Agassi
270007,2003-03-24,3,103507,3135.0,Juan Carlos Ferrero
270008,2003-03-24,4,103819,2740.0,Roger Federer
270009,2003-03-24,5,102845,2625.0,Carlos Moya
271673,2003-03-31,1,103720,4410.0,Lleyton Hewitt
271674,2003-03-31,2,101736,4295.0,Andre Agassi
271675,2003-03-31,3,103507,3135.0,Juan Carlos Ferrero
271676,2003-03-31,4,102845,2970.0,Carlos Moya
271677,2003-03-31,5,103819,2515.0,Roger Federer
273338,2003-04-07,1,103720,4410.0,Lleyton Hewitt
273339,2003-04-07,2,101736,4295.0,Andre Agassi
273340,2003-04-07,3,103507,3135.0,Juan Carlos Ferrero
273341,2003-04-07,4,102845,2970.0,Carlos Moya
273342,2003-04-07,5,103819,2515.0,Roger Federer
275005,2003-04-14,1,103720,4410.0,Lleyton Hewitt
275006,2003-04-14,2,101736,4295.0,Andre Agassi
275007,2003-04-14,3,103507,3135.0,Juan Carlos Ferrero
275008,2003-04-14,4,102845,2970.0,Carlos Moya
275009,2003-04-14,5,103819,2515.0,Roger Federer
276672,2003-04-21,1,103720,4405.0,Lleyton Hewitt
276673,2003-04-21,2,101736,4295.0,Andre Agassi
276674,2003-04-21,3,103507,3135.0,Juan Carlos Ferrero
276675,2003-04-21,4,102845,2845.0,Carlos Moya
276676,2003-04-21,5,103819,2480.0,Roger Federer
278339,2003-04-28,1,101736,4395.0,Andre Agassi
278340,2003-04-28,2,103720,4295.0,Lleyton Hewitt
278341,2003-04-28,3,103507,3210.0,Juan Carlos Ferrero
278342,2003-04-28,4,102845,3035.0,Carlos Moya
278343,2003-04-28,5,103819,2480.0,Roger Federer
280012,2003-05-05,1,101736,4395.0,Andre Agassi
280013,2003-05-05,2,103720,4295.0,Lleyton Hewitt
280014,2003-05-05,3,103507,3275.0,Juan Carlos Ferrero
280015,2003-05-05,4,102845,3035.0,Carlos Moya
280016,2003-05-05,5,103819,2545.0,Roger Federer
281686,2003-05-12,1,103720,4260.0,Lleyton Hewitt
281687,2003-05-12,2,101736,3900.0,Andre Agassi
281688,2003-05-12,3,103507,3465.0,Juan Carlos Ferrero
281689,2003-05-12,4,102845,2985.0,Carlos Moya
281690,2003-05-12,5,103819,2890.0,Roger Federer
283364,2003-05-19,1,103720,4210.0,Lleyton Hewitt
283365,2003-05-19,2,101736,3900.0,Andre Agassi
283366,2003-05-19,3,103507,3460.0,Juan Carlos Ferrero
283367,2003-05-19,4,102845,2985.0,Carlos Moya
283368,2003-05-19,5,103819,2465.0,Roger Federer
285053,2003-05-26,1,103720,4210.0,Lleyton Hewitt
285054,2003-05-26,2,101736,3900.0,Andre Agassi
285055,2003-05-26,3,103507,3460.0,Juan Carlos Ferrero
285056,2003-05-26,4,102845,2985.0,Carlos Moya
285057,2003-05-26,5,103819,2465.0,Roger Federer
286738,2003-06-02,1,103720,4210.0,Lleyton Hewitt
286739,2003-06-02,2,101736,3900.0,Andre Agassi
286740,2003-06-02,3,103507,3460.0,Juan Carlos Ferrero
286741,2003-06-02,4,102845,2985.0,Carlos Moya
286742,2003-06-02,5,103819,2465.0,Roger Federer
288423,2003-06-09,1,103720,4135.0,Lleyton Hewitt
288424,2003-06-09,2,101736,3900.0,Andre Agassi
288425,2003-06-09,3,103507,3760.0,Juan Carlos Ferrero
288426,2003-06-09,4,102845,3160.0,Carlos Moya
288427,2003-06-09,5,103819,2465.0,Roger Federer
290114,2003-06-16,1,101736,3975.0,Andre Agassi
290115,2003-06-16,2,103720,3965.0,Lleyton Hewitt
290116,2003-06-16,3,103507,3760.0,Juan Carlos Ferrero
290117,2003-06-16,4,102845,3160.0,Carlos Moya
290118,2003-06-16,5,103819,2580.0,Roger Federer
291807,2003-06-23,1,101736,3975.0,Andre Agassi
291808,2003-06-23,2,103720,3940.0,Lleyton Hewitt
291809,2003-06-23,3,103507,3760.0,Juan Carlos Ferrero
291810,2003-06-23,4,102845,3160.0,Carlos Moya
291811,2003-06-23,5,103819,2580.0,Roger Federer
293506,2003-06-30,1,101736,3975.0,Andre Agassi
293507,2003-06-30,2,103720,3940.0,Lleyton Hewitt
293508,2003-06-30,3,103507,3760.0,Juan Carlos Ferrero
293509,2003-06-30,4,102845,3160.0,Carlos Moya
293510,2003-06-30,5,103819,2580.0,Roger Federer
295204,2003-07-07,1,101736,4090.0,Andre Agassi
295205,2003-07-07,2,103507,3875.0,Juan Carlos Ferrero
295206,2003-07-07,3,103819,3575.0,Roger Federer
295207,2003-07-07,4,102845,3160.0,Carlos Moya
295208,2003-07-07,5,103720,2945.0,Lleyton Hewitt
296896,2003-07-14,1,101736,4090.0,Andre Agassi
296897,2003-07-14,2,103507,3875.0,Juan Carlos Ferrero
296898,2003-07-14,3,103819,3575.0,Roger Federer
296899,2003-07-14,4,102845,3095.0,Carlos Moya
296900,2003-07-14,5,103720,2945.0,Lleyton Hewitt
298588,2003-07-21,1,101736,4090.0,Andre Agassi
298589,2003-07-21,2,103507,3875.0,Juan Carlos Ferrero
298590,2003-07-21,3,103819,3575.0,Roger Federer
298591,2003-07-21,4,102845,2995.0,Carlos Moya
298592,2003-07-21,5,103720,2945.0,Lleyton Hewitt
300284,2003-07-28,1,101736,3940.0,Andre Agassi
300285,2003-07-28,2,103507,3775.0,Juan Carlos Ferrero
300286,2003-07-28,3,103819,3575.0,Roger Federer
300287,2003-07-28,4,102845,3095.0,Carlos Moya
300288,2003-07-28,5,103720,2945.0,Lleyton Hewitt
301988,2003-08-04,1,101736,4030.0,Andre Agassi
301989,2003-08-04,2,103507,3815.0,Juan Carlos Ferrero
301990,2003-08-04,3,103819,3690.0,Roger Federer
301991,2003-08-04,4,102845,3135.0,Carlos Moya
301992,2003-08-04,5,103720,3060.0,Lleyton Hewitt
303681,2003-08-11,1,101736,4030.0,Andre Agassi
303682,2003-08-11,2,103819,3910.0,Roger Federer
303683,2003-08-11,3,103507,3665.0,Juan Carlos Ferrero
303684,2003-08-11,4,104053,3005.0,Andy Roddick
303685,2003-08-11,5,103909,2840.0,Guillermo Coria
305373,2003-08-18,1,101736,3920.0,Andre Agassi
305374,2003-08-18,2,103819,3825.0,Roger Federer
305375,2003-08-18,3,103507,3625.0,Juan Carlos Ferrero
305376,2003-08-18,4,104053,3415.0,Andy Roddick
305377,2003-08-18,5,103909,2930.0,Guillermo Coria
307069,2003-08-25,1,101736,3920.0,Andre Agassi
307070,2003-08-25,2,103819,3825.0,Roger Federer
307071,2003-08-25,3,103507,3625.0,Juan Carlos Ferrero
307072,2003-08-25,4,104053,3415.0,Andy Roddick
307073,2003-08-25,5,103909,2930.0,Guillermo Coria
308771,2003-09-01,1,101736,3920.0,Andre Agassi
308772,2003-09-01,2,103819,3825.0,Roger Federer
308773,2003-09-01,3,103507,3625.0,Juan Carlos Ferrero
308774,2003-09-01,4,104053,3415.0,Andy Roddick
308775,2003-09-01,5,103909,2930.0,Guillermo Coria
310474,2003-09-08,1,103507,4250.0,Juan Carlos Ferrero
310475,2003-09-08,2,104053,4165.0,Andy Roddick
310476,2003-09-08,3,103819,3825.0,Roger Federer
310477,2003-09-08,4,101736,3670.0,Andre Agassi
310478,2003-09-08,5,103909,3105.0,Guillermo Coria
312193,2003-09-15,1,103507,4250.0,Juan Carlos Ferrero
312194,2003-09-15,2,104053,4165.0,Andy Roddick
312195,2003-09-15,3,103819,3825.0,Roger Federer
312196,2003-09-15,4,101736,3670.0,Andre Agassi
312197,2003-09-15,5,103909,3000.0,Guillermo Coria
313920,2003-09-22,1,103507,4250.0,Juan Carlos Ferrero
313921,2003-09-22,2,104053,4165.0,Andy Roddick
313922,2003-09-22,3,103819,3825.0,Roger Federer
313923,2003-09-22,4,101736,3670.0,Andre Agassi
313924,2003-09-22,5,103909,3000.0,Guillermo Coria
315664,2003-09-29,1,103507,4195.0,Juan Carlos Ferrero
315665,2003-09-29,2,104053,4165.0,Andy Roddick
315666,2003-09-29,3,103819,3825.0,Roger Federer
315667,2003-09-29,4,101736,3670.0,Andre Agassi
315668,2003-09-29,5,103909,3000.0,Guillermo Coria
317415,2003-10-06,1,103507,4195.0,Juan Carlos Ferrero
317416,2003-10-06,2,104053,4165.0,Andy Roddick
317417,2003-10-06,3,103819,3825.0,Roger Federer
317418,2003-10-06,4,101736,3670.0,Andre Agassi
317419,2003-10-06,5,103909,3000.0,Guillermo Coria
319168,2003-10-13,1,103507,4195.0,Juan Carlos Ferrero
319169,2003-10-13,2,104053,4165.0,Andy Roddick
319170,2003-10-13,3,103819,3825.0,Roger Federer
319171,2003-10-13,4,101736,3670.0,Andre Agassi
319172,2003-10-13,5,103909,2990.0,Guillermo Coria
320922,2003-10-20,1,103507,4570.0,Juan Carlos Ferrero
320923,2003-10-20,2,104053,4235.0,Andy Roddick
320924,2003-10-20,3,103819,3925.0,Roger Federer
320925,2003-10-20,4,101736,3170.0,Andre Agassi
320926,2003-10-20,5,103909,2965.0,Guillermo Coria
322678,2003-10-27,1,103507,4535.0,Juan Carlos Ferrero
322679,2003-10-27,2,104053,4235.0,Andy Roddick
322680,2003-10-27,3,103819,3925.0,Roger Federer
322681,2003-10-27,4,103909,3175.0,Guillermo Coria
322682,2003-10-27,5,101736,3150.0,Andre Agassi
324430,2003-11-03,1,104053,4335.0,Andy Roddick
324431,2003-11-03,2,103507,4205.0,Juan Carlos Ferrero
324432,2003-11-03,3,103819,3625.0,Roger Federer
324433,2003-11-03,4,103909,3230.0,Guillermo Coria
324434,2003-11-03,5,101736,3025.0,Andre Agassi
326158,2003-11-10,1,104053,4335.0,Andy Roddick
326159,2003-11-10,2,103507,4205.0,Juan Carlos Ferrero
326160,2003-11-10,3,103819,3625.0,Roger Federer
326161,2003-11-10,4,103909,3230.0,Guillermo Coria
326162,2003-11-10,5,101736,3025.0,Andre Agassi
327877,2003-11-17,1,104053,4535.0,Andy Roddick
327878,2003-11-17,2,103819,4375.0,Roger Federer
327879,2003-11-17,3,103507,4205.0,Juan Carlos Ferrero
327880,2003-11-17,4,101736,3425.0,Andre Agassi
327881,2003-11-17,5,103909,3330.0,Guillermo Coria
329594,2003-11-24,1,104053,4535.0,Andy Roddick
329595,2003-11-24,2,103819,4375.0,Roger Federer
329596,2003-11-24,3,103507,4205.0,Juan Carlos Ferrero
329597,2003-11-24,4,101736,3425.0,Andre Agassi
329598,2003-11-24,5,103909,3330.0,Guillermo Coria
331308,2003-12-01,1,104053,4535.0,Andy Roddick
331309,2003-12-01,2,103819,4375.0,Roger Federer
331310,2003-12-01,3,103507,4205.0,Juan Carlos Ferrero
331311,2003-12-01,4,101736,3425.0,Andre Agassi
331312,2003-12-01,5,103909,3330.0,Guillermo Coria
333029,2003-12-08,1,104053,4535.0,Andy Roddick
333030,2003-12-08,2,103819,4375.0,Roger Federer
333031,2003-12-08,3,103507,4205.0,Juan Carlos Ferrero
333032,2003-12-08,4,101736,3425.0,Andre Agassi
333033,2003-12-08,5,103909,3330.0,Guillermo Coria
334764,2003-12-15,1,104053,4535.0,Andy Roddick
334765,2003-12-15,2,103819,4375.0,Roger Federer
334766,2003-12-15,3,103507,4205.0,Juan Carlos Ferrero
334767,2003-12-15,4,101736,3425.0,Andre Agassi
334768,2003-12-15,5,103909,3330.0,Guillermo Coria
336507,2003-12-22,1,104053,4535.0,Andy Roddick
336508,2003-12-22,2,103819,4375.0,Roger Federer
336509,2003-12-22,3,103507,4205.0,Juan Carlos Ferrero
336510,2003-12-22,4,101736,3425.0,Andre Agassi
336511,2003-12-22,5,103909,3330.0,Guillermo Coria
338250,2003-12-29,1,104053,4535.0,Andy Roddick
338251,2003-12-29,2,103819,4375.0,Roger Federer
338252,2003-12-29,3,103507,4205.0,Juan Carlos Ferrero
338253,2003-12-29,4,101736,3425.0,Andre Agassi
338254,2003-12-29,5,103909,3330.0,Guillermo Coria
339993,2004-01-05,1,104053,4535.0,Andy Roddick
339994,2004-01-05,2,103819,4375.0,Roger Federer
339995,2004-01-05,3,103507,4205.0,Juan Carlos Ferrero
339996,2004-01-05,4,101736,3425.0,Andre Agassi
339997,2004-01-05,5,103909,3330.0,Guillermo Coria
341736,2004-01-12,1,104053,4535.0,Andy Roddick
341737,2004-01-12,2,103819,4375.0,Roger Federer
341738,2004-01-12,3,103507,4145.0,Juan Carlos Ferrero
341739,2004-01-12,4,101736,3425.0,Andre Agassi
341740,2004-01-12,5,103909,3330.0,Guillermo Coria
343482,2004-01-19,1,104053,4535.0,Andy Roddick
343483,2004-01-19,2,103819,4375.0,Roger Federer
343484,2004-01-19,3,103507,4145.0,Juan Carlos Ferrero
343485,2004-01-19,4,101736,3425.0,Andre Agassi
343486,2004-01-19,5,103909,3330.0,Guillermo Coria
345228,2004-01-26,1,104053,4535.0,Andy Roddick
345229,2004-01-26,2,103819,4375.0,Roger Federer
345230,2004-01-26,3,103507,4145.0,Juan Carlos Ferrero
345231,2004-01-26,4,101736,3425.0,Andre Agassi
345232,2004-01-26,5,103909,3330.0,Guillermo Coria
346974,2004-02-02,1,103819,5225.0,Roger Federer
346975,2004-02-02,2,103507,4345.0,Juan Carlos Ferrero
346976,2004-02-02,3,104053,4335.0,Andy Roddick
346977,2004-02-02,4,103909,3185.0,Guillermo Coria
346978,2004-02-02,5,101736,2875.0,Andre Agassi
348713,2004-02-09,1,103819,5225.0,Roger Federer
348714,2004-02-09,2,103507,4345.0,Juan Carlos Ferrero
348715,2004-02-09,3,104053,4335.0,Andy Roddick
348716,2004-02-09,4,103909,3185.0,Guillermo Coria
348717,2004-02-09,5,101736,2875.0,Andre Agassi
350450,2004-02-16,1,103819,5170.0,Roger Federer
350451,2004-02-16,2,104053,4390.0,Andy Roddick
350452,2004-02-16,3,103507,4345.0,Juan Carlos Ferrero
350453,2004-02-16,4,103909,3185.0,Guillermo Coria
350454,2004-02-16,5,101736,2775.0,Andre Agassi
352186,2004-02-23,1,103819,5170.0,Roger Federer
352187,2004-02-23,2,103507,4460.0,Juan Carlos Ferrero
352188,2004-02-23,3,104053,4335.0,Andy Roddick
352189,2004-02-23,4,103909,3240.0,Guillermo Coria
352190,2004-02-23,5,101736,2775.0,Andre Agassi
353921,2004-03-01,1,103819,4930.0,Roger Federer
353922,2004-03-01,2,103507,4460.0,Juan Carlos Ferrero
353923,2004-03-01,3,104053,4335.0,Andy Roddick
353924,2004-03-01,4,103909,3240.0,Guillermo Coria
353925,2004-03-01,5,101736,2775.0,Andre Agassi
355654,2004-03-08,1,103819,5170.0,Roger Federer
355655,2004-03-08,2,103507,4460.0,Juan Carlos Ferrero
355656,2004-03-08,3,104053,4335.0,Andy Roddick
355657,2004-03-08,4,103909,3240.0,Guillermo Coria
355658,2004-03-08,5,101736,2770.0,Andre Agassi
357392,2004-03-15,1,103819,5170.0,Roger Federer
357393,2004-03-15,2,103507,4460.0,Juan Carlos Ferrero
357394,2004-03-15,3,104053,4335.0,Andy Roddick
357395,2004-03-15,4,103909,3240.0,Guillermo Coria
357396,2004-03-15,5,101736,2770.0,Andre Agassi
359130,2004-03-22,1,103819,5635.0,Roger Federer
359131,2004-03-22,2,103507,4425.0,Juan Carlos Ferrero
359132,2004-03-22,3,104053,4335.0,Andy Roddick
359133,2004-03-22,4,103909,3290.0,Guillermo Coria
359134,2004-03-22,5,101736,2995.0,Andre Agassi
360877,2004-03-29,1,103819,5635.0,Roger Federer
360878,2004-03-29,2,103507,4425.0,Juan Carlos Ferrero
360879,2004-03-29,3,104053,4335.0,Andy Roddick
360880,2004-03-29,4,103909,3290.0,Guillermo Coria
360881,2004-03-29,5,101736,2995.0,Andre Agassi
362625,2004-04-05,1,103819,5545.0,Roger Federer
362626,2004-04-05,2,104053,4800.0,Andy Roddick
362627,2004-04-05,3,103507,4390.0,Juan Carlos Ferrero
362628,2004-04-05,4,103909,3565.0,Guillermo Coria
362629,2004-04-05,5,101736,2570.0,Andre Agassi
364377,2004-04-12,1,103819,5545.0,Roger Federer
364378,2004-04-12,2,104053,4800.0,Andy Roddick
364379,2004-04-12,3,103507,4390.0,Juan Carlos Ferrero
364380,2004-04-12,4,103909,3565.0,Guillermo Coria
364381,2004-04-12,5,101736,2570.0,Andre Agassi
365799,2004-04-19,1,103819,5605.0,Roger Federer
365800,2004-04-19,2,104053,4915.0,Andy Roddick
365801,2004-04-19,3,103507,3965.0,Juan Carlos Ferrero
365802,2004-04-19,4,103909,3230.0,Guillermo Coria
365803,2004-04-19,5,101736,2570.0,Andre Agassi
367547,2004-04-26,1,103819,5545.0,Roger Federer
367548,2004-04-26,2,104053,4795.0,Andy Roddick
367549,2004-04-26,3,103507,3835.0,Juan Carlos Ferrero
367550,2004-04-26,4,103909,3715.0,Guillermo Coria
367551,2004-04-26,5,102783,2560.0,Rainer Schuettler
369295,2004-05-03,1,103819,5430.0,Roger Federer
369296,2004-05-03,2,104053,4795.0,Andy Roddick
369297,2004-05-03,3,103909,3715.0,Guillermo Coria
369298,2004-05-03,4,103507,3700.0,Juan Carlos Ferrero
369299,2004-05-03,5,102783,2560.0,Rainer Schuettler
371036,2004-05-10,1,103819,5115.0,Roger Federer
371037,2004-05-10,2,104053,4765.0,Andy Roddick
371038,2004-05-10,3,103909,3640.0,Guillermo Coria
371039,2004-05-10,4,103507,3475.0,Juan Carlos Ferrero
371040,2004-05-10,5,102783,2440.0,Rainer Schuettler
372777,2004-05-17,1,103819,5540.0,Roger Federer
372778,2004-05-17,2,104053,4730.0,Andy Roddick
372779,2004-05-17,3,103909,3490.0,Guillermo Coria
372780,2004-05-17,4,103507,3475.0,Juan Carlos Ferrero
372781,2004-05-17,5,102845,2460.0,Carlos Moya
374524,2004-05-24,1,103819,5540.0,Roger Federer
374525,2004-05-24,2,104053,4665.0,Andy Roddick
374526,2004-05-24,3,103909,3490.0,Guillermo Coria
374527,2004-05-24,4,103507,3475.0,Juan Carlos Ferrero
374528,2004-05-24,5,102845,2460.0,Carlos Moya
376278,2004-05-31,1,103819,5540.0,Roger Federer
376279,2004-05-31,2,104053,4665.0,Andy Roddick
376280,2004-05-31,3,103909,3490.0,Guillermo Coria
376281,2004-05-31,4,103507,3475.0,Juan Carlos Ferrero
376282,2004-05-31,5,102845,2460.0,Carlos Moya
378033,2004-06-07,1,103819,5610.0,Roger Federer
378034,2004-06-07,2,104053,4695.0,Andy Roddick
378035,2004-06-07,3,103909,3740.0,Guillermo Coria
378036,2004-06-07,4,103900,2625.0,David Nalbandian
378037,2004-06-07,5,102450,2545.0,Tim Henman
379788,2004-06-14,1,103819,5610.0,Roger Federer
379789,2004-06-14,2,104053,4695.0,Andy Roddick
379790,2004-06-14,3,103909,3740.0,Guillermo Coria
379791,2004-06-14,4,103900,2625.0,David Nalbandian
379792,2004-06-14,5,103507,2510.0,Juan Carlos Ferrero
381544,2004-06-21,1,103819,5610.0,Roger Federer
381545,2004-06-21,2,104053,4695.0,Andy Roddick
381546,2004-06-21,3,103909,3740.0,Guillermo Coria
381547,2004-06-21,4,103900,2625.0,David Nalbandian
381548,2004-06-21,5,103507,2510.0,Juan Carlos Ferrero
383299,2004-06-28,1,103819,5610.0,Roger Federer
383300,2004-06-28,2,104053,4695.0,Andy Roddick
383301,2004-06-28,3,103909,3740.0,Guillermo Coria
383302,2004-06-28,4,103900,2625.0,David Nalbandian
383303,2004-06-28,5,103507,2510.0,Juan Carlos Ferrero
385051,2004-07-05,1,103819,5610.0,Roger Federer
385052,2004-07-05,2,104053,4945.0,Andy Roddick
385053,2004-07-05,3,103909,3770.0,Guillermo Coria
385054,2004-07-05,4,102845,2610.0,Carlos Moya
385055,2004-07-05,5,102450,2505.0,Tim Henman
386819,2004-07-12,1,103819,5665.0,Roger Federer
386820,2004-07-12,2,104053,4945.0,Andy Roddick
386821,2004-07-12,3,103909,3770.0,Guillermo Coria
386822,2004-07-12,4,102845,2610.0,Carlos Moya
386823,2004-07-12,5,102450,2505.0,Tim Henman
388592,2004-07-19,1,103819,5665.0,Roger Federer
388593,2004-07-19,2,104053,4945.0,Andy Roddick
388594,2004-07-19,3,103909,3640.0,Guillermo Coria
388595,2004-07-19,4,102845,2610.0,Carlos Moya
388596,2004-07-19,5,102450,2505.0,Tim Henman
390363,2004-07-26,1,103819,5665.0,Roger Federer
390364,2004-07-26,2,104053,4945.0,Andy Roddick
390365,2004-07-26,3,103909,3355.0,Guillermo Coria
390366,2004-07-26,4,102845,2555.0,Carlos Moya
390367,2004-07-26,5,102450,2505.0,Tim Henman
392137,2004-08-02,1,103819,6105.0,Roger Federer
392138,2004-08-02,2,104053,5185.0,Andy Roddick
392139,2004-08-02,3,103909,3185.0,Guillermo Coria
392140,2004-08-02,4,102845,2510.0,Carlos Moya
392141,2004-08-02,5,103900,2465.0,David Nalbandian
393910,2004-08-09,1,103819,5885.0,Roger Federer
393911,2004-08-09,2,104053,4910.0,Andy Roddick
393912,2004-08-09,3,103909,3180.0,Guillermo Coria
393913,2004-08-09,4,102845,2630.0,Carlos Moya
393914,2004-08-09,5,102450,2380.0,Tim Henman
395682,2004-08-16,1,103819,5910.0,Roger Federer
395683,2004-08-16,2,104053,4520.0,Andy Roddick
395684,2004-08-16,3,103909,3070.0,Guillermo Coria
395685,2004-08-16,4,102845,2745.0,Carlos Moya
395686,2004-08-16,5,102450,2380.0,Tim Henman
397453,2004-08-23,1,103819,5910.0,Roger Federer
397454,2004-08-23,2,104053,4520.0,Andy Roddick
397455,2004-08-23,3,103909,3070.0,Guillermo Coria
397456,2004-08-23,4,102845,2745.0,Carlos Moya
397457,2004-08-23,5,103720,2430.0,Lleyton Hewitt
399224,2004-08-30,1,103819,5910.0,Roger Federer
399225,2004-08-30,2,104053,4520.0,Andy Roddick
399226,2004-08-30,3,103909,3070.0,Guillermo Coria
399227,2004-08-30,4,102845,2745.0,Carlos Moya
399228,2004-08-30,5,103720,2605.0,Lleyton Hewitt
400666,2004-09-06,1,103819,5910.0,Roger Federer
400667,2004-09-06,2,104053,4520.0,Andy Roddick
400668,2004-09-06,3,103909,3070.0,Guillermo Coria
400669,2004-09-06,4,102845,2745.0,Carlos Moya
400670,2004-09-06,5,103720,2605.0,Lleyton Hewitt
402443,2004-09-13,1,103819,6760.0,Roger Federer
402444,2004-09-13,2,104053,3770.0,Andy Roddick
402445,2004-09-13,3,103720,3055.0,Lleyton Hewitt
402446,2004-09-13,4,102450,2825.0,Tim Henman
402447,2004-09-13,5,103909,2820.0,Guillermo Coria
404214,2004-09-20,1,103819,6760.0,Roger Federer
404215,2004-09-20,2,104053,3770.0,Andy Roddick
404216,2004-09-20,3,103720,3055.0,Lleyton Hewitt
404217,2004-09-20,4,102450,2825.0,Tim Henman
404218,2004-09-20,5,103909,2820.0,Guillermo Coria
405985,2004-09-27,1,103819,6760.0,Roger Federer
405986,2004-09-27,2,104053,3770.0,Andy Roddick
405987,2004-09-27,3,103720,3055.0,Lleyton Hewitt
405988,2004-09-27,4,102450,2825.0,Tim Henman
405989,2004-09-27,5,103909,2820.0,Guillermo Coria
407741,2004-10-04,1,103819,6875.0,Roger Federer
407742,2004-10-04,2,104053,3780.0,Andy Roddick
407743,2004-10-04,3,103720,3055.0,Lleyton Hewitt
407744,2004-10-04,4,102450,2825.0,Tim Henman
407745,2004-10-04,5,103909,2820.0,Guillermo Coria
409495,2004-10-11,1,103819,6685.0,Roger Federer
409496,2004-10-11,2,104053,3780.0,Andy Roddick
409497,2004-10-11,3,103720,3065.0,Lleyton Hewitt
409498,2004-10-11,4,103909,2820.0,Guillermo Coria
409499,2004-10-11,5,102450,2720.0,Tim Henman
411256,2004-10-18,1,103819,6485.0,Roger Federer
411257,2004-10-18,2,104053,3815.0,Andy Roddick
411258,2004-10-18,3,103720,3165.0,Lleyton Hewitt
411259,2004-10-18,4,103909,2825.0,Guillermo Coria
411260,2004-10-18,5,102450,2720.0,Tim Henman
413036,2004-10-25,1,103819,6460.0,Roger Federer
413037,2004-10-25,2,104053,3705.0,Andy Roddick
413038,2004-10-25,3,103720,3065.0,Lleyton Hewitt
413039,2004-10-25,4,102450,2735.0,Tim Henman
413040,2004-10-25,5,103909,2575.0,Guillermo Coria
414812,2004-11-01,1,103819,6360.0,Roger Federer
414813,2004-11-01,2,104053,3555.0,Andy Roddick
414814,2004-11-01,3,103720,3165.0,Lleyton Hewitt
414815,2004-11-01,4,102845,2595.0,Carlos Moya
414816,2004-11-01,5,103909,2505.0,Guillermo Coria
416593,2004-11-08,1,103819,5585.0,Roger Federer
416594,2004-11-08,2,104053,3355.0,Andy Roddick
416595,2004-11-08,3,103720,3190.0,Lleyton Hewitt
416596,2004-11-08,4,103498,2860.0,Marat Safin
416597,2004-11-08,5,102845,2420.0,Carlos Moya
418375,2004-11-15,1,103819,5585.0,Roger Federer
418376,2004-11-15,2,104053,3355.0,Andy Roddick
418377,2004-11-15,3,103720,3190.0,Lleyton Hewitt
418378,2004-11-15,4,103498,2860.0,Marat Safin
418379,2004-11-15,5,102845,2420.0,Carlos Moya
420159,2004-11-22,1,103819,6335.0,Roger Federer
420160,2004-11-22,2,104053,3655.0,Andy Roddick
420161,2004-11-22,3,103720,3590.0,Lleyton Hewitt
420162,2004-11-22,4,103498,3060.0,Marat Safin
420163,2004-11-22,5,102845,2520.0,Carlos Moya
421958,2004-11-29,1,103819,6335.0,Roger Federer
421959,2004-11-29,2,104053,3655.0,Andy Roddick
421960,2004-11-29,3,103720,3590.0,Lleyton Hewitt
421961,2004-11-29,4,103498,3060.0,Marat Safin
421962,2004-11-29,5,102845,2520.0,Carlos Moya
423777,2004-12-06,1,103819,6335.0,Roger Federer
423778,2004-12-06,2,104053,3655.0,Andy Roddick
423779,2004-12-06,3,103720,3590.0,Lleyton Hewitt
423780,2004-12-06,4,103498,3060.0,Marat Safin
423781,2004-12-06,5,102845,2520.0,Carlos Moya
425596,2004-12-13,1,103819,6335.0,Roger Federer
425597,2004-12-13,2,104053,3655.0,Andy Roddick
425598,2004-12-13,3,103720,3590.0,Lleyton Hewitt
425599,2004-12-13,4,103498,3060.0,Marat Safin
425600,2004-12-13,5,102845,2520.0,Carlos Moya
427415,2004-12-20,1,103819,6335.0,Roger Federer
427416,2004-12-20,2,104053,3655.0,Andy Roddick
427417,2004-12-20,3,103720,3590.0,Lleyton Hewitt
427418,2004-12-20,4,103498,3060.0,Marat Safin
427419,2004-12-20,5,102845,2520.0,Carlos Moya
429241,2004-12-27,1,103819,6335.0,Roger Federer
429242,2004-12-27,2,104053,3655.0,Andy Roddick
429243,2004-12-27,3,103720,3590.0,Lleyton Hewitt
429244,2004-12-27,4,103498,3060.0,Marat Safin
429245,2004-12-27,5,102845,2520.0,Carlos Moya
431060,2005-01-03,1,103819,6335.0,Roger Federer
431061,2005-01-03,2,104053,3655.0,Andy Roddick
431062,2005-01-03,3,103720,3590.0,Lleyton Hewitt
431063,2005-01-03,4,103498,3060.0,Marat Safin
431064,2005-01-03,5,102845,2520.0,Carlos Moya
432879,2005-01-10,1,103819,6525.0,Roger Federer
432880,2005-01-10,2,104053,3655.0,Andy Roddick
432881,2005-01-10,3,103720,3590.0,Lleyton Hewitt
432882,2005-01-10,4,103498,3060.0,Marat Safin
432883,2005-01-10,5,102845,2520.0,Carlos Moya
434700,2005-01-17,1,103819,6525.0,Roger Federer
434701,2005-01-17,2,104053,3655.0,Andy Roddick
434702,2005-01-17,3,103720,3590.0,Lleyton Hewitt
434703,2005-01-17,4,103498,3060.0,Marat Safin
434704,2005-01-17,5,102845,2475.0,Carlos Moya
436522,2005-01-24,1,103819,6525.0,Roger Federer
436523,2005-01-24,2,104053,3655.0,Andy Roddick
436524,2005-01-24,3,103720,3590.0,Lleyton Hewitt
436525,2005-01-24,4,103498,3060.0,Marat Safin
436526,2005-01-24,5,102845,2475.0,Carlos Moya
438337,2005-01-31,1,103819,5975.0,Roger Federer
438338,2005-01-31,2,103720,4140.0,Lleyton Hewitt
438339,2005-01-31,3,104053,3855.0,Andy Roddick
438340,2005-01-31,4,103498,3360.0,Marat Safin
438341,2005-01-31,5,103909,2570.0,Guillermo Coria
440166,2005-02-07,1,103819,5975.0,Roger Federer
440167,2005-02-07,2,103720,4140.0,Lleyton Hewitt
440168,2005-02-07,3,104053,3855.0,Andy Roddick
440169,2005-02-07,4,103498,3360.0,Marat Safin
440170,2005-02-07,5,103909,2570.0,Guillermo Coria
441999,2005-02-14,1,103819,5975.0,Roger Federer
442000,2005-02-14,2,103720,4140.0,Lleyton Hewitt
442001,2005-02-14,3,104053,3855.0,Andy Roddick
442002,2005-02-14,4,103498,3360.0,Marat Safin
442003,2005-02-14,5,103909,2570.0,Guillermo Coria
443840,2005-02-21,1,103819,6050.0,Roger Federer
443841,2005-02-21,2,103720,3990.0,Lleyton Hewitt
443842,2005-02-21,3,104053,3855.0,Andy Roddick
443843,2005-02-21,4,103498,3360.0,Marat Safin
443844,2005-02-21,5,103909,2420.0,Guillermo Coria
445684,2005-02-28,1,103819,6175.0,Roger Federer
445685,2005-02-28,2,103720,3990.0,Lleyton Hewitt
445686,2005-02-28,3,104053,3855.0,Andy Roddick
445687,2005-02-28,4,103498,3360.0,Marat Safin
445688,2005-02-28,5,103909,2410.0,Guillermo Coria
447529,2005-03-07,1,103819,6050.0,Roger Federer
447530,2005-03-07,2,103720,3990.0,Lleyton Hewitt
447531,2005-03-07,3,104053,3855.0,Andy Roddick
447532,2005-03-07,4,103498,3360.0,Marat Safin
447533,2005-03-07,5,103909,2410.0,Guillermo Coria
449373,2005-03-14,1,103819,6050.0,Roger Federer
449374,2005-03-14,2,103720,3990.0,Lleyton Hewitt
449375,2005-03-14,3,104053,3855.0,Andy Roddick
449376,2005-03-14,4,103498,3360.0,Marat Safin
449377,2005-03-14,5,103909,2410.0,Guillermo Coria
451210,2005-03-21,1,103819,6050.0,Roger Federer
451211,2005-03-21,2,103720,4305.0,Lleyton Hewitt
451212,2005-03-21,3,104053,3955.0,Andy Roddick
451213,2005-03-21,4,103498,3360.0,Marat Safin
451214,2005-03-21,5,103909,2360.0,Guillermo Coria
453055,2005-03-28,1,103819,6050.0,Roger Federer
453056,2005-03-28,2,103720,4305.0,Lleyton Hewitt
453057,2005-03-28,3,104053,3955.0,Andy Roddick
453058,2005-03-28,4,103498,3360.0,Marat Safin
453059,2005-03-28,5,103909,2360.0,Guillermo Coria
454893,2005-04-04,1,103819,6515.0,Roger Federer
454894,2005-04-04,2,103720,4270.0,Lleyton Hewitt
454895,2005-04-04,3,104053,3460.0,Andy Roddick
454896,2005-04-04,4,103498,3390.0,Marat Safin
454897,2005-04-04,5,102450,2275.0,Tim Henman
456733,2005-04-11,1,103819,6515.0,Roger Federer
456734,2005-04-11,2,103720,4270.0,Lleyton Hewitt
456735,2005-04-11,3,104053,3460.0,Andy Roddick
456736,2005-04-11,4,103498,3390.0,Marat Safin
456737,2005-04-11,5,102450,2275.0,Tim Henman
458572,2005-04-18,1,103819,6465.0,Roger Federer
458573,2005-04-18,2,103720,4170.0,Lleyton Hewitt
458574,2005-04-18,3,103498,3345.0,Marat Safin
458575,2005-04-18,4,104053,3340.0,Andy Roddick
458576,2005-04-18,5,103909,2390.0,Guillermo Coria
460414,2005-04-25,1,103819,6640.0,Roger Federer
460415,2005-04-25,2,103720,4195.0,Lleyton Hewitt
460416,2005-04-25,3,104053,3515.0,Andy Roddick
460417,2005-04-25,4,103498,3145.0,Marat Safin
460418,2005-04-25,5,103292,2310.0,Gaston Gaudio
462256,2005-05-02,1,103819,6640.0,Roger Federer
462257,2005-05-02,2,103720,4195.0,Lleyton Hewitt
462258,2005-05-02,3,104053,3515.0,Andy Roddick
462259,2005-05-02,4,103498,3145.0,Marat Safin
462260,2005-05-02,5,103292,2300.0,Gaston Gaudio
464104,2005-05-09,1,103819,6605.0,Roger Federer
464105,2005-05-09,2,103720,4160.0,Lleyton Hewitt
464106,2005-05-09,3,104053,3585.0,Andy Roddick
464107,2005-05-09,4,103498,3105.0,Marat Safin
464108,2005-05-09,5,104745,2600.0,Rafael Nadal
465946,2005-05-16,1,103819,6605.0,Roger Federer
465947,2005-05-16,2,103720,3935.0,Lleyton Hewitt
465948,2005-05-16,3,104053,3590.0,Andy Roddick
465949,2005-05-16,4,103498,3065.0,Marat Safin
465950,2005-05-16,5,104745,2600.0,Rafael Nadal
467798,2005-05-23,1,103819,6605.0,Roger Federer
467799,2005-05-23,2,103720,3935.0,Lleyton Hewitt
467800,2005-05-23,3,104053,3590.0,Andy Roddick
467801,2005-05-23,4,103498,3065.0,Marat Safin
467802,2005-05-23,5,104745,2600.0,Rafael Nadal
469656,2005-05-30,1,103819,6605.0,Roger Federer
469657,2005-05-30,2,103720,3935.0,Lleyton Hewitt
469658,2005-05-30,3,104053,3590.0,Andy Roddick
469659,2005-05-30,4,103498,3065.0,Marat Safin
469660,2005-05-30,5,104745,2600.0,Rafael Nadal
471508,2005-06-06,1,103819,6980.0,Roger Federer
471509,2005-06-06,2,103720,3685.0,Lleyton Hewitt
471510,2005-06-06,3,104745,3600.0,Rafael Nadal
471511,2005-06-06,4,104053,3590.0,Andy Roddick
471512,2005-06-06,5,103498,3065.0,Marat Safin
473379,2005-06-13,1,103819,6980.0,Roger Federer
473380,2005-06-13,2,103720,3640.0,Lleyton Hewitt
473381,2005-06-13,3,104745,3600.0,Rafael Nadal
473382,2005-06-13,4,104053,3590.0,Andy Roddick
473383,2005-06-13,5,103498,3195.0,Marat Safin
475262,2005-06-20,1,103819,6980.0,Roger Federer
475263,2005-06-20,2,103720,3640.0,Lleyton Hewitt
475264,2005-06-20,3,104745,3600.0,Rafael Nadal
475265,2005-06-20,4,104053,3590.0,Andy Roddick
475266,2005-06-20,5,103498,3195.0,Marat Safin
477144,2005-06-27,1,103819,6980.0,Roger Federer
477145,2005-06-27,2,103720,3640.0,Lleyton Hewitt
477146,2005-06-27,3,104745,3600.0,Rafael Nadal
477147,2005-06-27,4,104053,3590.0,Andy Roddick
477148,2005-06-27,5,103498,3195.0,Marat Safin
479021,2005-07-04,1,103819,6980.0,Roger Federer
479022,2005-07-04,2,103720,3840.0,Lleyton Hewitt
479023,2005-07-04,3,104745,3635.0,Rafael Nadal
479024,2005-07-04,4,104053,3590.0,Andy Roddick
479025,2005-07-04,5,103498,3265.0,Marat Safin
480888,2005-07-11,1,103819,6980.0,Roger Federer
480889,2005-07-11,2,103720,3840.0,Lleyton Hewitt
480890,2005-07-11,3,104745,3750.0,Rafael Nadal
480891,2005-07-11,4,104053,3590.0,Andy Roddick
480892,2005-07-11,5,103498,3265.0,Marat Safin
482745,2005-07-18,1,103819,6980.0,Roger Federer
482746,2005-07-18,2,103720,3840.0,Lleyton Hewitt
482747,2005-07-18,3,104745,3750.0,Rafael Nadal
482748,2005-07-18,4,104053,3590.0,Andy Roddick
482749,2005-07-18,5,103498,3265.0,Marat Safin
484605,2005-07-25,1,103819,6980.0,Roger Federer
484606,2005-07-25,2,104745,3940.0,Rafael Nadal
484607,2005-07-25,3,103720,3840.0,Lleyton Hewitt
484608,2005-07-25,4,104053,3500.0,Andy Roddick
484609,2005-07-25,5,103498,3265.0,Marat Safin
486464,2005-08-01,1,103819,6505.0,Roger Federer
486465,2005-08-01,2,104745,3995.0,Rafael Nadal
486466,2005-08-01,3,103720,3805.0,Lleyton Hewitt
486467,2005-08-01,4,103498,3285.0,Marat Safin
486468,2005-08-01,5,104053,3200.0,Andy Roddick
488333,2005-08-08,1,103819,6500.0,Roger Federer
488334,2005-08-08,2,104745,4030.0,Rafael Nadal
488335,2005-08-08,3,103720,3455.0,Lleyton Hewitt
488336,2005-08-08,4,103498,3175.0,Marat Safin
488337,2005-08-08,5,104053,3175.0,Andy Roddick
490201,2005-08-15,1,103819,6500.0,Roger Federer
490202,2005-08-15,2,104745,4355.0,Rafael Nadal
490203,2005-08-15,3,103720,3460.0,Lleyton Hewitt
490204,2005-08-15,4,103498,3160.0,Marat Safin
490205,2005-08-15,5,104053,3130.0,Andy Roddick
492074,2005-08-22,1,103819,6975.0,Roger Federer
492075,2005-08-22,2,104745,4320.0,Rafael Nadal
492076,2005-08-22,3,103720,3510.0,Lleyton Hewitt
492077,2005-08-22,4,104053,3370.0,Andy Roddick
492078,2005-08-22,5,103498,3260.0,Marat Safin
493953,2005-08-29,1,103819,6975.0,Roger Federer
493954,2005-08-29,2,104745,4320.0,Rafael Nadal
493955,2005-08-29,3,104053,3370.0,Andy Roddick
493956,2005-08-29,4,103720,3335.0,Lleyton Hewitt
493957,2005-08-29,5,103498,3260.0,Marat Safin
495457,2005-09-05,1,103819,6975.0,Roger Federer
495458,2005-09-05,2,104745,4320.0,Rafael Nadal
495459,2005-09-05,3,104053,3370.0,Andy Roddick
495460,2005-09-05,4,103720,3335.0,Lleyton Hewitt
495461,2005-09-05,5,103498,3260.0,Marat Safin
496958,2005-09-12,1,103819,6975.0,Roger Federer
496959,2005-09-12,2,104745,4360.0,Rafael Nadal
496960,2005-09-12,3,103498,3255.0,Marat Safin
496961,2005-09-12,4,104053,3125.0,Andy Roddick
496962,2005-09-12,5,103720,3085.0,Lleyton Hewitt
498866,2005-09-19,1,103819,6975.0,Roger Federer
498867,2005-09-19,2,104745,4475.0,Rafael Nadal
498868,2005-09-19,3,104053,3125.0,Andy Roddick
498869,2005-09-19,4,103498,3085.0,Marat Safin
498870,2005-09-19,5,103720,3085.0,Lleyton Hewitt
500790,2005-09-26,1,103819,6975.0,Roger Federer
500791,2005-09-26,2,104745,4475.0,Rafael Nadal
500792,2005-09-26,3,104053,3125.0,Andy Roddick
500793,2005-09-26,4,103498,3085.0,Marat Safin
500794,2005-09-26,5,103720,3085.0,Lleyton Hewitt
502309,2005-10-03,1,103819,6975.0,Roger Federer
502310,2005-10-03,2,104745,4475.0,Rafael Nadal
502311,2005-10-03,3,103720,3125.0,Lleyton Hewitt
502312,2005-10-03,4,104053,3115.0,Andy Roddick
502313,2005-10-03,5,103498,3015.0,Marat Safin
503824,2005-10-10,1,103819,6975.0,Roger Federer
503825,2005-10-10,2,104745,4475.0,Rafael Nadal
503826,2005-10-10,3,104053,3115.0,Andy Roddick
503827,2005-10-10,4,103498,3015.0,Marat Safin
503828,2005-10-10,5,103720,3015.0,Lleyton Hewitt
505352,2005-10-17,1,103819,6975.0,Roger Federer
505353,2005-10-17,2,104745,4475.0,Rafael Nadal
505354,2005-10-17,3,104053,3115.0,Andy Roddick
505355,2005-10-17,4,103720,3015.0,Lleyton Hewitt
505356,2005-10-17,5,103498,2990.0,Marat Safin
506889,2005-10-24,1,103819,6975.0,Roger Federer
506890,2005-10-24,2,104745,4940.0,Rafael Nadal
506891,2005-10-24,3,104053,3120.0,Andy Roddick
506892,2005-10-24,4,103720,3015.0,Lleyton Hewitt
506893,2005-10-24,5,103498,2490.0,Marat Safin
508427,2005-10-31,1,103819,6975.0,Roger Federer
508428,2005-10-31,2,104745,4940.0,Rafael Nadal
508429,2005-10-31,3,104053,3235.0,Andy Roddick
508430,2005-10-31,4,103720,3015.0,Lleyton Hewitt
508431,2005-10-31,5,103498,2430.0,Marat Safin
509971,2005-11-07,1,103819,6225.0,Roger Federer
509972,2005-11-07,2,104745,4765.0,Rafael Nadal
509973,2005-11-07,3,104053,3085.0,Andy Roddick
509974,2005-11-07,4,103720,2490.0,Lleyton Hewitt
509975,2005-11-07,5,101736,2275.0,Andre Agassi
511513,2005-11-14,1,103819,6225.0,Roger Federer
511514,2005-11-14,2,104745,4765.0,Rafael Nadal
511515,2005-11-14,3,104053,3085.0,Andy Roddick
511516,2005-11-14,4,103720,2490.0,Lleyton Hewitt
511517,2005-11-14,5,101736,2275.0,Andre Agassi
513052,2005-11-21,1,103819,6725.0,Roger Federer
513053,2005-11-21,2,104745,4765.0,Rafael Nadal
513054,2005-11-21,3,104053,3085.0,Andy Roddick
513055,2005-11-21,4,103720,2490.0,Lleyton Hewitt
513056,2005-11-21,5,103786,2390.0,Nikolay Davydenko
514577,2005-11-28,1,103819,6725.0,Roger Federer
514578,2005-11-28,2,104745,4765.0,Rafael Nadal
514579,2005-11-28,3,104053,3085.0,Andy Roddick
514580,2005-11-28,4,103720,2490.0,Lleyton Hewitt
514581,2005-11-28,5,103786,2390.0,Nikolay Davydenko
516095,2005-12-05,1,103819,6725.0,Roger Federer
516096,2005-12-05,2,104745,4765.0,Rafael Nadal
516097,2005-12-05,3,104053,3085.0,Andy Roddick
516098,2005-12-05,4,103720,2490.0,Lleyton Hewitt
516099,2005-12-05,5,103786,2390.0,Nikolay Davydenko
517598,2005-12-12,1,103819,6725.0,Roger Federer
517599,2005-12-12,2,104745,4765.0,Rafael Nadal
517600,2005-12-12,3,104053,3085.0,Andy Roddick
517601,2005-12-12,4,103720,2490.0,Lleyton Hewitt
517602,2005-12-12,5,103786,2390.0,Nikolay Davydenko
519513,2005-12-19,1,103819,6725.0,Roger Federer
519514,2005-12-19,2,104745,4765.0,Rafael Nadal
519515,2005-12-19,3,104053,3085.0,Andy Roddick
519516,2005-12-19,4,103720,2490.0,Lleyton Hewitt
519517,2005-12-19,5,103786,2390.0,Nikolay Davydenko
521283,2005-12-26,1,103819,6725.0,Roger Federer
521284,2005-12-26,2,104745,4765.0,Rafael Nadal
521285,2005-12-26,3,104053,3085.0,Andy Roddick
521286,2005-12-26,4,103720,2490.0,Lleyton Hewitt
521287,2005-12-26,5,103786,2390.0,Nikolay Davydenko
523206,2006-01-02,1,103819,6725.0,Roger Federer
523207,2006-01-02,2,104745,4765.0,Rafael Nadal
523208,2006-01-02,3,104053,3085.0,Andy Roddick
523209,2006-01-02,4,103720,2490.0,Lleyton Hewitt
523210,2006-01-02,5,103786,2390.0,Nikolay Davydenko
525130,2006-01-09,1,103819,6725.0,Roger Federer
525131,2006-01-09,2,104745,4765.0,Rafael Nadal
525132,2006-01-09,3,104053,3085.0,Andy Roddick
525133,2006-01-09,4,103720,2465.0,Lleyton Hewitt
525134,2006-01-09,5,103900,2370.0,David Nalbandian
527051,2006-01-16,1,103819,6725.0,Roger Federer
527052,2006-01-16,2,104745,4765.0,Rafael Nadal
527053,2006-01-16,3,104053,3085.0,Andy Roddick
527054,2006-01-16,4,103900,2370.0,David Nalbandian
527055,2006-01-16,5,103786,2355.0,Nikolay Davydenko
528972,2006-01-23,1,103819,6725.0,Roger Federer
528973,2006-01-23,2,104745,4765.0,Rafael Nadal
528974,2006-01-23,3,104053,3085.0,Andy Roddick
528975,2006-01-23,4,103900,2370.0,David Nalbandian
528976,2006-01-23,5,103786,2355.0,Nikolay Davydenko
530892,2006-01-30,1,103819,7275.0,Roger Federer
530893,2006-01-30,2,104745,4615.0,Rafael Nadal
530894,2006-01-30,3,104053,2785.0,Andy Roddick
530895,2006-01-30,4,103900,2570.0,David Nalbandian
530896,2006-01-30,5,103344,2395.0,Ivan Ljubicic
532807,2006-02-06,1,103819,7275.0,Roger Federer
532808,2006-02-06,2,104745,4615.0,Rafael Nadal
532809,2006-02-06,3,104053,2785.0,Andy Roddick
532810,2006-02-06,4,103900,2570.0,David Nalbandian
532811,2006-02-06,5,103344,2395.0,Ivan Ljubicic
534720,2006-02-13,1,103819,7275.0,Roger Federer
534721,2006-02-13,2,104745,4615.0,Rafael Nadal
534722,2006-02-13,3,104053,2720.0,Andy Roddick
534723,2006-02-13,4,103900,2560.0,David Nalbandian
534724,2006-02-13,5,103344,2395.0,Ivan Ljubicic
536630,2006-02-20,1,103819,7025.0,Roger Federer
536631,2006-02-20,2,104745,4615.0,Rafael Nadal
536632,2006-02-20,3,104053,2685.0,Andy Roddick
536633,2006-02-20,4,103900,2560.0,David Nalbandian
536634,2006-02-20,5,103344,2395.0,Ivan Ljubicic
538540,2006-02-27,1,103819,6725.0,Roger Federer
538541,2006-02-27,2,104745,4455.0,Rafael Nadal
538542,2006-02-27,3,104053,2685.0,Andy Roddick
538543,2006-02-27,4,103900,2560.0,David Nalbandian
538544,2006-02-27,5,103786,2390.0,Nikolay Davydenko
540450,2006-03-06,1,103819,6935.0,Roger Federer
540451,2006-03-06,2,104745,4665.0,Rafael Nadal
540452,2006-03-06,3,104053,2685.0,Andy Roddick
540453,2006-03-06,4,103900,2560.0,David Nalbandian
540454,2006-03-06,5,103786,2390.0,Nikolay Davydenko
542362,2006-03-13,1,103819,6935.0,Roger Federer
542363,2006-03-13,2,104745,4665.0,Rafael Nadal
542364,2006-03-13,3,104053,2685.0,Andy Roddick
542365,2006-03-13,4,103900,2560.0,David Nalbandian
542366,2006-03-13,5,103786,2390.0,Nikolay Davydenko
544275,2006-03-20,1,103819,6935.0,Roger Federer
544276,2006-03-20,2,104745,4890.0,Rafael Nadal
544277,2006-03-20,3,103900,2560.0,David Nalbandian
544278,2006-03-20,4,104053,2535.0,Andy Roddick
544279,2006-03-20,5,103786,2420.0,Nikolay Davydenko
546198,2006-03-27,1,103819,6935.0,Roger Federer
546199,2006-03-27,2,104745,4890.0,Rafael Nadal
546200,2006-03-27,3,103900,2560.0,David Nalbandian
546201,2006-03-27,4,104053,2535.0,Andy Roddick
546202,2006-03-27,5,103786,2420.0,Nikolay Davydenko
548119,2006-04-03,1,103819,6935.0,Roger Federer
548120,2006-04-03,2,104745,4545.0,Rafael Nadal
548121,2006-04-03,3,103900,2750.0,David Nalbandian
548122,2006-04-03,4,104053,2655.0,Andy Roddick
548123,2006-04-03,5,103344,2570.0,Ivan Ljubicic
550058,2006-04-10,1,103819,6935.0,Roger Federer
550059,2006-04-10,2,104745,4545.0,Rafael Nadal
550060,2006-04-10,3,103900,2750.0,David Nalbandian
550061,2006-04-10,4,104053,2655.0,Andy Roddick
550062,2006-04-10,5,103344,2570.0,Ivan Ljubicic
552006,2006-04-17,1,103819,6810.0,Roger Federer
552007,2006-04-17,2,104745,4135.0,Rafael Nadal
552008,2006-04-17,3,103900,2750.0,David Nalbandian
552009,2006-04-17,4,104053,2715.0,Andy Roddick
552010,2006-04-17,5,103344,2615.0,Ivan Ljubicic
553951,2006-04-24,1,103819,7160.0,Roger Federer
553952,2006-04-24,2,104745,4335.0,Rafael Nadal
553953,2006-04-24,3,103900,2825.0,David Nalbandian
553954,2006-04-24,4,103344,2690.0,Ivan Ljubicic
553955,2006-04-24,5,104053,2540.0,Andy Roddick
555894,2006-05-01,1,103819,7160.0,Roger Federer
555895,2006-05-01,2,104745,4545.0,Rafael Nadal
555896,2006-05-01,3,103344,2690.0,Ivan Ljubicic
555897,2006-05-01,4,103900,2650.0,David Nalbandian
555898,2006-05-01,5,104053,2540.0,Andy Roddick
557843,2006-05-08,1,103819,7160.0,Roger Federer
557844,2006-05-08,2,104745,4135.0,Rafael Nadal
557845,2006-05-08,3,103900,2845.0,David Nalbandian
557846,2006-05-08,4,103344,2665.0,Ivan Ljubicic
557847,2006-05-08,5,104053,2515.0,Andy Roddick
559799,2006-05-15,1,103819,7010.0,Roger Federer
559800,2006-05-15,2,104745,4635.0,Rafael Nadal
559801,2006-05-15,3,103900,3065.0,David Nalbandian
559802,2006-05-15,4,104053,2635.0,Andy Roddick
559803,2006-05-15,5,103344,2635.0,Ivan Ljubicic
561754,2006-05-22,1,103819,7010.0,Roger Federer
561755,2006-05-22,2,104745,4545.0,Rafael Nadal
561756,2006-05-22,3,103900,3065.0,David Nalbandian
561757,2006-05-22,4,103344,2610.0,Ivan Ljubicic
561758,2006-05-22,5,104053,2585.0,Andy Roddick
563708,2006-05-29,1,103819,7010.0,Roger Federer
563709,2006-05-29,2,104745,4545.0,Rafael Nadal
563710,2006-05-29,3,103900,3065.0,David Nalbandian
563711,2006-05-29,4,103344,2610.0,Ivan Ljubicic
563712,2006-05-29,5,104053,2585.0,Andy Roddick
565685,2006-06-05,1,103819,7010.0,Roger Federer
565686,2006-06-05,2,104745,4545.0,Rafael Nadal
565687,2006-06-05,3,103900,3065.0,David Nalbandian
565688,2006-06-05,4,103344,2610.0,Ivan Ljubicic
565689,2006-06-05,5,104053,2585.0,Andy Roddick
567661,2006-06-12,1,103819,7035.0,Roger Federer
567662,2006-06-12,2,104745,4545.0,Rafael Nadal
567663,2006-06-12,3,103900,3360.0,David Nalbandian
567664,2006-06-12,4,103344,3055.0,Ivan Ljubicic
567665,2006-06-12,5,104053,2380.0,Andy Roddick
569627,2006-06-19,1,103819,7260.0,Roger Federer
569628,2006-06-19,2,104745,4545.0,Rafael Nadal
569629,2006-06-19,3,103900,3360.0,David Nalbandian
569630,2006-06-19,4,103344,3055.0,Ivan Ljubicic
569631,2006-06-19,5,104053,2430.0,Andy Roddick
571588,2006-06-26,1,103819,7260.0,Roger Federer
571589,2006-06-26,2,104745,4545.0,Rafael Nadal
571590,2006-06-26,3,103900,3360.0,David Nalbandian
571591,2006-06-26,4,103344,3055.0,Ivan Ljubicic
571592,2006-06-26,5,104053,2430.0,Andy Roddick
573566,2006-07-03,1,103819,7260.0,Roger Federer
573567,2006-07-03,2,104745,4545.0,Rafael Nadal
573568,2006-07-03,3,103900,3360.0,David Nalbandian
573569,2006-07-03,4,103344,3055.0,Ivan Ljubicic
573570,2006-07-03,5,104053,2430.0,Andy Roddick
575542,2006-07-10,1,103819,7260.0,Roger Federer
575543,2006-07-10,2,104745,5125.0,Rafael Nadal
575544,2006-07-10,3,103900,3185.0,David Nalbandian
575545,2006-07-10,4,103344,3125.0,Ivan Ljubicic
575546,2006-07-10,5,103786,2165.0,Nikolay Davydenko
577520,2006-07-17,1,103819,7260.0,Roger Federer
577521,2006-07-17,2,104745,5125.0,Rafael Nadal
577522,2006-07-17,3,103900,3185.0,David Nalbandian
577523,2006-07-17,4,103344,3125.0,Ivan Ljubicic
577524,2006-07-17,5,103786,2210.0,Nikolay Davydenko
579506,2006-07-24,1,103819,7260.0,Roger Federer
579507,2006-07-24,2,104745,4930.0,Rafael Nadal
579508,2006-07-24,3,103900,3185.0,David Nalbandian
579509,2006-07-24,4,103344,3125.0,Ivan Ljubicic
579510,2006-07-24,5,103484,2340.0,James Blake
581505,2006-07-31,1,103819,7260.0,Roger Federer
581506,2006-07-31,2,104745,4930.0,Rafael Nadal
581507,2006-07-31,3,103900,3185.0,David Nalbandian
581508,2006-07-31,4,103344,3125.0,Ivan Ljubicic
581509,2006-07-31,5,103484,2340.0,James Blake
583511,2006-08-07,1,103819,7260.0,Roger Federer
583512,2006-08-07,2,104745,4930.0,Rafael Nadal
583513,2006-08-07,3,103900,3185.0,David Nalbandian
583514,2006-08-07,4,103344,3125.0,Ivan Ljubicic
583515,2006-08-07,5,103786,2275.0,Nikolay Davydenko
585527,2006-08-14,1,103819,7760.0,Roger Federer
585528,2006-08-14,2,104745,4505.0,Rafael Nadal
585529,2006-08-14,3,103344,3195.0,Ivan Ljubicic
585530,2006-08-14,4,103900,3155.0,David Nalbandian
585531,2006-08-14,5,103484,2235.0,James Blake
587546,2006-08-21,1,103819,7295.0,Roger Federer
587547,2006-08-21,2,104745,4625.0,Rafael Nadal
587548,2006-08-21,3,103344,3315.0,Ivan Ljubicic
587549,2006-08-21,4,103900,3155.0,David Nalbandian
587550,2006-08-21,5,103484,2265.0,James Blake
589578,2006-08-28,1,103819,7295.0,Roger Federer
589579,2006-08-28,2,104745,4625.0,Rafael Nadal
589580,2006-08-28,3,103344,3315.0,Ivan Ljubicic
589581,2006-08-28,4,103900,3155.0,David Nalbandian
589582,2006-08-28,5,103990,2190.0,Tommy Robredo
591606,2006-09-04,1,103819,7295.0,Roger Federer
591607,2006-09-04,2,104745,4625.0,Rafael Nadal
591608,2006-09-04,3,103344,3315.0,Ivan Ljubicic
591609,2006-09-04,4,103900,3155.0,David Nalbandian
591610,2006-09-04,5,103990,2190.0,Tommy Robredo
593632,2006-09-11,1,103819,7295.0,Roger Federer
593633,2006-09-11,2,104745,4800.0,Rafael Nadal
593634,2006-09-11,3,103344,3245.0,Ivan Ljubicic
593635,2006-09-11,4,103900,2940.0,David Nalbandian
593636,2006-09-11,5,103786,2590.0,Nikolay Davydenko
595667,2006-09-18,1,103819,7295.0,Roger Federer
595668,2006-09-18,2,104745,4625.0,Rafael Nadal
595669,2006-09-18,3,103344,3245.0,Ivan Ljubicic
595670,2006-09-18,4,103900,2900.0,David Nalbandian
595671,2006-09-18,5,103786,2590.0,Nikolay Davydenko
597685,2006-09-25,1,103819,7295.0,Roger Federer
597686,2006-09-25,2,104745,4625.0,Rafael Nadal
597687,2006-09-25,3,103344,3245.0,Ivan Ljubicic
597688,2006-09-25,4,103900,2900.0,David Nalbandian
597689,2006-09-25,5,103786,2590.0,Nikolay Davydenko
599708,2006-10-02,1,103819,7120.0,Roger Federer
599709,2006-10-02,2,104745,4625.0,Rafael Nadal
599710,2006-10-02,3,103344,3315.0,Ivan Ljubicic
599711,2006-10-02,4,103900,2900.0,David Nalbandian
599712,2006-10-02,5,103786,2590.0,Nikolay Davydenko
601618,2006-10-09,1,103819,7370.0,Roger Federer
601619,2006-10-09,2,104745,4625.0,Rafael Nadal
601620,2006-10-09,3,103344,3190.0,Ivan Ljubicic
601621,2006-10-09,4,103900,2900.0,David Nalbandian
601622,2006-10-09,5,103786,2590.0,Nikolay Davydenko
603621,2006-10-16,1,103819,7370.0,Roger Federer
603622,2006-10-16,2,104745,4645.0,Rafael Nadal
603623,2006-10-16,3,103344,3190.0,Ivan Ljubicic
603624,2006-10-16,4,103900,2900.0,David Nalbandian
603625,2006-10-16,5,103786,2720.0,Nikolay Davydenko
605616,2006-10-23,1,103819,7870.0,Roger Federer
605617,2006-10-23,2,104745,4270.0,Rafael Nadal
605618,2006-10-23,3,103900,2900.0,David Nalbandian
605619,2006-10-23,4,103344,2845.0,Ivan Ljubicic
605620,2006-10-23,5,104053,2705.0,Andy Roddick
607617,2006-10-30,1,103819,8120.0,Roger Federer
607618,2006-10-30,2,104745,4270.0,Rafael Nadal
607619,2006-10-30,3,103900,2850.0,David Nalbandian
607620,2006-10-30,4,103344,2845.0,Ivan Ljubicic
607621,2006-10-30,5,103786,2650.0,Nikolay Davydenko
609608,2006-11-06,1,103819,7620.0,Roger Federer
609609,2006-11-06,2,104745,4270.0,Rafael Nadal
609610,2006-11-06,3,103786,2725.0,Nikolay Davydenko
609611,2006-11-06,4,103344,2395.0,Ivan Ljubicic
609612,2006-11-06,5,104053,2315.0,Andy Roddick
611600,2006-11-13,1,103819,7620.0,Roger Federer
611601,2006-11-13,2,104745,4270.0,Rafael Nadal
611602,2006-11-13,3,103786,2725.0,Nikolay Davydenko
611603,2006-11-13,4,103344,2395.0,Ivan Ljubicic
611604,2006-11-13,5,104053,2315.0,Andy Roddick
613586,2006-11-20,1,103819,8370.0,Roger Federer
613587,2006-11-20,2,104745,4470.0,Rafael Nadal
613588,2006-11-20,3,103786,2825.0,Nikolay Davydenko
613589,2006-11-20,4,103484,2530.0,James Blake
613590,2006-11-20,5,103344,2495.0,Ivan Ljubicic
615560,2006-11-27,1,103819,8370.0,Roger Federer
615561,2006-11-27,2,104745,4470.0,Rafael Nadal
615562,2006-11-27,3,103786,2825.0,Nikolay Davydenko
615563,2006-11-27,4,103484,2530.0,James Blake
615564,2006-11-27,5,103344,2495.0,Ivan Ljubicic
617521,2006-12-04,1,103819,8370.0,Roger Federer
617522,2006-12-04,2,104745,4470.0,Rafael Nadal
617523,2006-12-04,3,103786,2825.0,Nikolay Davydenko
617524,2006-12-04,4,103484,2530.0,James Blake
617525,2006-12-04,5,103344,2495.0,Ivan Ljubicic
619492,2006-12-11,1,103819,8370.0,Roger Federer
619493,2006-12-11,2,104745,4470.0,Rafael Nadal
619494,2006-12-11,3,103786,2825.0,Nikolay Davydenko
619495,2006-12-11,4,103484,2530.0,James Blake
619496,2006-12-11,5,103344,2495.0,Ivan Ljubicic
621464,2006-12-18,1,103819,8370.0,Roger Federer
621465,2006-12-18,2,104745,4470.0,Rafael Nadal
621466,2006-12-18,3,103786,2825.0,Nikolay Davydenko
621467,2006-12-18,4,103484,2530.0,James Blake
621468,2006-12-18,5,103344,2495.0,Ivan Ljubicic
623442,2006-12-25,1,103819,8370.0,Roger Federer
623443,2006-12-25,2,104745,4470.0,Rafael Nadal
623444,2006-12-25,3,103786,2825.0,Nikolay Davydenko
623445,2006-12-25,4,103484,2530.0,James Blake
623446,2006-12-25,5,103344,2495.0,Ivan Ljubicic
625420,2007-01-01,1,103819,8370.0,Roger Federer
625421,2007-01-01,2,104745,4470.0,Rafael Nadal
625422,2007-01-01,3,103786,2825.0,Nikolay Davydenko
625423,2007-01-01,4,103484,2530.0,James Blake
625424,2007-01-01,5,103344,2495.0,Ivan Ljubicic
627398,2007-01-08,1,103819,8120.0,Roger Federer
627399,2007-01-08,2,104745,4525.0,Rafael Nadal
627400,2007-01-08,3,103786,2825.0,Nikolay Davydenko
627401,2007-01-08,4,103344,2570.0,Ivan Ljubicic
627402,2007-01-08,5,103484,2530.0,James Blake
629372,2007-01-15,1,103819,8120.0,Roger Federer
629373,2007-01-15,2,104745,4525.0,Rafael Nadal
629374,2007-01-15,3,103786,2825.0,Nikolay Davydenko
629375,2007-01-15,4,103344,2570.0,Ivan Ljubicic
629376,2007-01-15,5,103484,2530.0,James Blake
631347,2007-01-22,1,103819,8120.0,Roger Federer
631348,2007-01-22,2,104745,4525.0,Rafael Nadal
631349,2007-01-22,3,103786,2825.0,Nikolay Davydenko
631350,2007-01-22,4,103344,2570.0,Ivan Ljubicic
631351,2007-01-22,5,103484,2530.0,James Blake
633322,2007-01-29,1,103819,8120.0,Roger Federer
633323,2007-01-29,2,104745,4775.0,Rafael Nadal
633324,2007-01-29,3,103786,2825.0,Nikolay Davydenko
633325,2007-01-29,4,104053,2715.0,Andy Roddick
633326,2007-01-29,5,103602,2710.0,Fernando Gonzalez
635293,2007-02-05,1,103819,8120.0,Roger Federer
635294,2007-02-05,2,104745,4775.0,Rafael Nadal
635295,2007-02-05,3,103786,2825.0,Nikolay Davydenko
635296,2007-02-05,4,104053,2715.0,Andy Roddick
635297,2007-02-05,5,103602,2685.0,Fernando Gonzalez
636830,2007-02-12,1,103819,8120.0,Roger Federer
636831,2007-02-12,2,104745,4775.0,Rafael Nadal
636832,2007-02-12,3,103786,2825.0,Nikolay Davydenko
636833,2007-02-12,4,104053,2715.0,Andy Roddick
636834,2007-02-12,5,103602,2685.0,Fernando Gonzalez
638737,2007-02-19,1,103819,8120.0,Roger Federer
638738,2007-02-19,2,104745,4705.0,Rafael Nadal
638739,2007-02-19,3,103786,2825.0,Nikolay Davydenko
638740,2007-02-19,4,104053,2715.0,Andy Roddick
638741,2007-02-19,5,103602,2685.0,Fernando Gonzalez
640702,2007-02-26,1,103819,8120.0,Roger Federer
640703,2007-02-26,2,104745,4705.0,Rafael Nadal
640704,2007-02-26,3,104053,2830.0,Andy Roddick
640705,2007-02-26,4,103786,2825.0,Nikolay Davydenko
640706,2007-02-26,5,103602,2685.0,Fernando Gonzalez
642663,2007-03-05,1,103819,8210.0,Roger Federer
642664,2007-03-05,2,104745,4480.0,Rafael Nadal
642665,2007-03-05,3,104053,2830.0,Andy Roddick
642666,2007-03-05,4,103786,2825.0,Nikolay Davydenko
642667,2007-03-05,5,103602,2685.0,Fernando Gonzalez
644612,2007-03-12,1,103819,8210.0,Roger Federer
644613,2007-03-12,2,104745,4480.0,Rafael Nadal
644614,2007-03-12,3,104053,2830.0,Andy Roddick
644615,2007-03-12,4,103786,2825.0,Nikolay Davydenko
644616,2007-03-12,5,103602,2685.0,Fernando Gonzalez
646561,2007-03-19,1,103819,7715.0,Roger Federer
646562,2007-03-19,2,104745,4755.0,Rafael Nadal
646563,2007-03-19,3,104053,2980.0,Andy Roddick
646564,2007-03-19,4,103786,2865.0,Nikolay Davydenko
646565,2007-03-19,5,103602,2755.0,Fernando Gonzalez
648491,2007-03-26,1,103819,7715.0,Roger Federer
648492,2007-03-26,2,104745,4755.0,Rafael Nadal
648493,2007-03-26,3,104053,2980.0,Andy Roddick
648494,2007-03-26,4,103786,2865.0,Nikolay Davydenko
648495,2007-03-26,5,103602,2755.0,Fernando Gonzalez
650421,2007-04-02,1,103819,7290.0,Roger Federer
650422,2007-04-02,2,104745,4875.0,Rafael Nadal
650423,2007-04-02,3,104053,2980.0,Andy Roddick
650424,2007-04-02,4,103786,2825.0,Nikolay Davydenko
650425,2007-04-02,5,103602,2755.0,Fernando Gonzalez
652357,2007-04-09,1,103819,7290.0,Roger Federer
652358,2007-04-09,2,104745,4875.0,Rafael Nadal
652359,2007-04-09,3,104053,2980.0,Andy Roddick
652360,2007-04-09,4,103786,2825.0,Nikolay Davydenko
652361,2007-04-09,5,103602,2755.0,Fernando Gonzalez
654279,2007-04-16,1,103819,7290.0,Roger Federer
654280,2007-04-16,2,104745,4875.0,Rafael Nadal
654281,2007-04-16,3,104053,2980.0,Andy Roddick
654282,2007-04-16,4,103786,2825.0,Nikolay Davydenko
654283,2007-04-16,5,103602,2755.0,Fernando Gonzalez
656200,2007-04-23,1,103819,7290.0,Roger Federer
656201,2007-04-23,2,104745,4875.0,Rafael Nadal
656202,2007-04-23,3,104053,2980.0,Andy Roddick
656203,2007-04-23,4,103786,2825.0,Nikolay Davydenko
656204,2007-04-23,5,103990,2595.0,Tommy Robredo
658123,2007-04-30,1,103819,7290.0,Roger Federer
658124,2007-04-30,2,104745,4875.0,Rafael Nadal
658125,2007-04-30,3,104053,2980.0,Andy Roddick
658126,2007-04-30,4,103786,2825.0,Nikolay Davydenko
658127,2007-04-30,5,104925,2595.0,Novak Djokovic
660031,2007-05-07,1,103819,7290.0,Roger Federer
660032,2007-05-07,2,104745,4875.0,Rafael Nadal
660033,2007-05-07,3,104053,2980.0,Andy Roddick
660034,2007-05-07,4,103786,2805.0,Nikolay Davydenko
660035,2007-05-07,5,104925,2720.0,Novak Djokovic
661931,2007-05-14,1,103819,7015.0,Roger Federer
661932,2007-05-14,2,104745,4875.0,Rafael Nadal
661933,2007-05-14,3,103786,2955.0,Nikolay Davydenko
661934,2007-05-14,4,104053,2930.0,Andy Roddick
661935,2007-05-14,5,103602,2760.0,Fernando Gonzalez
663829,2007-05-21,1,103819,7515.0,Roger Federer
663830,2007-05-21,2,104745,5225.0,Rafael Nadal
663831,2007-05-21,3,104053,2930.0,Andy Roddick
663832,2007-05-21,4,103786,2905.0,Nikolay Davydenko
663833,2007-05-21,5,103602,2810.0,Fernando Gonzalez
665738,2007-05-28,1,103819,7515.0,Roger Federer
665739,2007-05-28,2,104745,5225.0,Rafael Nadal
665740,2007-05-28,3,104053,2930.0,Andy Roddick
665741,2007-05-28,4,103786,2840.0,Nikolay Davydenko
665742,2007-05-28,5,103602,2810.0,Fernando Gonzalez
667647,2007-06-04,1,103819,7515.0,Roger Federer
667648,2007-06-04,2,104745,5225.0,Rafael Nadal
667649,2007-06-04,3,104053,2930.0,Andy Roddick
667650,2007-06-04,4,103786,2840.0,Nikolay Davydenko
667651,2007-06-04,5,103602,2810.0,Fernando Gonzalez
669556,2007-06-11,1,103819,7515.0,Roger Federer
669557,2007-06-11,2,104745,5225.0,Rafael Nadal
669558,2007-06-11,3,103786,3040.0,Nikolay Davydenko
669559,2007-06-11,4,104925,3010.0,Novak Djokovic
669560,2007-06-11,5,104053,2930.0,Andy Roddick
671448,2007-06-18,1,103819,7290.0,Roger Federer
671449,2007-06-18,2,104745,5225.0,Rafael Nadal
671450,2007-06-18,3,104053,3055.0,Andy Roddick
671451,2007-06-18,4,103786,3040.0,Nikolay Davydenko
671452,2007-06-18,5,104925,3010.0,Novak Djokovic
673341,2007-06-25,1,103819,7290.0,Roger Federer
673342,2007-06-25,2,104745,5225.0,Rafael Nadal
673343,2007-06-25,3,104053,3055.0,Andy Roddick
673344,2007-06-25,4,103786,3040.0,Nikolay Davydenko
673345,2007-06-25,5,104925,3010.0,Novak Djokovic
675243,2007-07-02,1,103819,7290.0,Roger Federer
675244,2007-07-02,2,104745,5225.0,Rafael Nadal
675245,2007-07-02,3,104053,3055.0,Andy Roddick
675246,2007-07-02,4,103786,3040.0,Nikolay Davydenko
675247,2007-07-02,5,104925,3010.0,Novak Djokovic
677145,2007-07-09,1,103819,7290.0,Roger Federer
677146,2007-07-09,2,104745,5225.0,Rafael Nadal
677147,2007-07-09,3,104925,3310.0,Novak Djokovic
677148,2007-07-09,4,104053,3230.0,Andy Roddick
677149,2007-07-09,5,103786,3185.0,Nikolay Davydenko
679048,2007-07-16,1,103819,7290.0,Roger Federer
679049,2007-07-16,2,104745,5225.0,Rafael Nadal
679050,2007-07-16,3,104925,3310.0,Novak Djokovic
679051,2007-07-16,4,104053,3230.0,Andy Roddick
679052,2007-07-16,5,103786,3175.0,Nikolay Davydenko
680948,2007-07-23,1,103819,7290.0,Roger Federer
680949,2007-07-23,2,104745,5455.0,Rafael Nadal
680950,2007-07-23,3,104925,3245.0,Novak Djokovic
680951,2007-07-23,4,103786,3175.0,Nikolay Davydenko
680952,2007-07-23,5,104053,3130.0,Andy Roddick
682839,2007-07-30,1,103819,7290.0,Roger Federer
682840,2007-07-30,2,104745,5455.0,Rafael Nadal
682841,2007-07-30,3,104925,3200.0,Novak Djokovic
682842,2007-07-30,4,103786,3175.0,Nikolay Davydenko
682843,2007-07-30,5,104053,3165.0,Andy Roddick
684723,2007-08-06,1,103819,7290.0,Roger Federer
684724,2007-08-06,2,104745,5455.0,Rafael Nadal
684725,2007-08-06,3,104053,3290.0,Andy Roddick
684726,2007-08-06,4,104925,3200.0,Novak Djokovic
684727,2007-08-06,5,103786,3075.0,Nikolay Davydenko
686602,2007-08-13,1,103819,7140.0,Roger Federer
686603,2007-08-13,2,104745,5605.0,Rafael Nadal
686604,2007-08-13,3,104925,3700.0,Novak Djokovic
686605,2007-08-13,4,104053,3415.0,Andy Roddick
686606,2007-08-13,5,103786,3195.0,Nikolay Davydenko
688475,2007-08-20,1,103819,7605.0,Roger Federer
688476,2007-08-20,2,104745,5485.0,Rafael Nadal
688477,2007-08-20,3,104925,3670.0,Novak Djokovic
688478,2007-08-20,4,103786,3415.0,Nikolay Davydenko
688479,2007-08-20,5,104053,2990.0,Andy Roddick
690337,2007-08-27,1,103819,7605.0,Roger Federer
690338,2007-08-27,2,104745,5485.0,Rafael Nadal
690339,2007-08-27,3,104925,3670.0,Novak Djokovic
690340,2007-08-27,4,103786,3255.0,Nikolay Davydenko
690341,2007-08-27,5,104053,2990.0,Andy Roddick
692195,2007-09-03,1,103819,7605.0,Roger Federer
692196,2007-09-03,2,104745,5485.0,Rafael Nadal
692197,2007-09-03,3,104925,3670.0,Novak Djokovic
692198,2007-09-03,4,103786,3255.0,Nikolay Davydenko
692199,2007-09-03,5,104053,2990.0,Andy Roddick
694053,2007-09-10,1,103819,7605.0,Roger Federer
694054,2007-09-10,2,104745,5385.0,Rafael Nadal
694055,2007-09-10,3,104925,4295.0,Novak Djokovic
694056,2007-09-10,4,103786,3255.0,Nikolay Davydenko
694057,2007-09-10,5,104053,2540.0,Andy Roddick
695913,2007-09-17,1,103819,7605.0,Roger Federer
695914,2007-09-17,2,104745,5385.0,Rafael Nadal
695915,2007-09-17,3,104925,4295.0,Novak Djokovic
695916,2007-09-17,4,103786,3255.0,Nikolay Davydenko
695917,2007-09-17,5,104053,2540.0,Andy Roddick
697781,2007-09-24,1,103819,7605.0,Roger Federer
697782,2007-09-24,2,104745,5385.0,Rafael Nadal
697783,2007-09-24,3,104925,4295.0,Novak Djokovic
697784,2007-09-24,4,103786,3255.0,Nikolay Davydenko
697785,2007-09-24,5,104053,2540.0,Andy Roddick
699635,2007-10-01,1,103819,7605.0,Roger Federer
699636,2007-10-01,2,104745,5385.0,Rafael Nadal
699637,2007-10-01,3,104925,4295.0,Novak Djokovic
699638,2007-10-01,4,103786,3255.0,Nikolay Davydenko
699639,2007-10-01,5,104053,2540.0,Andy Roddick
701486,2007-10-08,1,103819,7355.0,Roger Federer
701487,2007-10-08,2,104745,5385.0,Rafael Nadal
701488,2007-10-08,3,104925,4145.0,Novak Djokovic
701489,2007-10-08,4,103786,3255.0,Nikolay Davydenko
701490,2007-10-08,5,104053,2540.0,Andy Roddick
703340,2007-10-15,1,103819,7355.0,Roger Federer
703341,2007-10-15,2,104745,5385.0,Rafael Nadal
703342,2007-10-15,3,104925,4370.0,Novak Djokovic
703343,2007-10-15,4,103786,3255.0,Nikolay Davydenko
703344,2007-10-15,5,104053,2505.0,Andy Roddick
705189,2007-10-22,1,103819,7205.0,Roger Federer
705190,2007-10-22,2,104745,5385.0,Rafael Nadal
705191,2007-10-22,3,104925,4470.0,Novak Djokovic
705192,2007-10-22,4,103786,3250.0,Nikolay Davydenko
705193,2007-10-22,5,104053,2430.0,Andy Roddick
707025,2007-10-29,1,103819,7205.0,Roger Federer
707026,2007-10-29,2,104745,5385.0,Rafael Nadal
707027,2007-10-29,3,104925,4470.0,Novak Djokovic
707028,2007-10-29,4,103786,3250.0,Nikolay Davydenko
707029,2007-10-29,5,104053,2430.0,Andy Roddick
708862,2007-11-05,1,103819,6530.0,Roger Federer
708863,2007-11-05,2,104745,5535.0,Rafael Nadal
708864,2007-11-05,3,104925,4470.0,Novak Djokovic
708865,2007-11-05,4,103786,2725.0,Nikolay Davydenko
708866,2007-11-05,5,104053,2330.0,Andy Roddick
710705,2007-11-12,1,103819,6530.0,Roger Federer
710706,2007-11-12,2,104745,5535.0,Rafael Nadal
710707,2007-11-12,3,104925,4470.0,Novak Djokovic
710708,2007-11-12,4,103786,2725.0,Nikolay Davydenko
710709,2007-11-12,5,104053,2330.0,Andy Roddick
712547,2007-11-19,1,103819,7180.0,Roger Federer
712548,2007-11-19,2,104745,5735.0,Rafael Nadal
712549,2007-11-19,3,104925,4470.0,Novak Djokovic
712550,2007-11-19,4,103786,2825.0,Nikolay Davydenko
712551,2007-11-19,5,103970,2750.0,David Ferrer
714389,2007-11-26,1,103819,7180.0,Roger Federer
714390,2007-11-26,2,104745,5735.0,Rafael Nadal
714391,2007-11-26,3,104925,4470.0,Novak Djokovic
714392,2007-11-26,4,103786,2825.0,Nikolay Davydenko
714393,2007-11-26,5,103970,2750.0,David Ferrer
716233,2007-12-03,1,103819,7180.0,Roger Federer
716234,2007-12-03,2,104745,5735.0,Rafael Nadal
716235,2007-12-03,3,104925,4470.0,Novak Djokovic
716236,2007-12-03,4,103786,2825.0,Nikolay Davydenko
716237,2007-12-03,5,103970,2750.0,David Ferrer
718071,2007-12-10,1,103819,7180.0,Roger Federer
718072,2007-12-10,2,104745,5735.0,Rafael Nadal
718073,2007-12-10,3,104925,4470.0,Novak Djokovic
718074,2007-12-10,4,103786,2825.0,Nikolay Davydenko
718075,2007-12-10,5,103970,2750.0,David Ferrer
719905,2007-12-17,1,103819,7180.0,Roger Federer
719906,2007-12-17,2,104745,5735.0,Rafael Nadal
719907,2007-12-17,3,104925,4470.0,Novak Djokovic
719908,2007-12-17,4,103786,2825.0,Nikolay Davydenko
719909,2007-12-17,5,103970,2750.0,David Ferrer
721738,2007-12-24,1,103819,7180.0,Roger Federer
721739,2007-12-24,2,104745,5735.0,Rafael Nadal
721740,2007-12-24,3,104925,4470.0,Novak Djokovic
721741,2007-12-24,4,103786,2825.0,Nikolay Davydenko
721742,2007-12-24,5,103970,2750.0,David Ferrer
723572,2007-12-31,1,103819,7180.0,Roger Federer
723573,2007-12-31,2,104745,5735.0,Rafael Nadal
723574,2007-12-31,3,104925,4470.0,Novak Djokovic
723575,2007-12-31,4,103786,2825.0,Nikolay Davydenko
723576,2007-12-31,5,103970,2750.0,David Ferrer
725407,2008-01-07,1,103819,7180.0,Roger Federer
725408,2008-01-07,2,104745,5780.0,Rafael Nadal
725409,2008-01-07,3,104925,4315.0,Novak Djokovic
725410,2008-01-07,4,103786,2825.0,Nikolay Davydenko
725411,2008-01-07,5,103970,2750.0,David Ferrer
727247,2008-01-14,1,103819,7180.0,Roger Federer
727248,2008-01-14,2,104745,5780.0,Rafael Nadal
727249,2008-01-14,3,104925,4315.0,Novak Djokovic
727250,2008-01-14,4,103786,2825.0,Nikolay Davydenko
727251,2008-01-14,5,103970,2615.0,David Ferrer
729087,2008-01-21,1,103819,7180.0,Roger Federer
729088,2008-01-21,2,104745,5780.0,Rafael Nadal
729089,2008-01-21,3,104925,4315.0,Novak Djokovic
729090,2008-01-21,4,103786,2825.0,Nikolay Davydenko
729091,2008-01-21,5,103970,2615.0,David Ferrer
730926,2008-01-28,1,103819,6630.0,Roger Federer
730927,2008-01-28,2,104745,5980.0,Rafael Nadal
730928,2008-01-28,3,104925,5165.0,Novak Djokovic
730929,2008-01-28,4,103786,2725.0,Nikolay Davydenko
730930,2008-01-28,5,103970,2715.0,David Ferrer
732773,2008-02-04,1,103819,6630.0,Roger Federer
732774,2008-02-04,2,104745,5980.0,Rafael Nadal
732775,2008-02-04,3,104925,5165.0,Novak Djokovic
732776,2008-02-04,4,103786,2725.0,Nikolay Davydenko
732777,2008-02-04,5,103970,2715.0,David Ferrer
734621,2008-02-11,1,103819,6630.0,Roger Federer
734622,2008-02-11,2,104745,5980.0,Rafael Nadal
734623,2008-02-11,3,104925,5165.0,Novak Djokovic
734624,2008-02-11,4,103786,2725.0,Nikolay Davydenko
734625,2008-02-11,5,103970,2715.0,David Ferrer
736469,2008-02-18,1,103819,6630.0,Roger Federer
736470,2008-02-18,2,104745,5980.0,Rafael Nadal
736471,2008-02-18,3,104925,5165.0,Novak Djokovic
736472,2008-02-18,4,103786,2725.0,Nikolay Davydenko
736473,2008-02-18,5,103970,2715.0,David Ferrer
738325,2008-02-25,1,103819,6630.0,Roger Federer
738326,2008-02-25,2,104745,5980.0,Rafael Nadal
738327,2008-02-25,3,104925,5070.0,Novak Djokovic
738328,2008-02-25,4,103970,2695.0,David Ferrer
738329,2008-02-25,5,103786,2640.0,Nikolay Davydenko
740182,2008-03-03,1,103819,6330.0,Roger Federer
740183,2008-03-03,2,104745,5930.0,Rafael Nadal
740184,2008-03-03,3,104925,5010.0,Novak Djokovic
740185,2008-03-03,4,103970,2695.0,David Ferrer
740186,2008-03-03,5,103786,2640.0,Nikolay Davydenko
742042,2008-03-10,1,103819,6330.0,Roger Federer
742043,2008-03-10,2,104745,5980.0,Rafael Nadal
742044,2008-03-10,3,104925,5130.0,Novak Djokovic
742045,2008-03-10,4,103786,2750.0,Nikolay Davydenko
742046,2008-03-10,5,103970,2730.0,David Ferrer
743905,2008-03-17,1,103819,6330.0,Roger Federer
743906,2008-03-17,2,104745,5980.0,Rafael Nadal
743907,2008-03-17,3,104925,5130.0,Novak Djokovic
743908,2008-03-17,4,103786,2750.0,Nikolay Davydenko
743909,2008-03-17,5,103970,2730.0,David Ferrer
745767,2008-03-24,1,103819,6550.0,Roger Federer
745768,2008-03-24,2,104745,5705.0,Rafael Nadal
745769,2008-03-24,3,104925,5280.0,Novak Djokovic
745770,2008-03-24,4,103786,2710.0,Nikolay Davydenko
745771,2008-03-24,5,103970,2640.0,David Ferrer
747629,2008-03-31,1,103819,6550.0,Roger Federer
747630,2008-03-31,2,104745,5705.0,Rafael Nadal
747631,2008-03-31,3,104925,5280.0,Novak Djokovic
747632,2008-03-31,4,103786,2710.0,Nikolay Davydenko
747633,2008-03-31,5,103970,2640.0,David Ferrer
749490,2008-04-07,1,103819,6600.0,Roger Federer
749491,2008-04-07,2,104745,5930.0,Rafael Nadal
749492,2008-04-07,3,104925,4785.0,Novak Djokovic
749493,2008-04-07,4,103786,3175.0,Nikolay Davydenko
749494,2008-04-07,5,103970,2570.0,David Ferrer
751338,2008-04-14,1,103819,6600.0,Roger Federer
751339,2008-04-14,2,104745,5930.0,Rafael Nadal
751340,2008-04-14,3,104925,4785.0,Novak Djokovic
751341,2008-04-14,4,103786,3175.0,Nikolay Davydenko
751342,2008-04-14,5,103970,2570.0,David Ferrer
753181,2008-04-21,1,103819,6425.0,Roger Federer
753182,2008-04-21,2,104745,5455.0,Rafael Nadal
753183,2008-04-21,3,104925,4725.0,Novak Djokovic
753184,2008-04-21,4,103786,3290.0,Nikolay Davydenko
753185,2008-04-21,5,103970,2620.0,David Ferrer
755018,2008-04-28,1,103819,6775.0,Roger Federer
755019,2008-04-28,2,104745,5655.0,Rafael Nadal
755020,2008-04-28,3,104925,4935.0,Novak Djokovic
755021,2008-04-28,4,103786,3440.0,Nikolay Davydenko
755022,2008-04-28,5,103970,2610.0,David Ferrer
756856,2008-05-05,1,103819,6775.0,Roger Federer
756857,2008-05-05,2,104745,5930.0,Rafael Nadal
756858,2008-05-05,3,104925,4750.0,Novak Djokovic
756859,2008-05-05,4,103786,3440.0,Nikolay Davydenko
756860,2008-05-05,5,103970,2780.0,David Ferrer
758695,2008-05-12,1,103819,6825.0,Roger Federer
758696,2008-05-12,2,104745,5435.0,Rafael Nadal
758697,2008-05-12,3,104925,5125.0,Novak Djokovic
758698,2008-05-12,4,103786,3290.0,Nikolay Davydenko
758699,2008-05-12,5,103970,2780.0,David Ferrer
760535,2008-05-19,1,103819,6675.0,Roger Federer
760536,2008-05-19,2,104745,5585.0,Rafael Nadal
760537,2008-05-19,3,104925,5225.0,Novak Djokovic
760538,2008-05-19,4,103786,3290.0,Nikolay Davydenko
760539,2008-05-19,5,103970,2730.0,David Ferrer
762390,2008-05-26,1,103819,6675.0,Roger Federer
762391,2008-05-26,2,104745,5585.0,Rafael Nadal
762392,2008-05-26,3,104925,5225.0,Novak Djokovic
762393,2008-05-26,4,103786,3425.0,Nikolay Davydenko
762394,2008-05-26,5,103970,2730.0,David Ferrer
764235,2008-06-02,1,103819,6675.0,Roger Federer
764236,2008-06-02,2,104745,5585.0,Rafael Nadal
764237,2008-06-02,3,104925,5225.0,Novak Djokovic
764238,2008-06-02,4,103786,3425.0,Nikolay Davydenko
764239,2008-06-02,5,103970,2730.0,David Ferrer
766079,2008-06-09,1,103819,6675.0,Roger Federer
766080,2008-06-09,2,104745,5585.0,Rafael Nadal
766081,2008-06-09,3,104925,5225.0,Novak Djokovic
766082,2008-06-09,4,103786,3050.0,Nikolay Davydenko
766083,2008-06-09,5,103970,2905.0,David Ferrer
767926,2008-06-16,1,103819,6900.0,Roger Federer
767927,2008-06-16,2,104745,5755.0,Rafael Nadal
767928,2008-06-16,3,104925,5360.0,Novak Djokovic
767929,2008-06-16,4,103786,3115.0,Nikolay Davydenko
767930,2008-06-16,5,103970,2905.0,David Ferrer
769777,2008-06-23,1,103819,6900.0,Roger Federer
769778,2008-06-23,2,104745,5755.0,Rafael Nadal
769779,2008-06-23,3,104925,5360.0,Novak Djokovic
769780,2008-06-23,4,103786,3115.0,Nikolay Davydenko
769781,2008-06-23,5,103970,3005.0,David Ferrer
771633,2008-06-30,1,103819,6900.0,Roger Federer
771634,2008-06-30,2,104745,5755.0,Rafael Nadal
771635,2008-06-30,3,104925,5360.0,Novak Djokovic
771636,2008-06-30,4,103786,3115.0,Nikolay Davydenko
771637,2008-06-30,5,103970,3005.0,David Ferrer
773490,2008-07-07,1,103819,6600.0,Roger Federer
773491,2008-07-07,2,104745,6055.0,Rafael Nadal
773492,2008-07-07,3,104925,4945.0,Novak Djokovic
773493,2008-07-07,4,103970,3045.0,David Ferrer
773494,2008-07-07,5,103786,2970.0,Nikolay Davydenko
775361,2008-07-14,1,103819,6600.0,Roger Federer
775362,2008-07-14,2,104745,6055.0,Rafael Nadal
775363,2008-07-14,3,104925,4945.0,Novak Djokovic
775364,2008-07-14,4,103786,2970.0,Nikolay Davydenko
775365,2008-07-14,5,103970,2945.0,David Ferrer
777248,2008-07-21,1,103819,6600.0,Roger Federer
777249,2008-07-21,2,104745,5830.0,Rafael Nadal
777250,2008-07-21,3,104925,4945.0,Novak Djokovic
777251,2008-07-21,4,103786,2970.0,Nikolay Davydenko
777252,2008-07-21,5,103970,2945.0,David Ferrer
779143,2008-07-28,1,103819,6605.0,Roger Federer
779144,2008-07-28,2,104745,6305.0,Rafael Nadal
779145,2008-07-28,3,104925,5055.0,Novak Djokovic
779146,2008-07-28,4,103970,2945.0,David Ferrer
779147,2008-07-28,5,103786,2925.0,Nikolay Davydenko
781043,2008-08-04,1,103819,6680.0,Roger Federer
781044,2008-08-04,2,104745,6455.0,Rafael Nadal
781045,2008-08-04,3,104925,5390.0,Novak Djokovic
781046,2008-08-04,4,103786,2795.0,Nikolay Davydenko
781047,2008-08-04,5,103970,2775.0,David Ferrer
782938,2008-08-11,1,103819,6330.0,Roger Federer
782939,2008-08-11,2,104745,6305.0,Rafael Nadal
782940,2008-08-11,3,104925,4905.0,Novak Djokovic
782941,2008-08-11,4,103970,2915.0,David Ferrer
782942,2008-08-11,5,103786,2805.0,Nikolay Davydenko
784829,2008-08-18,1,104745,6700.0,Rafael Nadal
784830,2008-08-18,2,103819,5930.0,Roger Federer
784831,2008-08-18,3,104925,5105.0,Novak Djokovic
784832,2008-08-18,4,103970,2865.0,David Ferrer
784833,2008-08-18,5,103786,2700.0,Nikolay Davydenko
786719,2008-08-25,1,104745,6700.0,Rafael Nadal
786720,2008-08-25,2,103819,5930.0,Roger Federer
786721,2008-08-25,3,104925,5105.0,Novak Djokovic
786722,2008-08-25,4,103970,2865.0,David Ferrer
786723,2008-08-25,5,103786,2700.0,Nikolay Davydenko
788600,2008-09-01,1,104745,6700.0,Rafael Nadal
788601,2008-09-01,2,103819,5930.0,Roger Federer
788602,2008-09-01,3,104925,5105.0,Novak Djokovic
788603,2008-09-01,4,103970,2865.0,David Ferrer
788604,2008-09-01,5,103786,2700.0,Nikolay Davydenko
790480,2008-09-08,1,104745,7000.0,Rafael Nadal
790481,2008-09-08,2,103819,5930.0,Roger Federer
790482,2008-09-08,3,104925,4855.0,Novak Djokovic
790483,2008-09-08,4,104918,3040.0,Andy Murray
790484,2008-09-08,5,103970,2490.0,David Ferrer
792380,2008-09-15,1,104745,7000.0,Rafael Nadal
792381,2008-09-15,2,103819,5930.0,Roger Federer
792382,2008-09-15,3,104925,4855.0,Novak Djokovic
792383,2008-09-15,4,104918,3040.0,Andy Murray
792384,2008-09-15,5,103970,2490.0,David Ferrer
794284,2008-09-22,1,104745,7000.0,Rafael Nadal
794285,2008-09-22,2,103819,5930.0,Roger Federer
794286,2008-09-22,3,104925,4855.0,Novak Djokovic
794287,2008-09-22,4,104918,3040.0,Andy Murray
794288,2008-09-22,5,103970,2490.0,David Ferrer
796203,2008-09-29,1,104745,7000.0,Rafael Nadal
796204,2008-09-29,2,103819,5930.0,Roger Federer
796205,2008-09-29,3,104925,4960.0,Novak Djokovic
796206,2008-09-29,4,104918,3040.0,Andy Murray
796207,2008-09-29,5,103970,2490.0,David Ferrer
798131,2008-10-06,1,104745,7000.0,Rafael Nadal
798132,2008-10-06,2,103819,5930.0,Roger Federer
798133,2008-10-06,3,104925,4960.0,Novak Djokovic
798134,2008-10-06,4,104918,2995.0,Andy Murray
798135,2008-10-06,5,103786,2400.0,Nikolay Davydenko
800071,2008-10-13,1,104745,7000.0,Rafael Nadal
800072,2008-10-13,2,103819,5930.0,Roger Federer
800073,2008-10-13,3,104925,4725.0,Novak Djokovic
800074,2008-10-13,4,104918,2995.0,Andy Murray
800075,2008-10-13,5,103970,2315.0,David Ferrer
802025,2008-10-20,1,104745,7100.0,Rafael Nadal
802026,2008-10-20,2,103819,5805.0,Roger Federer
802027,2008-10-20,3,104925,4575.0,Novak Djokovic
802028,2008-10-20,4,104918,3420.0,Andy Murray
802029,2008-10-20,5,103970,2315.0,David Ferrer
803988,2008-10-27,1,104745,7100.0,Rafael Nadal
803989,2008-10-27,2,103819,5805.0,Roger Federer
803990,2008-10-27,3,104925,4575.0,Novak Djokovic
803991,2008-10-27,4,104918,3420.0,Andy Murray
803992,2008-10-27,5,103970,2315.0,David Ferrer
805956,2008-11-03,1,104745,6675.0,Rafael Nadal
805957,2008-11-03,2,103819,5205.0,Roger Federer
805958,2008-11-03,3,104925,4645.0,Novak Djokovic
805959,2008-11-03,4,104918,3420.0,Andy Murray
805960,2008-11-03,5,103786,2315.0,Nikolay Davydenko
807919,2008-11-10,1,104745,6675.0,Rafael Nadal
807920,2008-11-10,2,103819,5205.0,Roger Federer
807921,2008-11-10,3,104925,4645.0,Novak Djokovic
807922,2008-11-10,4,104918,3420.0,Andy Murray
807923,2008-11-10,5,103786,2315.0,Nikolay Davydenko
809872,2008-11-17,1,104745,6675.0,Rafael Nadal
809873,2008-11-17,2,103819,5305.0,Roger Federer
809874,2008-11-17,3,104925,5295.0,Novak Djokovic
809875,2008-11-17,4,104918,3720.0,Andy Murray
809876,2008-11-17,5,103786,2715.0,Nikolay Davydenko
811816,2008-11-24,1,104745,6675.0,Rafael Nadal
811817,2008-11-24,2,103819,5305.0,Roger Federer
811818,2008-11-24,3,104925,5295.0,Novak Djokovic
811819,2008-11-24,4,104918,3720.0,Andy Murray
811820,2008-11-24,5,103786,2715.0,Nikolay Davydenko
813752,2008-12-01,1,104745,6675.0,Rafael Nadal
813753,2008-12-01,2,103819,5305.0,Roger Federer
813754,2008-12-01,3,104925,5295.0,Novak Djokovic
813755,2008-12-01,4,104918,3720.0,Andy Murray
813756,2008-12-01,5,103786,2715.0,Nikolay Davydenko
815687,2008-12-08,1,104745,6675.0,Rafael Nadal
815688,2008-12-08,2,103819,5305.0,Roger Federer
815689,2008-12-08,3,104925,5295.0,Novak Djokovic
815690,2008-12-08,4,104918,3720.0,Andy Murray
815691,2008-12-08,5,103786,2715.0,Nikolay Davydenko
817624,2008-12-15,1,104745,6675.0,Rafael Nadal
817625,2008-12-15,2,103819,5305.0,Roger Federer
817626,2008-12-15,3,104925,5295.0,Novak Djokovic
817627,2008-12-15,4,104918,3720.0,Andy Murray
817628,2008-12-15,5,103786,2715.0,Nikolay Davydenko
819559,2008-12-22,1,104745,6675.0,Rafael Nadal
819560,2008-12-22,2,103819,5305.0,Roger Federer
819561,2008-12-22,3,104925,5295.0,Novak Djokovic
819562,2008-12-22,4,104918,3720.0,Andy Murray
819563,2008-12-22,5,103786,2715.0,Nikolay Davydenko
821496,2008-12-29,1,104745,6675.0,Rafael Nadal
821497,2008-12-29,2,103819,5305.0,Roger Federer
821498,2008-12-29,3,104925,5295.0,Novak Djokovic
821499,2008-12-29,4,104918,3720.0,Andy Murray
821500,2008-12-29,5,103786,2715.0,Nikolay Davydenko
823433,2009-01-05,1,104745,13160.0,Rafael Nadal
823434,2009-01-05,2,103819,10610.0,Roger Federer
823435,2009-01-05,3,104925,10590.0,Novak Djokovic
823436,2009-01-05,4,104918,7050.0,Andy Murray
823437,2009-01-05,5,103786,5330.0,Nikolay Davydenko
825365,2009-01-12,1,104745,13160.0,Rafael Nadal
825366,2009-01-12,2,103819,10700.0,Roger Federer
825367,2009-01-12,3,104925,10590.0,Novak Djokovic
825368,2009-01-12,4,104918,7190.0,Andy Murray
825369,2009-01-12,5,103786,5330.0,Nikolay Davydenko
827297,2009-01-19,1,104745,13160.0,Rafael Nadal
827298,2009-01-19,2,103819,10700.0,Roger Federer
827299,2009-01-19,3,104925,10650.0,Novak Djokovic
827300,2009-01-19,4,104918,7190.0,Andy Murray
827301,2009-01-19,5,103786,5330.0,Nikolay Davydenko
829229,2009-01-26,1,104745,13160.0,Rafael Nadal
829230,2009-01-26,2,103819,10700.0,Roger Federer
829231,2009-01-26,3,104925,10650.0,Novak Djokovic
829232,2009-01-26,4,104918,7190.0,Andy Murray
829233,2009-01-26,5,103786,5330.0,Nikolay Davydenko
831161,2009-02-02,1,104745,14260.0,Rafael Nadal
831162,2009-02-02,2,103819,11000.0,Roger Federer
831163,2009-02-02,3,104925,9010.0,Novak Djokovic
831164,2009-02-02,4,104918,7360.0,Andy Murray
831165,2009-02-02,5,103786,5030.0,Nikolay Davydenko
833087,2009-02-09,1,104745,14260.0,Rafael Nadal
833088,2009-02-09,2,103819,11000.0,Roger Federer
833089,2009-02-09,3,104925,9010.0,Novak Djokovic
833090,2009-02-09,4,104918,7360.0,Andy Murray
833091,2009-02-09,5,103786,5030.0,Nikolay Davydenko
835012,2009-02-16,1,104745,14510.0,Rafael Nadal
835013,2009-02-16,2,103819,11000.0,Roger Federer
835014,2009-02-16,3,104925,9010.0,Novak Djokovic
835015,2009-02-16,4,104918,7460.0,Andy Murray
835016,2009-02-16,5,103786,4955.0,Nikolay Davydenko
836932,2009-02-23,1,104745,14510.0,Rafael Nadal
836933,2009-02-23,2,103819,11000.0,Roger Federer
836934,2009-02-23,3,104925,9010.0,Novak Djokovic
836935,2009-02-23,4,104918,7460.0,Andy Murray
836936,2009-02-23,5,103786,4955.0,Nikolay Davydenko
838851,2009-03-02,1,104745,14360.0,Rafael Nadal
838852,2009-03-02,2,103819,11000.0,Roger Federer
838853,2009-03-02,3,104925,9420.0,Novak Djokovic
838854,2009-03-02,4,104918,7400.0,Andy Murray
838855,2009-03-02,5,103786,4955.0,Nikolay Davydenko
840773,2009-03-09,1,104745,14360.0,Rafael Nadal
840774,2009-03-09,2,103819,11000.0,Roger Federer
840775,2009-03-09,3,104925,9240.0,Novak Djokovic
840776,2009-03-09,4,104918,7400.0,Andy Murray
840777,2009-03-09,5,103786,4805.0,Nikolay Davydenko
842695,2009-03-16,1,104745,14360.0,Rafael Nadal
842696,2009-03-16,2,103819,11000.0,Roger Federer
842697,2009-03-16,3,104925,9240.0,Novak Djokovic
842698,2009-03-16,4,104918,7400.0,Andy Murray
842699,2009-03-16,5,103786,4805.0,Nikolay Davydenko
844617,2009-03-23,1,104745,14990.0,Rafael Nadal
844618,2009-03-23,2,103819,10910.0,Roger Federer
844619,2009-03-23,3,104925,8420.0,Novak Djokovic
844620,2009-03-23,4,104918,7850.0,Andy Murray
844621,2009-03-23,5,103786,4735.0,Nikolay Davydenko
846532,2009-03-30,1,104745,14990.0,Rafael Nadal
846533,2009-03-30,2,103819,10910.0,Roger Federer
846534,2009-03-30,3,104925,8420.0,Novak Djokovic
846535,2009-03-30,4,104918,7850.0,Andy Murray
846536,2009-03-30,5,103786,4735.0,Nikolay Davydenko
848447,2009-04-06,1,104745,14470.0,Rafael Nadal
848448,2009-04-06,2,103819,11020.0,Roger Federer
848449,2009-04-06,3,104925,9010.0,Novak Djokovic
848450,2009-04-06,4,104918,8840.0,Andy Murray
848451,2009-04-06,5,105223,4790.0,Juan Martin del Potro
850364,2009-04-13,1,104745,14470.0,Rafael Nadal
850365,2009-04-13,2,103819,11020.0,Roger Federer
850366,2009-04-13,3,104925,9010.0,Novak Djokovic
850367,2009-04-13,4,104918,8840.0,Andy Murray
850368,2009-04-13,5,105223,4790.0,Juan Martin del Potro
852280,2009-04-20,1,104745,15390.0,Rafael Nadal
852281,2009-04-20,2,103819,10760.0,Roger Federer
852282,2009-04-20,3,104925,9520.0,Novak Djokovic
852283,2009-04-20,4,104918,8950.0,Andy Murray
852284,2009-04-20,5,105223,4580.0,Juan Martin del Potro
854190,2009-04-27,1,104745,14890.0,Rafael Nadal
854191,2009-04-27,2,103819,10060.0,Roger Federer
854192,2009-04-27,3,104925,9160.0,Novak Djokovic
854193,2009-04-27,4,104918,9050.0,Andy Murray
854194,2009-04-27,5,105223,4580.0,Juan Martin del Potro
856097,2009-05-04,1,104745,15290.0,Rafael Nadal
856098,2009-05-04,2,103819,10420.0,Roger Federer
856099,2009-05-04,3,104925,9670.0,Novak Djokovic
856100,2009-05-04,4,104918,8810.0,Andy Murray
856101,2009-05-04,5,105223,4510.0,Juan Martin del Potro
858007,2009-05-11,1,104745,15360.0,Rafael Nadal
858008,2009-05-11,2,103819,10170.0,Roger Federer
858009,2009-05-11,3,104918,8990.0,Andy Murray
858010,2009-05-11,4,104925,8920.0,Novak Djokovic
858011,2009-05-11,5,105223,4720.0,Juan Martin del Potro
859921,2009-05-18,1,104745,14960.0,Rafael Nadal
859922,2009-05-18,2,103819,10470.0,Roger Federer
859923,2009-05-18,3,104918,9020.0,Andy Murray
859924,2009-05-18,4,104925,8830.0,Novak Djokovic
859925,2009-05-18,5,105223,4830.0,Juan Martin del Potro
861836,2009-05-25,1,104745,14960.0,Rafael Nadal
861837,2009-05-25,2,103819,10470.0,Roger Federer
861838,2009-05-25,3,104918,9020.0,Andy Murray
861839,2009-05-25,4,104925,8830.0,Novak Djokovic
861840,2009-05-25,5,105223,4830.0,Juan Martin del Potro
863750,2009-06-01,1,104745,14960.0,Rafael Nadal
863751,2009-06-01,2,103819,10470.0,Roger Federer
863752,2009-06-01,3,104918,9020.0,Andy Murray
863753,2009-06-01,4,104925,8830.0,Novak Djokovic
863754,2009-06-01,5,105223,4830.0,Juan Martin del Potro
865664,2009-06-08,1,104745,13140.0,Rafael Nadal
865665,2009-06-08,2,103819,11070.0,Roger Federer
865666,2009-06-08,3,104918,9230.0,Andy Murray
865667,2009-06-08,4,104925,8020.0,Novak Djokovic
865668,2009-06-08,5,105223,5480.0,Juan Martin del Potro
867576,2009-06-15,1,104745,12735.0,Rafael Nadal
867577,2009-06-15,2,103819,10620.0,Roger Federer
867578,2009-06-15,3,104918,9230.0,Andy Murray
867579,2009-06-15,4,104925,7860.0,Novak Djokovic
867580,2009-06-15,5,105223,5730.0,Juan Martin del Potro
869487,2009-06-22,1,104745,12735.0,Rafael Nadal
869488,2009-06-22,2,103819,10620.0,Roger Federer
869489,2009-06-22,3,104918,9230.0,Andy Murray
869490,2009-06-22,4,104925,7860.0,Novak Djokovic
869491,2009-06-22,5,105223,5730.0,Juan Martin del Potro
871386,2009-06-29,1,104745,12735.0,Rafael Nadal
871387,2009-06-29,2,103819,10620.0,Roger Federer
871388,2009-06-29,3,104918,9230.0,Andy Murray
871389,2009-06-29,4,104925,7860.0,Novak Djokovic
871390,2009-06-29,5,105223,5730.0,Juan Martin del Potro
873285,2009-07-06,1,103819,11220.0,Roger Federer
873286,2009-07-06,2,104745,10735.0,Rafael Nadal
873287,2009-07-06,3,104918,9450.0,Andy Murray
873288,2009-07-06,4,104925,8150.0,Novak Djokovic
873289,2009-07-06,5,105223,5705.0,Juan Martin del Potro
875161,2009-07-13,1,103819,11220.0,Roger Federer
875162,2009-07-13,2,104745,10735.0,Rafael Nadal
875163,2009-07-13,3,104918,9450.0,Andy Murray
875164,2009-07-13,4,104925,8150.0,Novak Djokovic
875165,2009-07-13,5,104053,5440.0,Andy Roddick
877037,2009-07-20,1,103819,11220.0,Roger Federer
877038,2009-07-20,2,104745,10735.0,Rafael Nadal
877039,2009-07-20,3,104918,9700.0,Andy Murray
877040,2009-07-20,4,104925,8150.0,Novak Djokovic
877041,2009-07-20,5,104053,5440.0,Andy Roddick
878905,2009-07-27,1,103819,11210.0,Roger Federer
878906,2009-07-27,2,104745,9735.0,Rafael Nadal
878907,2009-07-27,3,104918,9260.0,Andy Murray
878908,2009-07-27,4,104925,7990.0,Novak Djokovic
878909,2009-07-27,5,104053,5380.0,Andy Roddick
880774,2009-08-03,1,103819,11060.0,Roger Federer
880775,2009-08-03,2,104745,9285.0,Rafael Nadal
880776,2009-08-03,3,104918,8260.0,Andy Murray
880777,2009-08-03,4,104925,7380.0,Novak Djokovic
880778,2009-08-03,5,104053,5470.0,Andy Roddick
882639,2009-08-10,1,103819,11060.0,Roger Federer
882640,2009-08-10,2,104745,9285.0,Rafael Nadal
882641,2009-08-10,3,104918,8260.0,Andy Murray
882642,2009-08-10,4,104925,7380.0,Novak Djokovic
882643,2009-08-10,5,104053,5530.0,Andy Roddick
884497,2009-08-17,1,103819,11040.0,Roger Federer
884498,2009-08-17,2,104918,9250.0,Andy Murray
884499,2009-08-17,3,104745,8665.0,Rafael Nadal
884500,2009-08-17,4,104925,7150.0,Novak Djokovic
884501,2009-08-17,5,104053,5800.0,Andy Roddick
886358,2009-08-24,1,103819,12040.0,Roger Federer
886359,2009-08-24,2,104918,9610.0,Andy Murray
886360,2009-08-24,3,104745,9025.0,Rafael Nadal
886361,2009-08-24,4,104925,7660.0,Novak Djokovic
886362,2009-08-24,5,104053,5720.0,Andy Roddick
888210,2009-08-31,1,103819,12040.0,Roger Federer
888211,2009-08-31,2,104918,9610.0,Andy Murray
888212,2009-08-31,3,104745,9025.0,Rafael Nadal
888213,2009-08-31,4,104925,7660.0,Novak Djokovic
888214,2009-08-31,5,104053,5720.0,Andy Roddick
890079,2009-09-07,1,103819,12040.0,Roger Federer
890080,2009-09-07,2,104918,9610.0,Andy Murray
890081,2009-09-07,3,104745,9025.0,Rafael Nadal
890082,2009-09-07,4,104925,7660.0,Novak Djokovic
890083,2009-09-07,5,104053,5720.0,Andy Roddick
891948,2009-09-14,1,103819,11240.0,Roger Federer
891949,2009-09-14,2,104745,8845.0,Rafael Nadal
891950,2009-09-14,3,104918,8390.0,Andy Murray
891951,2009-09-14,4,104925,7480.0,Novak Djokovic
891952,2009-09-14,5,105223,6825.0,Juan Martin del Potro
893775,2009-09-21,1,103819,11255.0,Roger Federer
893776,2009-09-21,2,104745,8845.0,Rafael Nadal
893777,2009-09-21,3,104918,8390.0,Andy Murray
893778,2009-09-21,4,104925,7480.0,Novak Djokovic
893779,2009-09-21,5,105223,6825.0,Juan Martin del Potro
895594,2009-09-28,1,103819,11255.0,Roger Federer
895595,2009-09-28,2,104745,8845.0,Rafael Nadal
895596,2009-09-28,3,104918,8390.0,Andy Murray
895597,2009-09-28,4,104925,7330.0,Novak Djokovic
895598,2009-09-28,5,105223,6825.0,Juan Martin del Potro
897406,2009-10-05,1,103819,11255.0,Roger Federer
897407,2009-10-05,2,104745,8845.0,Rafael Nadal
897408,2009-10-05,3,104918,8390.0,Andy Murray
897409,2009-10-05,4,104925,7330.0,Novak Djokovic
897410,2009-10-05,5,105223,6555.0,Juan Martin del Potro
899215,2009-10-12,1,103819,11255.0,Roger Federer
899216,2009-10-12,2,104745,8945.0,Rafael Nadal
899217,2009-10-12,3,104918,8390.0,Andy Murray
899218,2009-10-12,4,104925,7740.0,Novak Djokovic
899219,2009-10-12,5,105223,6555.0,Juan Martin del Potro
901016,2009-10-19,1,103819,10805.0,Roger Federer
901017,2009-10-19,2,104745,9095.0,Rafael Nadal
901018,2009-10-19,3,104925,7950.0,Novak Djokovic
901019,2009-10-19,4,104918,7390.0,Andy Murray
901020,2009-10-19,5,105223,6315.0,Juan Martin del Potro
902816,2009-10-26,1,103819,10305.0,Roger Federer
902817,2009-10-26,2,104745,9095.0,Rafael Nadal
902818,2009-10-26,3,104925,7950.0,Novak Djokovic
902819,2009-10-26,4,104918,6890.0,Andy Murray
902820,2009-10-26,5,105223,6165.0,Juan Martin del Potro
904621,2009-11-02,1,103819,10055.0,Roger Federer
904622,2009-11-02,2,104745,8845.0,Rafael Nadal
904623,2009-11-02,3,104925,7890.0,Novak Djokovic
904624,2009-11-02,4,104918,6640.0,Andy Murray
904625,2009-11-02,5,105223,6060.0,Juan Martin del Potro
906429,2009-11-09,1,103819,10340.0,Roger Federer
906430,2009-11-09,2,104745,8845.0,Rafael Nadal
906431,2009-11-09,3,104925,8300.0,Novak Djokovic
906432,2009-11-09,4,104918,7140.0,Andy Murray
906433,2009-11-09,5,105223,6050.0,Juan Martin del Potro
908234,2009-11-16,1,103819,10150.0,Roger Federer
908235,2009-11-16,2,104745,9205.0,Rafael Nadal
908236,2009-11-16,3,104925,7910.0,Novak Djokovic
908237,2009-11-16,4,104918,6630.0,Andy Murray
908238,2009-11-16,5,105223,5985.0,Juan Martin del Potro
910037,2009-11-23,1,103819,10150.0,Roger Federer
910038,2009-11-23,2,104745,9205.0,Rafael Nadal
910039,2009-11-23,3,104925,7910.0,Novak Djokovic
910040,2009-11-23,4,104918,6630.0,Andy Murray
910041,2009-11-23,5,105223,5985.0,Juan Martin del Potro
911842,2009-11-30,1,103819,10550.0,Roger Federer
911843,2009-11-30,2,104745,9205.0,Rafael Nadal
911844,2009-11-30,3,104925,8310.0,Novak Djokovic
911845,2009-11-30,4,104918,7030.0,Andy Murray
911846,2009-11-30,5,105223,6785.0,Juan Martin del Potro
913654,2009-12-07,1,103819,10550.0,Roger Federer
913655,2009-12-07,2,104745,9205.0,Rafael Nadal
913656,2009-12-07,3,104925,8310.0,Novak Djokovic
913657,2009-12-07,4,104918,7030.0,Andy Murray
913658,2009-12-07,5,105223,6785.0,Juan Martin del Potro
915466,2009-12-14,1,103819,10550.0,Roger Federer
915467,2009-12-14,2,104745,9205.0,Rafael Nadal
915468,2009-12-14,3,104925,8310.0,Novak Djokovic
915469,2009-12-14,4,104918,7030.0,Andy Murray
915470,2009-12-14,5,105223,6785.0,Juan Martin del Potro
917280,2009-12-21,1,103819,10550.0,Roger Federer
917281,2009-12-21,2,104745,9205.0,Rafael Nadal
917282,2009-12-21,3,104925,8310.0,Novak Djokovic
917283,2009-12-21,4,104918,7030.0,Andy Murray
917284,2009-12-21,5,105223,6785.0,Juan Martin del Potro
919096,2009-12-28,1,103819,10550.0,Roger Federer
919097,2009-12-28,2,104745,9205.0,Rafael Nadal
919098,2009-12-28,3,104925,8310.0,Novak Djokovic
919099,2009-12-28,4,104918,7030.0,Andy Murray
919100,2009-12-28,5,105223,6785.0,Juan Martin del Potro
920907,2010-01-04,1,103819,10550.0,Roger Federer
920908,2010-01-04,2,104745,9205.0,Rafael Nadal
920909,2010-01-04,3,104925,8310.0,Novak Djokovic
920910,2010-01-04,4,104918,7030.0,Andy Murray
920911,2010-01-04,5,105223,6785.0,Juan Martin del Potro
922719,2010-01-11,1,103819,10550.0,Roger Federer
922720,2010-01-11,2,104745,9310.0,Rafael Nadal
922721,2010-01-11,3,104925,8310.0,Novak Djokovic
922722,2010-01-11,4,105223,6785.0,Juan Martin del Potro
922723,2010-01-11,5,104918,6780.0,Andy Murray
924533,2010-01-18,1,103819,10550.0,Roger Federer
924534,2010-01-18,2,104745,9310.0,Rafael Nadal
924535,2010-01-18,3,104925,8310.0,Novak Djokovic
924536,2010-01-18,4,104918,6780.0,Andy Murray
924537,2010-01-18,5,105223,6580.0,Juan Martin del Potro
926346,2010-01-25,1,103819,10550.0,Roger Federer
926347,2010-01-25,2,104745,9310.0,Rafael Nadal
926348,2010-01-25,3,104925,8310.0,Novak Djokovic
926349,2010-01-25,4,104918,6780.0,Andy Murray
926350,2010-01-25,5,105223,6580.0,Juan Martin del Potro
928159,2010-02-01,1,103819,11350.0,Roger Federer
928160,2010-02-01,2,104925,8310.0,Novak Djokovic
928161,2010-02-01,3,104918,7800.0,Andy Murray
928162,2010-02-01,4,104745,7670.0,Rafael Nadal
928163,2010-02-01,5,105223,6400.0,Juan Martin del Potro
929969,2010-02-08,1,103819,11350.0,Roger Federer
929970,2010-02-08,2,104925,8310.0,Novak Djokovic
929971,2010-02-08,3,104918,7800.0,Andy Murray
929972,2010-02-08,4,104745,7670.0,Rafael Nadal
929973,2010-02-08,5,105223,6400.0,Juan Martin del Potro
931710,2010-02-15,1,103819,11350.0,Roger Federer
931711,2010-02-15,2,104925,8310.0,Novak Djokovic
931712,2010-02-15,3,104745,7370.0,Rafael Nadal
931713,2010-02-15,4,104918,7300.0,Andy Murray
931714,2010-02-15,5,105223,6355.0,Juan Martin del Potro
933510,2010-02-22,1,103819,11350.0,Roger Federer
933511,2010-02-22,2,104925,8310.0,Novak Djokovic
933512,2010-02-22,3,104745,7370.0,Rafael Nadal
933513,2010-02-22,4,104918,7300.0,Andy Murray
933514,2010-02-22,5,105223,6275.0,Juan Martin del Potro
935305,2010-03-01,1,103819,11350.0,Roger Federer
935306,2010-03-01,2,104925,8310.0,Novak Djokovic
935307,2010-03-01,3,104745,7520.0,Rafael Nadal
935308,2010-03-01,4,104918,7255.0,Andy Murray
935309,2010-03-01,5,105223,6265.0,Juan Martin del Potro
937102,2010-03-08,1,103819,11350.0,Roger Federer
937103,2010-03-08,2,104925,8310.0,Novak Djokovic
937104,2010-03-08,3,104745,7440.0,Rafael Nadal
937105,2010-03-08,4,104918,7255.0,Andy Murray
937106,2010-03-08,5,105223,6275.0,Juan Martin del Potro
938899,2010-03-15,1,103819,11350.0,Roger Federer
938900,2010-03-15,2,104925,8310.0,Novak Djokovic
938901,2010-03-15,3,104745,7440.0,Rafael Nadal
938902,2010-03-15,4,104918,7255.0,Andy Murray
938903,2010-03-15,5,105223,6275.0,Juan Martin del Potro
940696,2010-03-22,1,103819,11035.0,Roger Federer
940697,2010-03-22,2,104925,8220.0,Novak Djokovic
940698,2010-03-22,3,104918,6835.0,Andy Murray
940699,2010-03-22,4,104745,6800.0,Rafael Nadal
940700,2010-03-22,5,105223,6095.0,Juan Martin del Potro
942490,2010-03-29,1,103819,11035.0,Roger Federer
942491,2010-03-29,2,104925,8220.0,Novak Djokovic
942492,2010-03-29,3,104918,6835.0,Andy Murray
942493,2010-03-29,4,104745,6800.0,Rafael Nadal
942494,2010-03-29,5,105223,6095.0,Juan Martin del Potro
944284,2010-04-05,1,103819,10765.0,Roger Federer
944285,2010-04-05,2,104925,7630.0,Novak Djokovic
944286,2010-04-05,3,104745,6980.0,Rafael Nadal
944287,2010-04-05,4,104918,5845.0,Andy Murray
944288,2010-04-05,5,105223,5735.0,Juan Martin del Potro
946082,2010-04-12,1,103819,10765.0,Roger Federer
946083,2010-04-12,2,104925,7630.0,Novak Djokovic
946084,2010-04-12,3,104745,6980.0,Rafael Nadal
946085,2010-04-12,4,104918,5845.0,Andy Murray
946086,2010-04-12,5,105223,5735.0,Juan Martin del Potro
947883,2010-04-19,1,103819,10690.0,Roger Federer
947884,2010-04-19,2,104925,7390.0,Novak Djokovic
947885,2010-04-19,3,104745,6980.0,Rafael Nadal
947886,2010-04-19,4,105223,5725.0,Juan Martin del Potro
947887,2010-04-19,5,104918,5485.0,Andy Murray
949688,2010-04-26,1,103819,10690.0,Roger Federer
949689,2010-04-26,2,104925,7390.0,Novak Djokovic
949690,2010-04-26,3,104745,6480.0,Rafael Nadal
949691,2010-04-26,4,105223,5725.0,Juan Martin del Potro
949692,2010-04-26,5,104918,5485.0,Andy Murray
951487,2010-05-03,1,103819,10340.0,Roger Federer
951488,2010-05-03,2,104925,6970.0,Novak Djokovic
951489,2010-05-03,3,104745,6480.0,Rafael Nadal
951490,2010-05-03,4,104918,5565.0,Andy Murray
951491,2010-05-03,5,105223,5545.0,Juan Martin del Potro
953283,2010-05-10,1,103819,10430.0,Roger Federer
953284,2010-05-10,2,104925,6765.0,Novak Djokovic
953285,2010-05-10,3,104745,6480.0,Rafael Nadal
953286,2010-05-10,4,104918,5565.0,Andy Murray
953287,2010-05-10,5,105223,5545.0,Juan Martin del Potro
955076,2010-05-17,1,103819,10030.0,Roger Federer
955077,2010-05-17,2,104745,6880.0,Rafael Nadal
955078,2010-05-17,3,104925,6405.0,Novak Djokovic
955079,2010-05-17,4,104918,5565.0,Andy Murray
955080,2010-05-17,5,105223,5185.0,Juan Martin del Potro
956869,2010-05-24,1,103819,10030.0,Roger Federer
956870,2010-05-24,2,104745,6880.0,Rafael Nadal
956871,2010-05-24,3,104925,6405.0,Novak Djokovic
956872,2010-05-24,4,104918,5565.0,Andy Murray
956873,2010-05-24,5,103786,5145.0,Nikolay Davydenko
958659,2010-05-31,1,103819,10030.0,Roger Federer
958660,2010-05-31,2,104745,6880.0,Rafael Nadal
958661,2010-05-31,3,104925,6405.0,Novak Djokovic
958662,2010-05-31,4,104918,5565.0,Andy Murray
958663,2010-05-31,5,103786,5145.0,Nikolay Davydenko
960449,2010-06-07,1,104745,8700.0,Rafael Nadal
960450,2010-06-07,2,103819,8390.0,Roger Federer
960451,2010-06-07,3,104925,6675.0,Novak Djokovic
960452,2010-06-07,4,104918,5385.0,Andy Murray
960453,2010-06-07,5,103786,4785.0,Nikolay Davydenko
962221,2010-06-14,1,104745,8745.0,Rafael Nadal
962222,2010-06-14,2,103819,8525.0,Roger Federer
962223,2010-06-14,3,104925,6545.0,Novak Djokovic
962224,2010-06-14,4,104918,5155.0,Andy Murray
962225,2010-06-14,5,103786,4785.0,Nikolay Davydenko
963992,2010-06-21,1,104745,8745.0,Rafael Nadal
963993,2010-06-21,2,103819,8525.0,Roger Federer
963994,2010-06-21,3,104925,6545.0,Novak Djokovic
963995,2010-06-21,4,104918,5155.0,Andy Murray
963996,2010-06-21,5,103786,4785.0,Nikolay Davydenko
965772,2010-06-28,1,104745,8745.0,Rafael Nadal
965773,2010-06-28,2,103819,8525.0,Roger Federer
965774,2010-06-28,3,104925,6545.0,Novak Djokovic
965775,2010-06-28,4,104918,5155.0,Andy Murray
965776,2010-06-28,5,103786,4785.0,Nikolay Davydenko
967552,2010-07-05,1,104745,10745.0,Rafael Nadal
967553,2010-07-05,2,104925,6905.0,Novak Djokovic
967554,2010-07-05,3,103819,6885.0,Roger Federer
967555,2010-07-05,4,104918,5155.0,Andy Murray
967556,2010-07-05,5,104417,4935.0,Robin Soderling
969328,2010-07-12,1,104745,10745.0,Rafael Nadal
969329,2010-07-12,2,104925,6905.0,Novak Djokovic
969330,2010-07-12,3,103819,6885.0,Roger Federer
969331,2010-07-12,4,104918,5155.0,Andy Murray
969332,2010-07-12,5,104417,4935.0,Robin Soderling
971106,2010-07-19,1,104745,10745.0,Rafael Nadal
971107,2010-07-19,2,104925,6905.0,Novak Djokovic
971108,2010-07-19,3,103819,6885.0,Roger Federer
971109,2010-07-19,4,104918,5155.0,Andy Murray
971110,2010-07-19,5,104417,4835.0,Robin Soderling
972888,2010-07-26,1,104745,10745.0,Rafael Nadal
972889,2010-07-26,2,104925,6905.0,Novak Djokovic
972890,2010-07-26,3,103819,6795.0,Roger Federer
972891,2010-07-26,4,104918,5155.0,Andy Murray
972892,2010-07-26,5,104417,4835.0,Robin Soderling
974668,2010-08-02,1,104745,10745.0,Rafael Nadal
974669,2010-08-02,2,104925,6905.0,Novak Djokovic
974670,2010-08-02,3,103819,6795.0,Roger Federer
974671,2010-08-02,4,104918,5305.0,Andy Murray
974672,2010-08-02,5,104417,4835.0,Robin Soderling
976450,2010-08-09,1,104745,10745.0,Rafael Nadal
976451,2010-08-09,2,104925,6905.0,Novak Djokovic
976452,2010-08-09,3,103819,6795.0,Roger Federer
976453,2010-08-09,4,104918,5305.0,Andy Murray
976454,2010-08-09,5,104417,4740.0,Robin Soderling
978230,2010-08-16,1,104745,10925.0,Rafael Nadal
978231,2010-08-16,2,103819,7215.0,Roger Federer
978232,2010-08-16,3,104925,7085.0,Novak Djokovic
978233,2010-08-16,4,104918,5305.0,Andy Murray
978234,2010-08-16,5,104417,4830.0,Robin Soderling
980008,2010-08-23,1,104745,10745.0,Rafael Nadal
980009,2010-08-23,2,103819,7215.0,Roger Federer
980010,2010-08-23,3,104925,6665.0,Novak Djokovic
980011,2010-08-23,4,104918,5125.0,Andy Murray
980012,2010-08-23,5,104417,4910.0,Robin Soderling
981793,2010-08-30,1,104745,10745.0,Rafael Nadal
981794,2010-08-30,2,103819,7215.0,Roger Federer
981795,2010-08-30,3,104925,6665.0,Novak Djokovic
981796,2010-08-30,4,104918,5125.0,Andy Murray
981797,2010-08-30,5,104417,4910.0,Robin Soderling
983574,2010-09-06,1,104745,10745.0,Rafael Nadal
983575,2010-09-06,2,103819,7215.0,Roger Federer
983576,2010-09-06,3,104925,6665.0,Novak Djokovic
983577,2010-09-06,4,104918,5125.0,Andy Murray
983578,2010-09-06,5,104417,4910.0,Robin Soderling
985355,2010-09-13,1,104745,12025.0,Rafael Nadal
985356,2010-09-13,2,104925,7145.0,Novak Djokovic
985357,2010-09-13,3,103819,6735.0,Roger Federer
985358,2010-09-13,4,104918,5035.0,Andy Murray
985359,2010-09-13,5,104417,4910.0,Robin Soderling
987128,2010-09-20,1,104745,12025.0,Rafael Nadal
987129,2010-09-20,2,104925,7145.0,Novak Djokovic
987130,2010-09-20,3,103819,6735.0,Roger Federer
987131,2010-09-20,4,104918,5035.0,Andy Murray
987132,2010-09-20,5,104417,4910.0,Robin Soderling
988899,2010-09-27,1,104745,12025.0,Rafael Nadal
988900,2010-09-27,2,104925,7145.0,Novak Djokovic
988901,2010-09-27,3,103819,6735.0,Roger Federer
988902,2010-09-27,4,104918,5035.0,Andy Murray
988903,2010-09-27,5,104417,4910.0,Robin Soderling
990672,2010-10-04,1,104745,12070.0,Rafael Nadal
990673,2010-10-04,2,104925,7145.0,Novak Djokovic
990674,2010-10-04,3,103819,6735.0,Roger Federer
990675,2010-10-04,4,104918,5035.0,Andy Murray
990676,2010-10-04,5,104417,4910.0,Robin Soderling
992453,2010-10-11,1,104745,12390.0,Rafael Nadal
992454,2010-10-11,2,104925,7145.0,Novak Djokovic
992455,2010-10-11,3,103819,6735.0,Roger Federer
992456,2010-10-11,4,104918,5125.0,Andy Murray
992457,2010-10-11,5,104417,4825.0,Robin Soderling
994242,2010-10-18,1,104745,11880.0,Rafael Nadal
994243,2010-10-18,2,103819,7335.0,Roger Federer
994244,2010-10-18,3,104925,7145.0,Novak Djokovic
994245,2010-10-18,4,104918,6125.0,Andy Murray
994246,2010-10-18,5,104417,4825.0,Robin Soderling
996006,2010-10-25,1,104745,11880.0,Rafael Nadal
996007,2010-10-25,2,103819,7495.0,Roger Federer
996008,2010-10-25,3,104925,7145.0,Novak Djokovic
996009,2010-10-25,4,104918,6125.0,Andy Murray
996010,2010-10-25,5,104417,4780.0,Robin Soderling
997771,2010-11-01,1,104745,11880.0,Rafael Nadal
997772,2010-11-01,2,103819,7495.0,Roger Federer
997773,2010-11-01,3,104925,7145.0,Novak Djokovic
997774,2010-11-01,4,104918,6125.0,Andy Murray
997775,2010-11-01,5,104417,4780.0,Robin Soderling
999533,2010-11-08,1,104745,11810.0,Rafael Nadal
999534,2010-11-08,2,103819,7695.0,Roger Federer
999535,2010-11-08,3,104925,6945.0,Novak Djokovic
999536,2010-11-08,4,104918,5670.0,Andy Murray
999537,2010-11-08,5,104417,4960.0,Robin Soderling
1001293,2010-11-15,1,104745,11450.0,Rafael Nadal
1001294,2010-11-15,2,103819,7645.0,Roger Federer
1001295,2010-11-15,3,104925,5635.0,Novak Djokovic
1001296,2010-11-15,4,104417,5380.0,Robin Soderling
1001297,2010-11-15,5,104918,5360.0,Andy Murray
1003051,2010-11-22,1,104745,11450.0,Rafael Nadal
1003052,2010-11-22,2,103819,7645.0,Roger Federer
1003053,2010-11-22,3,104925,5635.0,Novak Djokovic
1003054,2010-11-22,4,104417,5380.0,Robin Soderling
1003055,2010-11-22,5,104918,5360.0,Andy Murray
1004802,2010-11-29,1,104745,12450.0,Rafael Nadal
1004803,2010-11-29,2,103819,9145.0,Roger Federer
1004804,2010-11-29,3,104925,6035.0,Novak Djokovic
1004805,2010-11-29,4,104918,5760.0,Andy Murray
1004806,2010-11-29,5,104417,5580.0,Robin Soderling
1006550,2010-12-06,1,104745,12450.0,Rafael Nadal
1006551,2010-12-06,2,103819,9145.0,Roger Federer
1006552,2010-12-06,3,104925,6240.0,Novak Djokovic
1006553,2010-12-06,4,104918,5760.0,Andy Murray
1006554,2010-12-06,5,104417,5580.0,Robin Soderling
1008295,2010-12-13,1,104745,12450.0,Rafael Nadal
1008296,2010-12-13,2,103819,9145.0,Roger Federer
1008297,2010-12-13,3,104925,6240.0,Novak Djokovic
1008298,2010-12-13,4,104918,5760.0,Andy Murray
1008299,2010-12-13,5,104417,5580.0,Robin Soderling
1010042,2010-12-20,1,104745,12450.0,Rafael Nadal
1010043,2010-12-20,2,103819,9145.0,Roger Federer
1010044,2010-12-20,3,104925,6240.0,Novak Djokovic
1010045,2010-12-20,4,104918,5760.0,Andy Murray
1010046,2010-12-20,5,104417,5580.0,Robin Soderling
1011788,2010-12-27,1,104745,12450.0,Rafael Nadal
1011789,2010-12-27,2,103819,9145.0,Roger Federer
1011790,2010-12-27,3,104925,6240.0,Novak Djokovic
1011791,2010-12-27,4,104918,5760.0,Andy Murray
1011792,2010-12-27,5,104417,5580.0,Robin Soderling
1013542,2011-01-03,1,104745,12450.0,Rafael Nadal
1013543,2011-01-03,2,103819,9145.0,Roger Federer
1013544,2011-01-03,3,104925,6240.0,Novak Djokovic
1013545,2011-01-03,4,104918,5760.0,Andy Murray
1013546,2011-01-03,5,104417,5580.0,Robin Soderling
1015295,2011-01-10,1,104745,12390.0,Rafael Nadal
1015296,2011-01-10,2,103819,9245.0,Roger Federer
1015297,2011-01-10,3,104925,6240.0,Novak Djokovic
1015298,2011-01-10,4,104417,5785.0,Robin Soderling
1015299,2011-01-10,5,104918,5760.0,Andy Murray
1017047,2011-01-17,1,104745,12390.0,Rafael Nadal
1017048,2011-01-17,2,103819,9245.0,Roger Federer
1017049,2011-01-17,3,104925,6240.0,Novak Djokovic
1017050,2011-01-17,4,104417,5785.0,Robin Soderling
1017051,2011-01-17,5,104918,5760.0,Andy Murray
1018800,2011-01-31,1,104745,12390.0,Rafael Nadal
1018801,2011-01-31,2,103819,7965.0,Roger Federer
1018802,2011-01-31,3,104925,7880.0,Novak Djokovic
1018803,2011-01-31,4,104417,5955.0,Robin Soderling
1018804,2011-01-31,5,104918,5760.0,Andy Murray
1020559,2011-02-07,1,104745,12390.0,Rafael Nadal
1020560,2011-02-07,2,103819,7965.0,Roger Federer
1020561,2011-02-07,3,104925,7880.0,Novak Djokovic
1020562,2011-02-07,4,104417,5955.0,Robin Soderling
1020563,2011-02-07,5,104918,5760.0,Andy Murray
1022320,2011-02-14,1,104745,12390.0,Rafael Nadal
1022321,2011-02-14,2,103819,7965.0,Roger Federer
1022322,2011-02-14,3,104925,7880.0,Novak Djokovic
1022323,2011-02-14,4,104417,5955.0,Robin Soderling
1022324,2011-02-14,5,104918,5760.0,Andy Murray
1024084,2011-02-21,1,104745,12390.0,Rafael Nadal
1024085,2011-02-21,2,103819,7965.0,Roger Federer
1024086,2011-02-21,3,104925,7880.0,Novak Djokovic
1024087,2011-02-21,4,104417,6055.0,Robin Soderling
1024088,2011-02-21,5,104918,5760.0,Andy Murray
1025849,2011-02-28,1,104745,12390.0,Rafael Nadal
1025850,2011-02-28,2,103819,7965.0,Roger Federer
1025851,2011-02-28,3,104925,7880.0,Novak Djokovic
1025852,2011-02-28,4,104417,6055.0,Robin Soderling
1025853,2011-02-28,5,104918,5715.0,Andy Murray
1027608,2011-03-07,1,104745,12390.0,Rafael Nadal
1027609,2011-03-07,2,103819,7965.0,Roger Federer
1027610,2011-03-07,3,104925,7800.0,Novak Djokovic
1027611,2011-03-07,4,104417,6050.0,Robin Soderling
1027612,2011-03-07,5,104918,5715.0,Andy Murray
1029368,2011-03-21,1,104745,12630.0,Rafael Nadal
1029369,2011-03-21,2,104925,8710.0,Novak Djokovic
1029370,2011-03-21,3,103819,8280.0,Roger Federer
1029371,2011-03-21,4,104417,5735.0,Robin Soderling
1029372,2011-03-21,5,104918,5545.0,Andy Murray
1031140,2011-04-04,1,104745,12870.0,Rafael Nadal
1031141,2011-04-04,2,104925,9700.0,Novak Djokovic
1031142,2011-04-04,3,103819,8550.0,Roger Federer
1031143,2011-04-04,4,104918,5545.0,Andy Murray
1031144,2011-04-04,5,104417,5420.0,Robin Soderling
1032914,2011-04-11,1,104745,12870.0,Rafael Nadal
1032915,2011-04-11,2,104925,9700.0,Novak Djokovic
1032916,2011-04-11,3,103819,8550.0,Roger Federer
1032917,2011-04-11,4,104918,5545.0,Andy Murray
1032918,2011-04-11,5,104417,5420.0,Robin Soderling
1034690,2011-04-18,1,104745,12870.0,Rafael Nadal
1034691,2011-04-18,2,104925,9640.0,Novak Djokovic
1034692,2011-04-18,3,103819,8550.0,Roger Federer
1034693,2011-04-18,4,104918,5905.0,Andy Murray
1034694,2011-04-18,5,104417,5420.0,Robin Soderling
1036464,2011-04-25,1,104745,12870.0,Rafael Nadal
1036465,2011-04-25,2,104925,9640.0,Novak Djokovic
1036466,2011-04-25,3,103819,8550.0,Roger Federer
1036467,2011-04-25,4,104918,5905.0,Andy Murray
1036468,2011-04-25,5,104417,5175.0,Robin Soderling
1038238,2011-05-02,1,104745,11915.0,Rafael Nadal
1038239,2011-05-02,2,104925,9710.0,Novak Djokovic
1038240,2011-05-02,3,103819,8690.0,Roger Federer
1038241,2011-05-02,4,104918,5815.0,Andy Murray
1038242,2011-05-02,5,104417,5235.0,Robin Soderling
1040010,2011-05-09,1,104745,12470.0,Rafael Nadal
1040011,2011-05-09,2,104925,10665.0,Novak Djokovic
1040012,2011-05-09,3,103819,8900.0,Roger Federer
1040013,2011-05-09,4,104918,5905.0,Andy Murray
1040014,2011-05-09,5,104417,5265.0,Robin Soderling
1041785,2011-05-16,1,104745,12070.0,Rafael Nadal
1041786,2011-05-16,2,104925,11665.0,Novak Djokovic
1041787,2011-05-16,3,103819,8390.0,Roger Federer
1041788,2011-05-16,4,104918,6085.0,Andy Murray
1041789,2011-05-16,5,104417,5435.0,Robin Soderling
1043565,2011-05-23,1,104745,12070.0,Rafael Nadal
1043566,2011-05-23,2,104925,11665.0,Novak Djokovic
1043567,2011-05-23,3,103819,8390.0,Roger Federer
1043568,2011-05-23,4,104918,6085.0,Andy Murray
1043569,2011-05-23,5,104417,5435.0,Robin Soderling
1045361,2011-06-06,1,104745,12070.0,Rafael Nadal
1045362,2011-06-06,2,104925,12025.0,Novak Djokovic
1045363,2011-06-06,3,103819,9230.0,Roger Federer
1045364,2011-06-06,4,104918,6625.0,Andy Murray
1045365,2011-06-06,5,104417,4595.0,Robin Soderling
1047208,2011-06-13,1,104745,12070.0,Rafael Nadal
1047209,2011-06-13,2,104925,12005.0,Novak Djokovic
1047210,2011-06-13,3,103819,9230.0,Roger Federer
1047211,2011-06-13,4,104918,6855.0,Andy Murray
1047212,2011-06-13,5,104417,4595.0,Robin Soderling
1049065,2011-06-20,1,104745,12070.0,Rafael Nadal
1049066,2011-06-20,2,104925,12005.0,Novak Djokovic
1049067,2011-06-20,3,103819,9230.0,Roger Federer
1049068,2011-06-20,4,104918,6855.0,Andy Murray
1049069,2011-06-20,5,104417,4595.0,Robin Soderling
1050927,2011-07-04,1,104925,13285.0,Novak Djokovic
1050928,2011-07-04,2,104745,11270.0,Rafael Nadal
1050929,2011-07-04,3,103819,9230.0,Roger Federer
1050930,2011-07-04,4,104918,6855.0,Andy Murray
1050931,2011-07-04,5,104417,4325.0,Robin Soderling
1052796,2011-07-11,1,104925,13155.0,Novak Djokovic
1052797,2011-07-11,2,104745,11270.0,Rafael Nadal
1052798,2011-07-11,3,103819,9230.0,Roger Federer
1052799,2011-07-11,4,104918,6855.0,Andy Murray
1052800,2011-07-11,5,104417,4325.0,Robin Soderling
1054657,2011-07-18,1,104925,13155.0,Novak Djokovic
1054658,2011-07-18,2,104745,11270.0,Rafael Nadal
1054659,2011-07-18,3,103819,9230.0,Roger Federer
1054660,2011-07-18,4,104918,6855.0,Andy Murray
1054661,2011-07-18,5,104417,4325.0,Robin Soderling
1056536,2011-07-25,1,104925,13155.0,Novak Djokovic
1056537,2011-07-25,2,104745,11270.0,Rafael Nadal
1056538,2011-07-25,3,103819,9530.0,Roger Federer
1056539,2011-07-25,4,104918,6855.0,Andy Murray
1056540,2011-07-25,5,104417,4325.0,Robin Soderling
1058420,2011-08-01,1,104925,13155.0,Novak Djokovic
1058421,2011-08-01,2,104745,11270.0,Rafael Nadal
1058422,2011-08-01,3,103819,9530.0,Roger Federer
1058423,2011-08-01,4,104918,6705.0,Andy Murray
1058424,2011-08-01,5,104417,4325.0,Robin Soderling
1060301,2011-08-08,1,104925,12860.0,Novak Djokovic
1060302,2011-08-08,2,104745,11770.0,Rafael Nadal
1060303,2011-08-08,3,103819,9710.0,Roger Federer
1060304,2011-08-08,4,104918,6705.0,Andy Murray
1060305,2011-08-08,5,104417,4325.0,Robin Soderling
1062184,2011-08-15,1,104925,13500.0,Novak Djokovic
1062185,2011-08-15,2,104745,11420.0,Rafael Nadal
1062186,2011-08-15,3,103819,9200.0,Roger Federer
1062187,2011-08-15,4,104918,5715.0,Andy Murray
1062188,2011-08-15,5,104417,4235.0,Robin Soderling
1064072,2011-08-22,1,104925,13920.0,Novak Djokovic
1064073,2011-08-22,2,104745,11420.0,Rafael Nadal
1064074,2011-08-22,3,103819,8380.0,Roger Federer
1064075,2011-08-22,4,104918,6535.0,Andy Murray
1064076,2011-08-22,5,103970,4200.0,David Ferrer
1065969,2011-08-29,1,104925,13920.0,Novak Djokovic
1065970,2011-08-29,2,104745,11420.0,Rafael Nadal
1065971,2011-08-29,3,103819,8380.0,Roger Federer
1065972,2011-08-29,4,104918,6535.0,Andy Murray
1065973,2011-08-29,5,103970,4200.0,David Ferrer
1067874,2011-09-12,1,104925,14720.0,Novak Djokovic
1067875,2011-09-12,2,104745,10620.0,Rafael Nadal
1067876,2011-09-12,3,103819,8380.0,Roger Federer
1067877,2011-09-12,4,104918,7165.0,Andy Murray
1067878,2011-09-12,5,103970,4200.0,David Ferrer
1069798,2011-09-19,1,104925,14720.0,Novak Djokovic
1069799,2011-09-19,2,104745,10620.0,Rafael Nadal
1069800,2011-09-19,3,103819,8380.0,Roger Federer
1069801,2011-09-19,4,104918,7165.0,Andy Murray
1069802,2011-09-19,5,103970,4200.0,David Ferrer
1071729,2011-09-26,1,104925,14720.0,Novak Djokovic
1071730,2011-09-26,2,104745,10620.0,Rafael Nadal
1071731,2011-09-26,3,103819,8380.0,Roger Federer
1071732,2011-09-26,4,104918,7165.0,Andy Murray
1071733,2011-09-26,5,103970,4200.0,David Ferrer
1073667,2011-10-03,1,104925,14720.0,Novak Djokovic
1073668,2011-10-03,2,104745,10575.0,Rafael Nadal
1073669,2011-10-03,3,103819,8380.0,Roger Federer
1073670,2011-10-03,4,104918,7415.0,Andy Murray
1073671,2011-10-03,5,103970,4200.0,David Ferrer
1075608,2011-10-10,1,104925,14220.0,Novak Djokovic
1075609,2011-10-10,2,104745,10375.0,Rafael Nadal
1075610,2011-10-10,3,103819,8380.0,Roger Federer
1075611,2011-10-10,4,104918,7825.0,Andy Murray
1075612,2011-10-10,5,103970,4200.0,David Ferrer
1077551,2011-10-17,1,104925,13860.0,Novak Djokovic
1077552,2011-10-17,2,104745,10375.0,Rafael Nadal
1077553,2011-10-17,3,104918,7825.0,Andy Murray
1077554,2011-10-17,4,103819,7780.0,Roger Federer
1077555,2011-10-17,5,103970,4710.0,David Ferrer
1079505,2011-10-24,1,104925,13860.0,Novak Djokovic
1079506,2011-10-24,2,104745,10375.0,Rafael Nadal
1079507,2011-10-24,3,104918,7825.0,Andy Murray
1079508,2011-10-24,4,103819,7530.0,Roger Federer
1079509,2011-10-24,5,103970,4710.0,David Ferrer
1081454,2011-10-31,1,104925,13860.0,Novak Djokovic
1081455,2011-10-31,2,104745,10375.0,Rafael Nadal
1081456,2011-10-31,3,104918,7825.0,Andy Murray
1081457,2011-10-31,4,103819,7530.0,Roger Federer
1081458,2011-10-31,5,103970,4710.0,David Ferrer
1083404,2011-11-07,1,104925,13785.0,Novak Djokovic
1083405,2011-11-07,2,104745,10375.0,Rafael Nadal
1083406,2011-11-07,3,104918,7780.0,Andy Murray
1083407,2011-11-07,4,103819,7530.0,Roger Federer
1083408,2011-11-07,5,103970,4390.0,David Ferrer
1085357,2011-11-14,1,104925,13475.0,Novak Djokovic
1085358,2011-11-14,2,104745,9375.0,Rafael Nadal
1085359,2011-11-14,3,104918,7380.0,Andy Murray
1085360,2011-11-14,4,103819,6670.0,Roger Federer
1085361,2011-11-14,5,103970,4480.0,David Ferrer
1087300,2011-11-21,1,104925,13475.0,Novak Djokovic
1087301,2011-11-21,2,104745,9375.0,Rafael Nadal
1087302,2011-11-21,3,104918,7380.0,Andy Murray
1087303,2011-11-21,4,103819,6670.0,Roger Federer
1087304,2011-11-21,5,103970,4480.0,David Ferrer
1089249,2011-11-28,1,104925,13675.0,Novak Djokovic
1089250,2011-11-28,2,104745,9575.0,Rafael Nadal
1089251,2011-11-28,3,103819,8170.0,Roger Federer
1089252,2011-11-28,4,104918,7380.0,Andy Murray
1089253,2011-11-28,5,103970,4880.0,David Ferrer
1091200,2011-12-05,1,104925,13630.0,Novak Djokovic
1091201,2011-12-05,2,104745,9595.0,Rafael Nadal
1091202,2011-12-05,3,103819,8170.0,Roger Federer
1091203,2011-12-05,4,104918,7380.0,Andy Murray
1091204,2011-12-05,5,103970,4925.0,David Ferrer
1093149,2011-12-12,1,104925,13630.0,Novak Djokovic
1093150,2011-12-12,2,104745,9595.0,Rafael Nadal
1093151,2011-12-12,3,103819,8170.0,Roger Federer
1093152,2011-12-12,4,104918,7380.0,Andy Murray
1093153,2011-12-12,5,103970,4925.0,David Ferrer
1095101,2011-12-19,1,104925,13630.0,Novak Djokovic
1095102,2011-12-19,2,104745,9595.0,Rafael Nadal
1095103,2011-12-19,3,103819,8170.0,Roger Federer
1095104,2011-12-19,4,104918,7380.0,Andy Murray
1095105,2011-12-19,5,103970,4925.0,David Ferrer
1097049,2011-12-26,1,104925,13630.0,Novak Djokovic
1097050,2011-12-26,2,104745,9595.0,Rafael Nadal
1097051,2011-12-26,3,103819,8170.0,Roger Federer
1097052,2011-12-26,4,104918,7380.0,Andy Murray
1097053,2011-12-26,5,103970,4925.0,David Ferrer
1098992,2012-01-02,1,104925,13630.0,Novak Djokovic
1098993,2012-01-02,2,104745,9595.0,Rafael Nadal
1098994,2012-01-02,3,103819,8170.0,Roger Federer
1098995,2012-01-02,4,104918,7380.0,Andy Murray
1098996,2012-01-02,5,103970,4925.0,David Ferrer
1100936,2012-01-09,1,104925,13630.0,Novak Djokovic
1100937,2012-01-09,2,104745,9595.0,Rafael Nadal
1100938,2012-01-09,3,103819,8010.0,Roger Federer
1100939,2012-01-09,4,104918,7380.0,Andy Murray
1100940,2012-01-09,5,103970,4925.0,David Ferrer
1102881,2012-01-16,1,104925,13630.0,Novak Djokovic
1102882,2012-01-16,2,104745,9595.0,Rafael Nadal
1102883,2012-01-16,3,103819,8010.0,Roger Federer
1102884,2012-01-16,4,104918,7380.0,Andy Murray
1102885,2012-01-16,5,103970,4925.0,David Ferrer
1104822,2012-01-30,1,104925,13630.0,Novak Djokovic
1104823,2012-01-30,2,104745,10435.0,Rafael Nadal
1104824,2012-01-30,3,103819,8010.0,Roger Federer
1104825,2012-01-30,4,104918,6900.0,Andy Murray
1104826,2012-01-30,5,103970,4565.0,David Ferrer
1106749,2012-02-06,1,104925,13630.0,Novak Djokovic
1106750,2012-02-06,2,104745,10435.0,Rafael Nadal
1106751,2012-02-06,3,103819,8010.0,Roger Federer
1106752,2012-02-06,4,104918,6900.0,Andy Murray
1106753,2012-02-06,5,103970,4565.0,David Ferrer
1108681,2012-02-13,1,104925,13630.0,Novak Djokovic
1108682,2012-02-13,2,104745,10435.0,Rafael Nadal
1108683,2012-02-13,3,103819,8010.0,Roger Federer
1108684,2012-02-13,4,104918,7150.0,Andy Murray
1108685,2012-02-13,5,103970,4565.0,David Ferrer
1110611,2012-02-20,1,104925,13630.0,Novak Djokovic
1110612,2012-02-20,2,104745,10435.0,Rafael Nadal
1110613,2012-02-20,3,103819,8330.0,Roger Federer
1110614,2012-02-20,4,104918,7150.0,Andy Murray
1110615,2012-02-20,5,103970,4595.0,David Ferrer
1112543,2012-02-27,1,104925,13130.0,Novak Djokovic
1112544,2012-02-27,2,104745,10435.0,Rafael Nadal
1112545,2012-02-27,3,103819,8235.0,Roger Federer
1112546,2012-02-27,4,104918,7150.0,Andy Murray
1112547,2012-02-27,5,104542,4410.0,Jo-Wilfried Tsonga
1114481,2012-03-05,1,104925,13310.0,Novak Djokovic
1114482,2012-03-05,2,104745,10415.0,Rafael Nadal
1114483,2012-03-05,3,103819,8710.0,Roger Federer
1114484,2012-03-05,4,104918,7450.0,Andy Murray
1114485,2012-03-05,5,103970,4665.0,David Ferrer
1116422,2012-03-19,1,104925,12670.0,Novak Djokovic
1116423,2012-03-19,2,104745,10175.0,Rafael Nadal
1116424,2012-03-19,3,103819,9350.0,Roger Federer
1116425,2012-03-19,4,104918,7450.0,Andy Murray
1116426,2012-03-19,5,103970,4700.0,David Ferrer
1118357,2012-04-02,1,104925,12670.0,Novak Djokovic
1118358,2012-04-02,2,104745,9935.0,Rafael Nadal
1118359,2012-04-02,3,103819,9035.0,Roger Federer
1118360,2012-04-02,4,104918,8040.0,Andy Murray
1118361,2012-04-02,5,103970,4700.0,David Ferrer
1120298,2012-04-09,1,104925,12670.0,Novak Djokovic
1120299,2012-04-09,2,104745,9935.0,Rafael Nadal
1120300,2012-04-09,3,103819,9035.0,Roger Federer
1120301,2012-04-09,4,104918,8040.0,Andy Murray
1120302,2012-04-09,5,104542,4735.0,Jo-Wilfried Tsonga
1122242,2012-04-16,1,104925,12670.0,Novak Djokovic
1122243,2012-04-16,2,104745,9215.0,Rafael Nadal
1122244,2012-04-16,3,103819,8880.0,Roger Federer
1122245,2012-04-16,4,104918,7680.0,Andy Murray
1122246,2012-04-16,5,104542,4795.0,Jo-Wilfried Tsonga
1124190,2012-04-23,1,104925,13270.0,Novak Djokovic
1124191,2012-04-23,2,104745,9715.0,Rafael Nadal
1124192,2012-04-23,3,103819,8880.0,Roger Federer
1124193,2012-04-23,4,104918,7860.0,Andy Murray
1124194,2012-04-23,5,104542,4830.0,Jo-Wilfried Tsonga
1126136,2012-04-30,1,104925,13020.0,Novak Djokovic
1126137,2012-04-30,2,104745,10170.0,Rafael Nadal
1126138,2012-04-30,3,103819,8880.0,Roger Federer
1126139,2012-04-30,4,104918,7860.0,Andy Murray
1126140,2012-04-30,5,104542,4830.0,Jo-Wilfried Tsonga
1128088,2012-05-07,1,104925,12020.0,Novak Djokovic
1128089,2012-05-07,2,104745,9615.0,Rafael Nadal
1128090,2012-05-07,3,103819,8520.0,Roger Federer
1128091,2012-05-07,4,104918,7860.0,Andy Murray
1128092,2012-05-07,5,104542,4885.0,Jo-Wilfried Tsonga
1130038,2012-05-14,1,104925,11200.0,Novak Djokovic
1130039,2012-05-14,2,103819,9430.0,Roger Federer
1130040,2012-05-14,3,104745,9105.0,Rafael Nadal
1130041,2012-05-14,4,104918,7500.0,Andy Murray
1130042,2012-05-14,5,104542,4930.0,Jo-Wilfried Tsonga
1131990,2012-05-21,1,104925,11800.0,Novak Djokovic
1131991,2012-05-21,2,104745,10060.0,Rafael Nadal
1131992,2012-05-21,3,103819,9790.0,Roger Federer
1131993,2012-05-21,4,104918,7500.0,Andy Murray
1131994,2012-05-21,5,104542,4965.0,Jo-Wilfried Tsonga
1133929,2012-05-28,1,104925,11800.0,Novak Djokovic
1133930,2012-05-28,2,104745,10060.0,Rafael Nadal
1133931,2012-05-28,3,103819,9790.0,Roger Federer
1133932,2012-05-28,4,104918,7500.0,Andy Murray
1133933,2012-05-28,5,104542,4965.0,Jo-Wilfried Tsonga
1135883,2012-06-11,1,104925,12280.0,Novak Djokovic
1135884,2012-06-11,2,104745,10060.0,Rafael Nadal
1135885,2012-06-11,3,103819,9310.0,Roger Federer
1135886,2012-06-11,4,104918,6980.0,Andy Murray
1135887,2012-06-11,5,104542,5230.0,Jo-Wilfried Tsonga
1137793,2012-06-18,1,104925,12280.0,Novak Djokovic
1137794,2012-06-18,2,104745,10060.0,Rafael Nadal
1137795,2012-06-18,3,103819,9435.0,Roger Federer
1137796,2012-06-18,4,104918,6980.0,Andy Murray
1137797,2012-06-18,5,104542,5230.0,Jo-Wilfried Tsonga
1139704,2012-06-25,1,104925,12280.0,Novak Djokovic
1139705,2012-06-25,2,104745,10060.0,Rafael Nadal
1139706,2012-06-25,3,103819,9435.0,Roger Federer
1139707,2012-06-25,4,104918,6980.0,Andy Murray
1139708,2012-06-25,5,103970,5250.0,David Ferrer
1141629,2012-07-09,1,103819,11075.0,Roger Federer
1141630,2012-07-09,2,104925,11000.0,Novak Djokovic
1141631,2012-07-09,3,104745,8905.0,Rafael Nadal
1141632,2012-07-09,4,104918,7460.0,Andy Murray
1141633,2012-07-09,5,103970,5430.0,David Ferrer
1143541,2012-07-16,1,103819,11075.0,Roger Federer
1143542,2012-07-16,2,104925,11000.0,Novak Djokovic
1143543,2012-07-16,3,104745,8905.0,Rafael Nadal
1143544,2012-07-16,4,104918,7460.0,Andy Murray
1143545,2012-07-16,5,103970,5455.0,David Ferrer
1145410,2012-07-23,1,103819,11075.0,Roger Federer
1145411,2012-07-23,2,104925,11000.0,Novak Djokovic
1145412,2012-07-23,3,104745,8905.0,Rafael Nadal
1145413,2012-07-23,4,104918,7460.0,Andy Murray
1145414,2012-07-23,5,103970,5455.0,David Ferrer
1147326,2012-07-30,1,103819,11075.0,Roger Federer
1147327,2012-07-30,2,104925,11000.0,Novak Djokovic
1147328,2012-07-30,3,104745,8905.0,Rafael Nadal
1147329,2012-07-30,4,104918,7460.0,Andy Murray
1147330,2012-07-30,5,103970,5455.0,David Ferrer
1149252,2012-08-06,1,103819,11435.0,Roger Federer
1149253,2012-08-06,2,104925,11270.0,Novak Djokovic
1149254,2012-08-06,3,104745,8905.0,Rafael Nadal
1149255,2012-08-06,4,104918,8120.0,Andy Murray
1149256,2012-08-06,5,103970,5455.0,David Ferrer
1151189,2012-08-13,1,103819,11345.0,Roger Federer
1151190,2012-08-13,2,104925,11270.0,Novak Djokovic
1151191,2012-08-13,3,104745,8895.0,Rafael Nadal
1151192,2012-08-13,4,104918,8200.0,Andy Murray
1151193,2012-08-13,5,103970,5455.0,David Ferrer
1153127,2012-08-20,1,103819,12165.0,Roger Federer
1153128,2012-08-20,2,104925,11270.0,Novak Djokovic
1153129,2012-08-20,3,104745,8715.0,Rafael Nadal
1153130,2012-08-20,4,104918,7290.0,Andy Murray
1153131,2012-08-20,5,103970,5375.0,David Ferrer
1155058,2012-08-27,1,103819,12165.0,Roger Federer
1155059,2012-08-27,2,104925,11270.0,Novak Djokovic
1155060,2012-08-27,3,104745,8715.0,Rafael Nadal
1155061,2012-08-27,4,104918,7290.0,Andy Murray
1155062,2012-08-27,5,103970,5375.0,David Ferrer
1156990,2012-09-10,1,103819,11805.0,Roger Federer
1156991,2012-09-10,2,104925,10470.0,Novak Djokovic
1156992,2012-09-10,3,104918,8570.0,Andy Murray
1156993,2012-09-10,4,104745,7515.0,Rafael Nadal
1156994,2012-09-10,5,103970,5915.0,David Ferrer
1158912,2012-09-17,1,103819,11805.0,Roger Federer
1158913,2012-09-17,2,104925,10470.0,Novak Djokovic
1158914,2012-09-17,3,104918,8570.0,Andy Murray
1158915,2012-09-17,4,104745,7385.0,Rafael Nadal
1158916,2012-09-17,5,103970,5960.0,David Ferrer
1160848,2012-09-24,1,103819,11805.0,Roger Federer
1160849,2012-09-24,2,104925,10470.0,Novak Djokovic
1160850,2012-09-24,3,104918,8570.0,Andy Murray
1160851,2012-09-24,4,104745,7385.0,Rafael Nadal
1160852,2012-09-24,5,103970,5960.0,David Ferrer
1162794,2012-10-01,1,103819,11805.0,Roger Federer
1162795,2012-10-01,2,104925,10470.0,Novak Djokovic
1162796,2012-10-01,3,104918,8410.0,Andy Murray
1162797,2012-10-01,4,104745,7385.0,Rafael Nadal
1162798,2012-10-01,5,103970,5960.0,David Ferrer
1164747,2012-10-08,1,103819,11805.0,Roger Federer
1164748,2012-10-08,2,104925,10970.0,Novak Djokovic
1164749,2012-10-08,3,104918,8090.0,Andy Murray
1164750,2012-10-08,4,104745,7085.0,Rafael Nadal
1164751,2012-10-08,5,103970,5960.0,David Ferrer
1166698,2012-10-15,1,103819,12165.0,Roger Federer
1166699,2012-10-15,2,104925,11970.0,Novak Djokovic
1166700,2012-10-15,3,104918,7690.0,Andy Murray
1166701,2012-10-15,4,104745,6995.0,Rafael Nadal
1166702,2012-10-15,5,103970,5360.0,David Ferrer
1168645,2012-10-22,1,103819,12165.0,Roger Federer
1168646,2012-10-22,2,104925,11970.0,Novak Djokovic
1168647,2012-10-22,3,104918,7690.0,Andy Murray
1168648,2012-10-22,4,104745,6995.0,Rafael Nadal
1168649,2012-10-22,5,103970,5360.0,David Ferrer
1170593,2012-10-29,1,103819,12315.0,Roger Federer
1170594,2012-10-29,2,104925,11970.0,Novak Djokovic
1170595,2012-10-29,3,104918,7690.0,Andy Murray
1170596,2012-10-29,4,104745,6905.0,Rafael Nadal
1170597,2012-10-29,5,103970,5610.0,David Ferrer
1172547,2012-11-05,1,104925,11420.0,Novak Djokovic
1172548,2012-11-05,2,103819,9465.0,Roger Federer
1172549,2012-11-05,3,104918,7600.0,Andy Murray
1172550,2012-11-05,4,104745,6795.0,Rafael Nadal
1172551,2012-11-05,5,103970,6030.0,David Ferrer
1174498,2012-11-12,1,104925,12920.0,Novak Djokovic
1174499,2012-11-12,2,103819,10265.0,Roger Federer
1174500,2012-11-12,3,104918,8000.0,Andy Murray
1174501,2012-11-12,4,104745,6795.0,Rafael Nadal
1174502,2012-11-12,5,103970,6430.0,David Ferrer
1176454,2012-11-19,1,104925,12920.0,Novak Djokovic
1176455,2012-11-19,2,103819,10265.0,Roger Federer
1176456,2012-11-19,3,104918,8000.0,Andy Murray
1176457,2012-11-19,4,104745,6795.0,Rafael Nadal
1176458,2012-11-19,5,103970,6505.0,David Ferrer
1178391,2012-11-26,1,104925,12920.0,Novak Djokovic
1178392,2012-11-26,2,103819,10265.0,Roger Federer
1178393,2012-11-26,3,104918,8000.0,Andy Murray
1178394,2012-11-26,4,104745,6795.0,Rafael Nadal
1178395,2012-11-26,5,103970,6505.0,David Ferrer
1180329,2012-12-03,1,104925,12920.0,Novak Djokovic
1180330,2012-12-03,2,103819,10265.0,Roger Federer
1180331,2012-12-03,3,104918,8000.0,Andy Murray
1180332,2012-12-03,4,104745,6690.0,Rafael Nadal
1180333,2012-12-03,5,103970,6505.0,David Ferrer
1182282,2012-12-10,1,104925,12920.0,Novak Djokovic
1182283,2012-12-10,2,103819,10265.0,Roger Federer
1182284,2012-12-10,3,104918,8000.0,Andy Murray
1182285,2012-12-10,4,104745,6690.0,Rafael Nadal
1182286,2012-12-10,5,103970,6505.0,David Ferrer
1184253,2012-12-17,1,104925,12920.0,Novak Djokovic
1184254,2012-12-17,2,103819,10265.0,Roger Federer
1184255,2012-12-17,3,104918,8000.0,Andy Murray
1184256,2012-12-17,4,104745,6690.0,Rafael Nadal
1184257,2012-12-17,5,103970,6505.0,David Ferrer
1186234,2012-12-24,1,104925,12920.0,Novak Djokovic
1186235,2012-12-24,2,103819,10265.0,Roger Federer
1186236,2012-12-24,3,104918,8000.0,Andy Murray
1186237,2012-12-24,4,104745,6690.0,Rafael Nadal
1186238,2012-12-24,5,103970,6505.0,David Ferrer
1188218,2012-12-31,1,104925,12920.0,Novak Djokovic
1188219,2012-12-31,2,103819,10265.0,Roger Federer
1188220,2012-12-31,3,104918,8000.0,Andy Murray
1188221,2012-12-31,4,104745,6690.0,Rafael Nadal
1188222,2012-12-31,5,103970,6505.0,David Ferrer
1190203,2013-01-07,1,104925,12920.0,Novak Djokovic
1190204,2013-01-07,2,103819,10265.0,Roger Federer
1190205,2013-01-07,3,104918,8000.0,Andy Murray
1190206,2013-01-07,4,104745,6600.0,Rafael Nadal
1190207,2013-01-07,5,103970,6505.0,David Ferrer
1192189,2013-01-14,1,104925,12920.0,Novak Djokovic
1192190,2013-01-14,2,103819,10265.0,Roger Federer
1192191,2013-01-14,3,104918,8000.0,Andy Murray
1192192,2013-01-14,4,104745,6600.0,Rafael Nadal
1192193,2013-01-14,5,103970,6505.0,David Ferrer
1194175,2013-01-28,1,104925,12920.0,Novak Djokovic
1194176,2013-01-28,2,103819,10265.0,Roger Federer
1194177,2013-01-28,3,104918,8480.0,Andy Murray
1194178,2013-01-28,4,103970,6865.0,David Ferrer
1194179,2013-01-28,5,104745,5400.0,Rafael Nadal
1196153,2013-02-04,1,104925,12960.0,Novak Djokovic
1196154,2013-02-04,2,103819,10265.0,Roger Federer
1196155,2013-02-04,3,104918,8480.0,Andy Murray
1196156,2013-02-04,4,103970,6865.0,David Ferrer
1196157,2013-02-04,5,104745,5400.0,Rafael Nadal
1198130,2013-02-11,1,104925,12960.0,Novak Djokovic
1198131,2013-02-11,2,103819,10265.0,Roger Federer
1198132,2013-02-11,3,104918,8480.0,Andy Murray
1198133,2013-02-11,4,103970,6865.0,David Ferrer
1198134,2013-02-11,5,104745,5550.0,Rafael Nadal
1200107,2013-02-18,1,104925,12960.0,Novak Djokovic
1200108,2013-02-18,2,103819,9855.0,Roger Federer
1200109,2013-02-18,3,104918,8480.0,Andy Murray
1200110,2013-02-18,4,103970,6865.0,David Ferrer
1200111,2013-02-18,5,104745,5755.0,Rafael Nadal
1202088,2013-02-25,1,104925,12960.0,Novak Djokovic
1202089,2013-02-25,2,103819,9855.0,Roger Federer
1202090,2013-02-25,3,104918,8480.0,Andy Murray
1202091,2013-02-25,4,103970,6865.0,David Ferrer
1202092,2013-02-25,5,104745,5755.0,Rafael Nadal
1204065,2013-03-04,1,104925,13280.0,Novak Djokovic
1204066,2013-03-04,2,103819,9535.0,Roger Federer
1204067,2013-03-04,3,104918,8180.0,Andy Murray
1204068,2013-03-04,4,103970,6665.0,David Ferrer
1204069,2013-03-04,5,104745,6105.0,Rafael Nadal
1206042,2013-03-18,1,104925,13280.0,Novak Djokovic
1206043,2013-03-18,2,103819,8715.0,Roger Federer
1206044,2013-03-18,3,104918,8350.0,Andy Murray
1206045,2013-03-18,4,104745,6745.0,Rafael Nadal
1206046,2013-03-18,5,103970,6630.0,David Ferrer
1208023,2013-04-01,1,104925,12370.0,Novak Djokovic
1208024,2013-04-01,2,104918,8750.0,Andy Murray
1208025,2013-04-01,3,103819,8670.0,Roger Federer
1208026,2013-04-01,4,103970,7050.0,David Ferrer
1208027,2013-04-01,5,104745,6385.0,Rafael Nadal
1209998,2013-04-08,1,104925,12500.0,Novak Djokovic
1209999,2013-04-08,2,104918,8750.0,Andy Murray
1210000,2013-04-08,3,103819,8670.0,Roger Federer
1210001,2013-04-08,4,103970,6970.0,David Ferrer
1210002,2013-04-08,5,104745,6385.0,Rafael Nadal
1211966,2013-04-15,1,104925,12500.0,Novak Djokovic
1211967,2013-04-15,2,104918,8750.0,Andy Murray
1211968,2013-04-15,3,103819,8670.0,Roger Federer
1211969,2013-04-15,4,103970,6970.0,David Ferrer
1211970,2013-04-15,5,104745,6385.0,Rafael Nadal
1213936,2013-04-22,1,104925,12900.0,Novak Djokovic
1213937,2013-04-22,2,103819,8670.0,Roger Federer
1213938,2013-04-22,3,104918,8660.0,Andy Murray
1213939,2013-04-22,4,103970,6970.0,David Ferrer
1213940,2013-04-22,5,104745,5985.0,Rafael Nadal
1215906,2013-04-29,1,104925,12900.0,Novak Djokovic
1215907,2013-04-29,2,103819,8670.0,Roger Federer
1215908,2013-04-29,3,104918,8570.0,Andy Murray
1215909,2013-04-29,4,103970,6920.0,David Ferrer
1215910,2013-04-29,5,104745,5985.0,Rafael Nadal
1217868,2013-05-06,1,104925,12900.0,Novak Djokovic
1217869,2013-05-06,2,103819,8670.0,Roger Federer
1217870,2013-05-06,3,104918,8570.0,Andy Murray
1217871,2013-05-06,4,103970,6920.0,David Ferrer
1217872,2013-05-06,5,104745,5985.0,Rafael Nadal
1219842,2013-05-13,1,104925,12730.0,Novak Djokovic
1219843,2013-05-13,2,104918,8750.0,Andy Murray
1219844,2013-05-13,3,103819,7760.0,Roger Federer
1219845,2013-05-13,4,103970,6920.0,David Ferrer
1219846,2013-05-13,5,104745,6895.0,Rafael Nadal
1221823,2013-05-20,1,104925,12310.0,Novak Djokovic
1221824,2013-05-20,2,104918,8670.0,Andy Murray
1221825,2013-05-20,3,103819,8000.0,Roger Federer
1221826,2013-05-20,4,104745,6895.0,Rafael Nadal
1221827,2013-05-20,5,103970,6740.0,David Ferrer
1223814,2013-05-27,1,104925,12310.0,Novak Djokovic
1223815,2013-05-27,2,104918,8670.0,Andy Murray
1223816,2013-05-27,3,103819,8000.0,Roger Federer
1223817,2013-05-27,4,104745,6895.0,Rafael Nadal
1223818,2013-05-27,5,103970,6740.0,David Ferrer
1225815,2013-06-10,1,104925,11830.0,Novak Djokovic
1225816,2013-06-10,2,104918,8310.0,Andy Murray
1225817,2013-06-10,3,103819,7640.0,Roger Federer
1225818,2013-06-10,4,103970,7220.0,David Ferrer
1225819,2013-06-10,5,104745,6895.0,Rafael Nadal
1227826,2013-06-17,1,104925,11830.0,Novak Djokovic
1227827,2013-06-17,2,104918,8560.0,Andy Murray
1227828,2013-06-17,3,103819,7740.0,Roger Federer
1227829,2013-06-17,4,103970,7220.0,David Ferrer
1227830,2013-06-17,5,104745,6895.0,Rafael Nadal
1229858,2013-06-24,1,104925,11830.0,Novak Djokovic
1229859,2013-06-24,2,104918,8560.0,Andy Murray
1229860,2013-06-24,3,103819,7740.0,Roger Federer
1229861,2013-06-24,4,103970,7220.0,David Ferrer
1229862,2013-06-24,5,104745,6895.0,Rafael Nadal
1231896,2013-07-08,1,104925,12310.0,Novak Djokovic
1231897,2013-07-08,2,104918,9360.0,Andy Murray
1231898,2013-07-08,3,103970,7220.0,David Ferrer
1231899,2013-07-08,4,104745,6860.0,Rafael Nadal
1231900,2013-07-08,5,103819,5785.0,Roger Federer
1233941,2013-07-15,1,104925,12310.0,Novak Djokovic
1233942,2013-07-15,2,104918,9360.0,Andy Murray
1233943,2013-07-15,3,103970,7120.0,David Ferrer
1233944,2013-07-15,4,104745,6860.0,Rafael Nadal
1233945,2013-07-15,5,103819,5785.0,Roger Federer
1236003,2013-07-22,1,104925,12310.0,Novak Djokovic
1236004,2013-07-22,2,104918,9360.0,Andy Murray
1236005,2013-07-22,3,103970,7120.0,David Ferrer
1236006,2013-07-22,4,104745,6860.0,Rafael Nadal
1236007,2013-07-22,5,103819,5875.0,Roger Federer
1238060,2013-07-29,1,104925,12310.0,Novak Djokovic
1238061,2013-07-29,2,104918,9360.0,Andy Murray
1238062,2013-07-29,3,103970,7120.0,David Ferrer
1238063,2013-07-29,4,104745,6860.0,Rafael Nadal
1238064,2013-07-29,5,103819,5875.0,Roger Federer
1240111,2013-08-05,1,104925,12040.0,Novak Djokovic
1240112,2013-08-05,2,104918,8610.0,Andy Murray
1240113,2013-08-05,3,103970,7120.0,David Ferrer
1240114,2013-08-05,4,104745,6860.0,Rafael Nadal
1240115,2013-08-05,5,103819,5515.0,Roger Federer
1242180,2013-08-12,1,104925,11400.0,Novak Djokovic
1242181,2013-08-12,2,104918,8610.0,Andy Murray
1242182,2013-08-12,3,104745,7860.0,Rafael Nadal
1242183,2013-08-12,4,103970,7130.0,David Ferrer
1242184,2013-08-12,5,103819,5515.0,Roger Federer
1244254,2013-08-19,1,104925,10980.0,Novak Djokovic
1244255,2013-08-19,2,104745,8860.0,Rafael Nadal
1244256,2013-08-19,3,104918,8700.0,Andy Murray
1244257,2013-08-19,4,103970,7210.0,David Ferrer
1244258,2013-08-19,5,104607,5135.0,Tomas Berdych
1246345,2013-08-26,1,104925,10980.0,Novak Djokovic
1246346,2013-08-26,2,104745,8860.0,Rafael Nadal
1246347,2013-08-26,3,104918,8700.0,Andy Murray
1246348,2013-08-26,4,103970,7210.0,David Ferrer
1246349,2013-08-26,5,104607,5075.0,Tomas Berdych
1248449,2013-09-09,1,104925,10980.0,Novak Djokovic
1248450,2013-09-09,2,104745,10860.0,Rafael Nadal
1248451,2013-09-09,3,104918,7060.0,Andy Murray
1248452,2013-09-09,4,103970,6850.0,David Ferrer
1248453,2013-09-09,5,104607,4535.0,Tomas Berdych
1250590,2013-09-16,1,104925,11120.0,Novak Djokovic
1250591,2013-09-16,2,104745,10860.0,Rafael Nadal
1250592,2013-09-16,3,104918,7075.0,Andy Murray
1250593,2013-09-16,4,103970,6710.0,David Ferrer
1250594,2013-09-16,5,103819,4515.0,Roger Federer
1252715,2013-09-23,1,104925,11120.0,Novak Djokovic
1252716,2013-09-23,2,104745,10860.0,Rafael Nadal
1252717,2013-09-23,3,104918,7075.0,Andy Murray
1252718,2013-09-23,4,103970,6710.0,David Ferrer
1252719,2013-09-23,5,103819,4515.0,Roger Federer
1254839,2013-09-30,1,104925,11120.0,Novak Djokovic
1254840,2013-09-30,2,104745,10860.0,Rafael Nadal
1254841,2013-09-30,3,104918,7075.0,Andy Murray
1254842,2013-09-30,4,103970,6710.0,David Ferrer
1254843,2013-09-30,5,104607,4520.0,Tomas Berdych
1256966,2013-10-07,1,104745,11160.0,Rafael Nadal
1256967,2013-10-07,2,104925,11120.0,Novak Djokovic
1256968,2013-10-07,3,104918,6895.0,Andy Murray
1256969,2013-10-07,4,103970,6710.0,David Ferrer
1256970,2013-10-07,5,105223,4925.0,Juan Martin del Potro
1259102,2013-10-14,1,104745,11520.0,Rafael Nadal
1259103,2013-10-14,2,104925,11120.0,Novak Djokovic
1259104,2013-10-14,3,103970,6800.0,David Ferrer
1259105,2013-10-14,4,104918,6295.0,Andy Murray
1259106,2013-10-14,5,105223,5525.0,Juan Martin del Potro
1261242,2013-10-21,1,104745,11520.0,Rafael Nadal
1261243,2013-10-21,2,104925,11120.0,Novak Djokovic
1261244,2013-10-21,3,103970,6800.0,David Ferrer
1261245,2013-10-21,4,104918,6295.0,Andy Murray
1261246,2013-10-21,5,105223,5365.0,Juan Martin del Potro
1263403,2013-10-28,1,104745,11670.0,Rafael Nadal
1263404,2013-10-28,2,104925,11120.0,Novak Djokovic
1263405,2013-10-28,3,103970,6600.0,David Ferrer
1263406,2013-10-28,4,104918,6280.0,Andy Murray
1263407,2013-10-28,5,105223,5365.0,Juan Martin del Potro
1265574,2013-11-04,1,104745,12030.0,Rafael Nadal
1265575,2013-11-04,2,104925,10610.0,Novak Djokovic
1265576,2013-11-04,3,103970,5800.0,David Ferrer
1265577,2013-11-04,4,104918,5790.0,Andy Murray
1265578,2013-11-04,5,105223,5055.0,Juan Martin del Potro
1267753,2013-11-11,1,104745,13030.0,Rafael Nadal
1267754,2013-11-11,2,104925,12110.0,Novak Djokovic
1267755,2013-11-11,3,103970,5800.0,David Ferrer
1267756,2013-11-11,4,104918,5790.0,Andy Murray
1267757,2013-11-11,5,105223,5255.0,Juan Martin del Potro
1269927,2013-11-18,1,104745,13030.0,Rafael Nadal
1269928,2013-11-18,2,104925,12260.0,Novak Djokovic
1269929,2013-11-18,3,103970,5800.0,David Ferrer
1269930,2013-11-18,4,104918,5790.0,Andy Murray
1269931,2013-11-18,5,105223,5255.0,Juan Martin del Potro
1272107,2013-11-25,1,104745,13030.0,Rafael Nadal
1272108,2013-11-25,2,104925,12260.0,Novak Djokovic
1272109,2013-11-25,3,103970,5800.0,David Ferrer
1272110,2013-11-25,4,104918,5790.0,Andy Murray
1272111,2013-11-25,5,105223,5255.0,Juan Martin del Potro
1274296,2013-12-02,1,104745,13030.0,Rafael Nadal
1274297,2013-12-02,2,104925,12260.0,Novak Djokovic
1274298,2013-12-02,3,103970,5800.0,David Ferrer
1274299,2013-12-02,4,104918,5790.0,Andy Murray
1274300,2013-12-02,5,105223,5255.0,Juan Martin del Potro
1276478,2013-12-09,1,104745,13030.0,Rafael Nadal
1276479,2013-12-09,2,104925,12260.0,Novak Djokovic
1276480,2013-12-09,3,103970,5800.0,David Ferrer
1276481,2013-12-09,4,104918,5790.0,Andy Murray
1276482,2013-12-09,5,105223,5255.0,Juan Martin del Potro
1278660,2013-12-16,1,104745,13030.0,Rafael Nadal
1278661,2013-12-16,2,104925,12260.0,Novak Djokovic
1278662,2013-12-16,3,103970,5800.0,David Ferrer
1278663,2013-12-16,4,104918,5790.0,Andy Murray
1278664,2013-12-16,5,105223,5255.0,Juan Martin del Potro
1280832,2013-12-23,1,104745,13030.0,Rafael Nadal
1280833,2013-12-23,2,104925,12260.0,Novak Djokovic
1280834,2013-12-23,3,103970,5800.0,David Ferrer
1280835,2013-12-23,4,104918,5790.0,Andy Murray
1280836,2013-12-23,5,105223,5255.0,Juan Martin del Potro
1283001,2013-12-30,1,104745,13030.0,Rafael Nadal
1283002,2013-12-30,2,104925,12260.0,Novak Djokovic
1283003,2013-12-30,3,103970,5800.0,David Ferrer
1283004,2013-12-30,4,104918,5790.0,Andy Murray
1283005,2013-12-30,5,105223,5255.0,Juan Martin del Potro
1285170,2014-01-06,1,104745,13130.0,Rafael Nadal
1285171,2014-01-06,2,104925,12260.0,Novak Djokovic
1285172,2014-01-06,3,103970,5800.0,David Ferrer
1285173,2014-01-06,4,104918,5560.0,Andy Murray
1285174,2014-01-06,5,105223,5255.0,Juan Martin del Potro
1287331,2014-01-13,1,104745,13130.0,Rafael Nadal
1287332,2014-01-13,2,104925,12260.0,Novak Djokovic
1287333,2014-01-13,3,103970,5640.0,David Ferrer
1287334,2014-01-13,4,104918,5560.0,Andy Murray
1287335,2014-01-13,5,105223,5415.0,Juan Martin del Potro
1289491,2014-01-27,1,104745,14330.0,Rafael Nadal
1289492,2014-01-27,2,104925,10620.0,Novak Djokovic
1289493,2014-01-27,3,104527,5710.0,Stan Wawrinka
1289494,2014-01-27,4,105223,5370.0,Juan Martin del Potro
1289495,2014-01-27,5,103970,5280.0,David Ferrer
1291653,2014-02-03,1,104745,14330.0,Rafael Nadal
1291654,2014-02-03,2,104925,10580.0,Novak Djokovic
1291655,2014-02-03,3,104527,5710.0,Stan Wawrinka
1291656,2014-02-03,4,105223,5370.0,Juan Martin del Potro
1291657,2014-02-03,5,103970,5280.0,David Ferrer
1293816,2014-02-10,1,104745,14330.0,Rafael Nadal
1293817,2014-02-10,2,104925,10580.0,Novak Djokovic
1293818,2014-02-10,3,104527,5710.0,Stan Wawrinka
1293819,2014-02-10,4,105223,5370.0,Juan Martin del Potro
1293820,2014-02-10,5,103970,5280.0,David Ferrer
1295985,2014-02-17,1,104745,14085.0,Rafael Nadal
1295986,2014-02-17,2,104925,10580.0,Novak Djokovic
1295987,2014-02-17,3,104527,5620.0,Stan Wawrinka
1295988,2014-02-17,4,103970,5440.0,David Ferrer
1295989,2014-02-17,5,105223,4960.0,Juan Martin del Potro
1298156,2014-02-24,1,104745,14580.0,Rafael Nadal
1298157,2014-02-24,2,104925,10580.0,Novak Djokovic
1298158,2014-02-24,3,104527,5560.0,Stan Wawrinka
1298159,2014-02-24,4,103970,5370.0,David Ferrer
1298160,2014-02-24,5,105223,4960.0,Juan Martin del Potro
1300333,2014-03-03,1,104745,14085.0,Rafael Nadal
1300334,2014-03-03,2,104925,10260.0,Novak Djokovic
1300335,2014-03-03,3,104527,5650.0,Stan Wawrinka
1300336,2014-03-03,4,103970,5160.0,David Ferrer
1300337,2014-03-03,5,104607,4890.0,Tomas Berdych
1302509,2014-03-17,1,104745,13130.0,Rafael Nadal
1302510,2014-03-17,2,104925,10900.0,Novak Djokovic
1302511,2014-03-17,3,104527,5650.0,Stan Wawrinka
1302512,2014-03-17,4,103970,5150.0,David Ferrer
1302513,2014-03-17,5,103819,5045.0,Roger Federer
1304694,2014-03-31,1,104745,13730.0,Rafael Nadal
1304695,2014-03-31,2,104925,11810.0,Novak Djokovic
1304696,2014-03-31,3,104527,5740.0,Stan Wawrinka
1304697,2014-03-31,4,103819,5225.0,Roger Federer
1304698,2014-03-31,5,104607,4720.0,Tomas Berdych
1306894,2014-04-07,1,104745,13730.0,Rafael Nadal
1306895,2014-04-07,2,104925,11680.0,Novak Djokovic
1306896,2014-04-07,3,104527,5760.0,Stan Wawrinka
1306897,2014-04-07,4,103819,5355.0,Roger Federer
1306898,2014-04-07,5,104607,4720.0,Tomas Berdych
1309090,2014-04-14,1,104745,13730.0,Rafael Nadal
1309091,2014-04-14,2,104925,11680.0,Novak Djokovic
1309092,2014-04-14,3,104527,5760.0,Stan Wawrinka
1309093,2014-04-14,4,103819,5355.0,Roger Federer
1309094,2014-04-14,5,104607,4720.0,Tomas Berdych
1311297,2014-04-21,1,104745,13310.0,Rafael Nadal
1311298,2014-04-21,2,104925,11040.0,Novak Djokovic
1311299,2014-04-21,3,104527,6580.0,Stan Wawrinka
1311300,2014-04-21,4,103819,5805.0,Roger Federer
1311301,2014-04-21,5,103970,4910.0,David Ferrer
1313505,2014-04-28,1,104745,12900.0,Rafael Nadal
1313506,2014-04-28,2,104925,11040.0,Novak Djokovic
1313507,2014-04-28,3,104527,6580.0,Stan Wawrinka
1313508,2014-04-28,4,103819,5805.0,Roger Federer
1313509,2014-04-28,5,103970,4910.0,David Ferrer
1315721,2014-05-05,1,104745,12900.0,Rafael Nadal
1315722,2014-05-05,2,104925,11040.0,Novak Djokovic
1315723,2014-05-05,3,104527,6375.0,Stan Wawrinka
1315724,2014-05-05,4,103819,5805.0,Roger Federer
1315725,2014-05-05,5,103970,4850.0,David Ferrer
1317944,2014-05-12,1,104745,12900.0,Rafael Nadal
1317945,2014-05-12,2,104925,11030.0,Novak Djokovic
1317946,2014-05-12,3,104527,5785.0,Stan Wawrinka
1317947,2014-05-12,4,103819,5715.0,Roger Federer
1317948,2014-05-12,5,103970,5030.0,David Ferrer
1320171,2014-05-19,1,104745,12500.0,Rafael Nadal
1320172,2014-05-19,2,104925,11850.0,Novak Djokovic
1320173,2014-05-19,3,104527,5830.0,Stan Wawrinka
1320174,2014-05-19,4,103819,5125.0,Roger Federer
1320175,2014-05-19,5,103970,5030.0,David Ferrer
1322381,2014-05-26,1,104745,12500.0,Rafael Nadal
1322382,2014-05-26,2,104925,11850.0,Novak Djokovic
1322383,2014-05-26,3,104527,5830.0,Stan Wawrinka
1322384,2014-05-26,4,103819,5125.0,Roger Federer
1322385,2014-05-26,5,103970,5030.0,David Ferrer
1324580,2014-06-09,1,104745,12500.0,Rafael Nadal
1324581,2014-06-09,2,104925,12330.0,Novak Djokovic
1324582,2014-06-09,3,104527,5480.0,Stan Wawrinka
1324583,2014-06-09,4,103819,4945.0,Roger Federer
1324584,2014-06-09,5,104918,4840.0,Andy Murray
1326779,2014-06-16,1,104745,12500.0,Rafael Nadal
1326780,2014-06-16,2,104925,12330.0,Novak Djokovic
1326781,2014-06-16,3,104527,5525.0,Stan Wawrinka
1326782,2014-06-16,4,103819,4945.0,Roger Federer
1326783,2014-06-16,5,104918,4680.0,Andy Murray
1328990,2014-06-23,1,104745,12500.0,Rafael Nadal
1328991,2014-06-23,2,104925,12330.0,Novak Djokovic
1328992,2014-06-23,3,104527,5420.0,Stan Wawrinka
1328993,2014-06-23,4,103819,4945.0,Roger Federer
1328994,2014-06-23,5,104918,4680.0,Andy Murray
1331200,2014-07-07,1,104925,13130.0,Novak Djokovic
1331201,2014-07-07,2,104745,12670.0,Rafael Nadal
1331202,2014-07-07,3,103819,6100.0,Roger Federer
1331203,2014-07-07,4,104527,5770.0,Stan Wawrinka
1331204,2014-07-07,5,104607,4410.0,Tomas Berdych
1333433,2014-07-14,1,104925,13130.0,Novak Djokovic
1333434,2014-07-14,2,104745,12670.0,Rafael Nadal
1333435,2014-07-14,3,103819,6100.0,Roger Federer
1333436,2014-07-14,4,104527,5770.0,Stan Wawrinka
1333437,2014-07-14,5,104607,4410.0,Tomas Berdych
1335670,2014-07-21,1,104925,13130.0,Novak Djokovic
1335671,2014-07-21,2,104745,12670.0,Rafael Nadal
1335672,2014-07-21,3,103819,6070.0,Roger Federer
1335673,2014-07-21,4,104527,5770.0,Stan Wawrinka
1335674,2014-07-21,5,104607,4410.0,Tomas Berdych
1337910,2014-07-28,1,104925,13130.0,Novak Djokovic
1337911,2014-07-28,2,104745,12670.0,Rafael Nadal
1337912,2014-07-28,3,103819,6070.0,Roger Federer
1337913,2014-07-28,4,104527,5770.0,Stan Wawrinka
1337914,2014-07-28,5,104607,4410.0,Tomas Berdych
1340159,2014-08-04,1,104925,13130.0,Novak Djokovic
1340160,2014-08-04,2,104745,12670.0,Rafael Nadal
1340161,2014-08-04,3,103819,6070.0,Roger Federer
1340162,2014-08-04,4,104527,5770.0,Stan Wawrinka
1340163,2014-08-04,5,104607,4410.0,Tomas Berdych
1342411,2014-08-11,1,104925,12860.0,Novak Djokovic
1342412,2014-08-11,2,104745,11670.0,Rafael Nadal
1342413,2014-08-11,3,103819,6670.0,Roger Federer
1342414,2014-08-11,4,104527,5850.0,Stan Wawrinka
1342415,2014-08-11,5,104607,4410.0,Tomas Berdych
1344664,2014-08-18,1,104925,12770.0,Novak Djokovic
1344665,2014-08-18,2,104745,10670.0,Rafael Nadal
1344666,2014-08-18,3,103819,7490.0,Roger Federer
1344667,2014-08-18,4,104527,5985.0,Stan Wawrinka
1344668,2014-08-18,5,103970,4765.0,David Ferrer
1346908,2014-08-25,1,104925,12770.0,Novak Djokovic
1346909,2014-08-25,2,104745,10670.0,Rafael Nadal
1346910,2014-08-25,3,103819,7490.0,Roger Federer
1346911,2014-08-25,4,104527,5985.0,Stan Wawrinka
1346912,2014-08-25,5,103970,4765.0,David Ferrer
1349140,2014-09-08,1,104925,12290.0,Novak Djokovic
1349141,2014-09-08,2,104745,8670.0,Rafael Nadal
1349142,2014-09-08,3,103819,8030.0,Roger Federer
1349143,2014-09-08,4,104527,5625.0,Stan Wawrinka
1349144,2014-09-08,5,103970,4495.0,David Ferrer
1351369,2014-09-15,1,104925,12150.0,Novak Djokovic
1351370,2014-09-15,2,104745,8665.0,Rafael Nadal
1351371,2014-09-15,3,103819,8170.0,Roger Federer
1351372,2014-09-15,4,104527,5690.0,Stan Wawrinka
1351373,2014-09-15,5,103970,4495.0,David Ferrer
1353610,2014-09-22,1,104925,12150.0,Novak Djokovic
1353611,2014-09-22,2,104745,8665.0,Rafael Nadal
1353612,2014-09-22,3,103819,8170.0,Roger Federer
1353613,2014-09-22,4,104527,5690.0,Stan Wawrinka
1353614,2014-09-22,5,103970,4495.0,David Ferrer
1355838,2014-09-29,1,104925,12150.0,Novak Djokovic
1355839,2014-09-29,2,104745,8665.0,Rafael Nadal
1355840,2014-09-29,3,103819,8170.0,Roger Federer
1355841,2014-09-29,4,104527,5600.0,Stan Wawrinka
1355842,2014-09-29,5,103970,4495.0,David Ferrer
1358053,2014-10-06,1,104925,12150.0,Novak Djokovic
1358054,2014-10-06,2,104745,8455.0,Rafael Nadal
1358055,2014-10-06,3,103819,8170.0,Roger Federer
1358056,2014-10-06,4,104527,5555.0,Stan Wawrinka
1358057,2014-10-06,5,103970,4495.0,David Ferrer
1360254,2014-10-13,1,104925,11510.0,Novak Djokovic
1360255,2014-10-13,2,103819,9080.0,Roger Federer
1360256,2014-10-13,3,104745,8105.0,Rafael Nadal
1360257,2014-10-13,4,104527,5385.0,Stan Wawrinka
1360258,2014-10-13,5,103970,4585.0,David Ferrer
1362432,2014-10-20,1,104925,11510.0,Novak Djokovic
1362433,2014-10-20,2,103819,9080.0,Roger Federer
1362434,2014-10-20,3,104745,8105.0,Rafael Nadal
1362435,2014-10-20,4,104527,5385.0,Stan Wawrinka
1362436,2014-10-20,5,103970,4585.0,David Ferrer
1364597,2014-10-27,1,104925,11510.0,Novak Djokovic
1364598,2014-10-27,2,103819,9280.0,Roger Federer
1364599,2014-10-27,3,104745,8195.0,Rafael Nadal
1364600,2014-10-27,4,104527,5385.0,Stan Wawrinka
1364601,2014-10-27,5,104607,4485.0,Tomas Berdych
1366759,2014-11-03,1,104925,10010.0,Novak Djokovic
1366760,2014-11-03,2,103819,8700.0,Roger Federer
1366761,2014-11-03,3,104745,6835.0,Rafael Nadal
1366762,2014-11-03,4,104527,4895.0,Stan Wawrinka
1366763,2014-11-03,5,105453,4625.0,Kei Nishikori
1368913,2014-11-10,1,104925,10010.0,Novak Djokovic
1368914,2014-11-10,2,103819,8700.0,Roger Federer
1368915,2014-11-10,3,104745,6835.0,Rafael Nadal
1368916,2014-11-10,4,104527,4895.0,Stan Wawrinka
1368917,2014-11-10,5,105453,4625.0,Kei Nishikori
1371066,2014-11-17,1,104925,11510.0,Novak Djokovic
1371067,2014-11-17,2,103819,9700.0,Roger Federer
1371068,2014-11-17,3,104745,6835.0,Rafael Nadal
1371069,2014-11-17,4,104527,5295.0,Stan Wawrinka
1371070,2014-11-17,5,105453,5025.0,Kei Nishikori
1373226,2014-11-24,1,104925,11360.0,Novak Djokovic
1373227,2014-11-24,2,103819,9775.0,Roger Federer
1373228,2014-11-24,3,104745,6835.0,Rafael Nadal
1373229,2014-11-24,4,104527,5370.0,Stan Wawrinka
1373230,2014-11-24,5,105453,5025.0,Kei Nishikori
1375396,2014-12-01,1,104925,11360.0,Novak Djokovic
1375397,2014-12-01,2,103819,9775.0,Roger Federer
1375398,2014-12-01,3,104745,6835.0,Rafael Nadal
1375399,2014-12-01,4,104527,5370.0,Stan Wawrinka
1375400,2014-12-01,5,105453,5025.0,Kei Nishikori
1377564,2014-12-08,1,104925,11360.0,Novak Djokovic
1377565,2014-12-08,2,103819,9775.0,Roger Federer
1377566,2014-12-08,3,104745,6835.0,Rafael Nadal
1377567,2014-12-08,4,104527,5370.0,Stan Wawrinka
1377568,2014-12-08,5,105453,5025.0,Kei Nishikori
1379728,2014-12-15,1,104925,11360.0,Novak Djokovic
1379729,2014-12-15,2,103819,9775.0,Roger Federer
1379730,2014-12-15,3,104745,6835.0,Rafael Nadal
1379731,2014-12-15,4,104527,5370.0,Stan Wawrinka
1379732,2014-12-15,5,105453,5025.0,Kei Nishikori
1381896,2014-12-22,1,104925,11360.0,Novak Djokovic
1381897,2014-12-22,2,103819,9775.0,Roger Federer
1381898,2014-12-22,3,104745,6835.0,Rafael Nadal
1381899,2014-12-22,4,104527,5370.0,Stan Wawrinka
1381900,2014-12-22,5,105453,5025.0,Kei Nishikori
1384075,2014-12-29,1,104925,11360.0,Novak Djokovic
1384076,2014-12-29,2,103819,9775.0,Roger Federer
1384077,2014-12-29,3,104745,6835.0,Rafael Nadal
1384078,2014-12-29,4,104527,5370.0,Stan Wawrinka
1384079,2014-12-29,5,105453,5025.0,Kei Nishikori
1386259,2015-01-05,1,104925,11360.0,Novak Djokovic
1386260,2015-01-05,2,103819,9625.0,Roger Federer
1386261,2015-01-05,3,104745,6585.0,Rafael Nadal
1386262,2015-01-05,4,104527,5120.0,Stan Wawrinka
1386263,2015-01-05,5,105453,5025.0,Kei Nishikori
1388441,2015-01-12,1,104925,11405.0,Novak Djokovic
1388442,2015-01-12,2,103819,9875.0,Roger Federer
1388443,2015-01-12,3,104745,6585.0,Rafael Nadal
1388444,2015-01-12,4,104527,5370.0,Stan Wawrinka
1388445,2015-01-12,5,105453,5025.0,Kei Nishikori
1390623,2015-01-19,1,104925,11405.0,Novak Djokovic
1390624,2015-01-19,2,103819,9875.0,Roger Federer
1390625,2015-01-19,3,104745,6585.0,Rafael Nadal
1390626,2015-01-19,4,104527,5370.0,Stan Wawrinka
1390627,2015-01-19,5,105453,5025.0,Kei Nishikori
1392807,2015-02-02,1,104925,13045.0,Novak Djokovic
1392808,2015-02-02,2,103819,9245.0,Roger Federer
1392809,2015-02-02,3,104745,5745.0,Rafael Nadal
1392810,2015-02-02,4,104918,5515.0,Andy Murray
1392811,2015-02-02,5,105453,5205.0,Kei Nishikori
1395000,2015-02-09,1,104925,13045.0,Novak Djokovic
1395001,2015-02-09,2,103819,9205.0,Roger Federer
1395002,2015-02-09,3,104745,5745.0,Rafael Nadal
1395003,2015-02-09,4,104918,5460.0,Andy Murray
1395004,2015-02-09,5,105453,5205.0,Kei Nishikori
1397191,2015-02-16,1,104925,13045.0,Novak Djokovic
1397192,2015-02-16,2,103819,9205.0,Roger Federer
1397193,2015-02-16,3,104745,5745.0,Rafael Nadal
1397194,2015-02-16,4,104918,5460.0,Andy Murray
1397195,2015-02-16,5,105453,5205.0,Kei Nishikori
1399376,2015-02-23,1,104925,13045.0,Novak Djokovic
1399377,2015-02-23,2,103819,9205.0,Roger Federer
1399378,2015-02-23,3,104918,5460.0,Andy Murray
1399379,2015-02-23,4,104745,5425.0,Rafael Nadal
1399380,2015-02-23,5,105453,5205.0,Kei Nishikori
1401557,2015-03-02,1,104925,13165.0,Novak Djokovic
1401558,2015-03-02,2,103819,9205.0,Roger Federer
1401559,2015-03-02,3,104745,5675.0,Rafael Nadal
1401560,2015-03-02,4,105453,5415.0,Kei Nishikori
1401561,2015-03-02,5,104918,5370.0,Andy Murray
1403738,2015-03-09,1,104925,13205.0,Novak Djokovic
1403739,2015-03-09,2,103819,9205.0,Roger Federer
1403740,2015-03-09,3,104745,5675.0,Rafael Nadal
1403741,2015-03-09,4,104918,5425.0,Andy Murray
1403742,2015-03-09,5,105453,5415.0,Kei Nishikori
1405924,2015-03-23,1,104925,13205.0,Novak Djokovic
1405925,2015-03-23,2,103819,9205.0,Roger Federer
1405926,2015-03-23,3,104745,5810.0,Rafael Nadal
1405927,2015-03-23,4,104918,5695.0,Andy Murray
1405928,2015-03-23,5,105453,5460.0,Kei Nishikori
1408103,2015-04-06,1,104925,13205.0,Novak Djokovic
1408104,2015-04-06,2,103819,8895.0,Roger Federer
1408105,2015-04-06,3,104918,6060.0,Andy Murray
1408106,2015-04-06,4,105453,5280.0,Kei Nishikori
1408107,2015-04-06,5,104745,5255.0,Rafael Nadal
1410275,2015-04-13,1,104925,13205.0,Novak Djokovic
1410276,2015-04-13,2,103819,8895.0,Roger Federer
1410277,2015-04-13,3,104918,6060.0,Andy Murray
1410278,2015-04-13,4,105453,5280.0,Kei Nishikori
1410279,2015-04-13,5,104745,5255.0,Rafael Nadal
1412454,2015-04-20,1,104925,13845.0,Novak Djokovic
1412455,2015-04-20,2,103819,8385.0,Roger Federer
1412456,2015-04-20,3,104918,6060.0,Andy Murray
1412457,2015-04-20,4,104745,5435.0,Rafael Nadal
1412458,2015-04-20,5,105453,5280.0,Kei Nishikori
1414638,2015-04-27,1,104925,13845.0,Novak Djokovic
1414639,2015-04-27,2,103819,8385.0,Roger Federer
1414640,2015-04-27,3,104918,6060.0,Andy Murray
1414641,2015-04-27,4,104745,5390.0,Rafael Nadal
1414642,2015-04-27,5,105453,5280.0,Kei Nishikori
1416819,2015-05-04,1,104925,13845.0,Novak Djokovic
1416820,2015-05-04,2,103819,8635.0,Roger Federer
1416821,2015-05-04,3,104918,6220.0,Andy Murray
1416822,2015-05-04,4,104745,5390.0,Rafael Nadal
1416823,2015-05-04,5,105453,5280.0,Kei Nishikori
1419001,2015-05-11,1,104925,13845.0,Novak Djokovic
1419002,2015-05-11,2,103819,8645.0,Roger Federer
1419003,2015-05-11,3,104918,7130.0,Andy Murray
1419004,2015-05-11,4,105683,5160.0,Milos Raonic
1419005,2015-05-11,5,104607,5140.0,Tomas Berdych
1421198,2015-05-18,1,104925,13845.0,Novak Djokovic
1421199,2015-05-18,2,103819,9235.0,Roger Federer
1421200,2015-05-18,3,104918,7040.0,Andy Murray
1421201,2015-05-18,4,104607,5230.0,Tomas Berdych
1421202,2015-05-18,5,105453,5220.0,Kei Nishikori
1423411,2015-05-25,1,104925,13845.0,Novak Djokovic
1423412,2015-05-25,2,103819,9235.0,Roger Federer
1423413,2015-05-25,3,104918,7040.0,Andy Murray
1423414,2015-05-25,4,104607,5230.0,Tomas Berdych
1423415,2015-05-25,5,105453,5220.0,Kei Nishikori
1425629,2015-06-08,1,104925,13845.0,Novak Djokovic
1425630,2015-06-08,2,103819,9415.0,Roger Federer
1425631,2015-06-08,3,104918,7040.0,Andy Murray
1425632,2015-06-08,4,104527,5835.0,Stan Wawrinka
1425633,2015-06-08,5,105453,5570.0,Kei Nishikori
1427842,2015-06-15,1,104925,13845.0,Novak Djokovic
1427843,2015-06-15,2,103819,9165.0,Roger Federer
1427844,2015-06-15,3,104918,7040.0,Andy Murray
1427845,2015-06-15,4,104527,5790.0,Stan Wawrinka
1427846,2015-06-15,5,105453,5570.0,Kei Nishikori
1430063,2015-06-22,1,104925,13845.0,Novak Djokovic
1430064,2015-06-22,2,103819,9665.0,Roger Federer
1430065,2015-06-22,3,104918,7450.0,Andy Murray
1430066,2015-06-22,4,104527,5790.0,Stan Wawrinka
1430067,2015-06-22,5,105453,5660.0,Kei Nishikori
1432304,2015-06-29,1,104925,13845.0,Novak Djokovic
1432305,2015-06-29,2,103819,9665.0,Roger Federer
1432306,2015-06-29,3,104918,7450.0,Andy Murray
1432307,2015-06-29,4,104527,5790.0,Stan Wawrinka
1432308,2015-06-29,5,105453,5660.0,Kei Nishikori
1434575,2015-07-13,1,104925,13845.0,Novak Djokovic
1434576,2015-07-13,2,103819,9665.0,Roger Federer
1434577,2015-07-13,3,104918,7810.0,Andy Murray
1434578,2015-07-13,4,104527,5790.0,Stan Wawrinka
1434579,2015-07-13,5,105453,5525.0,Kei Nishikori
1436829,2015-07-20,1,104925,13845.0,Novak Djokovic
1436830,2015-07-20,2,103819,9665.0,Roger Federer
1436831,2015-07-20,3,104918,7840.0,Andy Murray
1436832,2015-07-20,4,104527,5790.0,Stan Wawrinka
1436833,2015-07-20,5,105453,5525.0,Kei Nishikori
1439076,2015-07-27,1,104925,13845.0,Novak Djokovic
1439077,2015-07-27,2,103819,9665.0,Roger Federer
1439078,2015-07-27,3,104918,7840.0,Andy Murray
1439079,2015-07-27,4,104527,5790.0,Stan Wawrinka
1439080,2015-07-27,5,105453,5525.0,Kei Nishikori
1441310,2015-08-03,1,104925,13845.0,Novak Djokovic
1441311,2015-08-03,2,103819,9665.0,Roger Federer
1441312,2015-08-03,3,104918,7840.0,Andy Murray
1441313,2015-08-03,4,104527,5790.0,Stan Wawrinka
1441314,2015-08-03,5,105453,5525.0,Kei Nishikori
1443537,2015-08-10,1,104925,13755.0,Novak Djokovic
1443538,2015-08-10,2,103819,9065.0,Roger Federer
1443539,2015-08-10,3,104918,7840.0,Andy Murray
1443540,2015-08-10,4,105453,6025.0,Kei Nishikori
1443541,2015-08-10,5,104527,5745.0,Stan Wawrinka
1445780,2015-08-17,1,104925,14265.0,Novak Djokovic
1445781,2015-08-17,2,104918,8660.0,Andy Murray
1445782,2015-08-17,3,103819,8065.0,Roger Federer
1445783,2015-08-17,4,105453,6385.0,Kei Nishikori
1445784,2015-08-17,5,104527,5575.0,Stan Wawrinka
1448018,2015-08-24,1,104925,14865.0,Novak Djokovic
1448019,2015-08-24,2,103819,9065.0,Roger Federer
1448020,2015-08-24,3,104918,8840.0,Andy Murray
1448021,2015-08-24,4,105453,6205.0,Kei Nishikori
1448022,2015-08-24,5,104527,5710.0,Stan Wawrinka
1450254,2015-08-31,1,104925,14865.0,Novak Djokovic
1450255,2015-08-31,2,103819,9065.0,Roger Federer
1450256,2015-08-31,3,104918,8840.0,Andy Murray
1450257,2015-08-31,4,105453,6205.0,Kei Nishikori
1450258,2015-08-31,5,104527,5710.0,Stan Wawrinka
1452513,2015-09-14,1,104925,16145.0,Novak Djokovic
1452514,2015-09-14,2,103819,9405.0,Roger Federer
1452515,2015-09-14,3,104918,8660.0,Andy Murray
1452516,2015-09-14,4,104527,6000.0,Stan Wawrinka
1452517,2015-09-14,5,104607,5050.0,Tomas Berdych
1454721,2015-09-21,1,104925,16145.0,Novak Djokovic
1454722,2015-09-21,2,103819,9420.0,Roger Federer
1454723,2015-09-21,3,104918,8800.0,Andy Murray
1454724,2015-09-21,4,104527,6005.0,Stan Wawrinka
1454725,2015-09-21,5,104607,5050.0,Tomas Berdych
1456940,2015-09-28,1,104925,16145.0,Novak Djokovic
1456941,2015-09-28,2,103819,9420.0,Roger Federer
1456942,2015-09-28,3,104918,8730.0,Andy Murray
1456943,2015-09-28,4,104527,6005.0,Stan Wawrinka
1456944,2015-09-28,5,104607,5050.0,Tomas Berdych
1459159,2015-10-05,1,104925,15645.0,Novak Djokovic
1459160,2015-10-05,2,103819,9420.0,Roger Federer
1459161,2015-10-05,3,104918,8640.0,Andy Murray
1459162,2015-10-05,4,104527,6005.0,Stan Wawrinka
1459163,2015-10-05,5,104607,4900.0,Tomas Berdych
1461392,2015-10-12,1,104925,15785.0,Novak Djokovic
1461393,2015-10-12,2,104918,8640.0,Andy Murray
1461394,2015-10-12,3,103819,8420.0,Roger Federer
1461395,2015-10-12,4,104527,6495.0,Stan Wawrinka
1461396,2015-10-12,5,104607,4910.0,Tomas Berdych
1463633,2015-10-19,1,104925,16785.0,Novak Djokovic
1463634,2015-10-19,2,104918,8750.0,Andy Murray
1463635,2015-10-19,3,103819,8430.0,Roger Federer
1463636,2015-10-19,4,104527,6630.0,Stan Wawrinka
1463637,2015-10-19,5,104607,4840.0,Tomas Berdych
1465875,2015-10-26,1,104925,16785.0,Novak Djokovic
1465876,2015-10-26,2,104918,8250.0,Andy Murray
1465877,2015-10-26,3,103819,7930.0,Roger Federer
1465878,2015-10-26,4,104527,6630.0,Stan Wawrinka
1465879,2015-10-26,5,104607,5000.0,Tomas Berdych
1468128,2015-11-02,1,104925,15785.0,Novak Djokovic
1468129,2015-11-02,2,103819,8250.0,Roger Federer
1468130,2015-11-02,3,104918,8070.0,Andy Murray
1468131,2015-11-02,4,104527,6585.0,Stan Wawrinka
1468132,2015-11-02,5,104607,4730.0,Tomas Berdych
1470379,2015-11-09,1,104925,15285.0,Novak Djokovic
1470380,2015-11-09,2,104918,8470.0,Andy Murray
1470381,2015-11-09,3,103819,7340.0,Roger Federer
1470382,2015-11-09,4,104527,6500.0,Stan Wawrinka
1470383,2015-11-09,5,104745,4630.0,Rafael Nadal
1472631,2015-11-16,1,104925,15285.0,Novak Djokovic
1472632,2015-11-16,2,104918,8470.0,Andy Murray
1472633,2015-11-16,3,103819,7340.0,Roger Federer
1472634,2015-11-16,4,104527,6500.0,Stan Wawrinka
1472635,2015-11-16,5,104745,4630.0,Rafael Nadal
1474881,2015-11-23,1,104925,16585.0,Novak Djokovic
1474882,2015-11-23,2,104918,8670.0,Andy Murray
1474883,2015-11-23,3,103819,8265.0,Roger Federer
1474884,2015-11-23,4,104527,6865.0,Stan Wawrinka
1474885,2015-11-23,5,104745,5230.0,Rafael Nadal
1477124,2015-11-30,1,104925,16585.0,Novak Djokovic
1477125,2015-11-30,2,104918,8945.0,Andy Murray
1477126,2015-11-30,3,103819,8265.0,Roger Federer
1477127,2015-11-30,4,104527,6865.0,Stan Wawrinka
1477128,2015-11-30,5,104745,5230.0,Rafael Nadal
1479366,2015-12-07,1,104925,16585.0,Novak Djokovic
1479367,2015-12-07,2,104918,8945.0,Andy Murray
1479368,2015-12-07,3,103819,8265.0,Roger Federer
1479369,2015-12-07,4,104527,6865.0,Stan Wawrinka
1479370,2015-12-07,5,104745,5230.0,Rafael Nadal
1481618,2015-12-14,1,104925,16585.0,Novak Djokovic
1481619,2015-12-14,2,104918,8945.0,Andy Murray
1481620,2015-12-14,3,103819,8265.0,Roger Federer
1481621,2015-12-14,4,104527,6865.0,Stan Wawrinka
1481622,2015-12-14,5,104745,5230.0,Rafael Nadal
1483877,2015-12-21,1,104925,16585.0,Novak Djokovic
1483878,2015-12-21,2,104918,8945.0,Andy Murray
1483879,2015-12-21,3,103819,8265.0,Roger Federer
1483880,2015-12-21,4,104527,6865.0,Stan Wawrinka
1483881,2015-12-21,5,104745,5230.0,Rafael Nadal
1486131,2015-12-28,1,104925,16585.0,Novak Djokovic
1486132,2015-12-28,2,104918,8945.0,Andy Murray
1486133,2015-12-28,3,103819,8265.0,Roger Federer
1486134,2015-12-28,4,104527,6865.0,Stan Wawrinka
1486135,2015-12-28,5,104745,5230.0,Rafael Nadal
1488386,2016-01-04,1,104925,16585.0,Novak Djokovic
1488387,2016-01-04,2,104918,8945.0,Andy Murray
1488388,2016-01-04,3,103819,8265.0,Roger Federer
1488389,2016-01-04,4,104527,6865.0,Stan Wawrinka
1488390,2016-01-04,5,104745,5230.0,Rafael Nadal
1490641,2016-01-11,1,104925,16790.0,Novak Djokovic
1490642,2016-01-11,2,104918,8945.0,Andy Murray
1490643,2016-01-11,3,103819,8165.0,Roger Federer
1490644,2016-01-11,4,104527,6865.0,Stan Wawrinka
1490645,2016-01-11,5,104745,5230.0,Rafael Nadal
1492896,2016-01-18,1,104925,16790.0,Novak Djokovic
1492897,2016-01-18,2,104918,8945.0,Andy Murray
1492898,2016-01-18,3,103819,8165.0,Roger Federer
1492899,2016-01-18,4,104527,6865.0,Stan Wawrinka
1492900,2016-01-18,5,104745,5230.0,Rafael Nadal
1495149,2016-02-01,1,104925,16790.0,Novak Djokovic
1495150,2016-02-01,2,104918,8945.0,Andy Murray
1495151,2016-02-01,3,103819,8795.0,Roger Federer
1495152,2016-02-01,4,104527,6325.0,Stan Wawrinka
1495153,2016-02-01,5,104745,4880.0,Rafael Nadal
1497404,2016-02-08,1,104925,16790.0,Novak Djokovic
1497405,2016-02-08,2,104918,8945.0,Andy Murray
1497406,2016-02-08,3,103819,8795.0,Roger Federer
1497407,2016-02-08,4,104527,6325.0,Stan Wawrinka
1497408,2016-02-08,5,104745,4880.0,Rafael Nadal
1499662,2016-02-15,1,104925,16790.0,Novak Djokovic
1499663,2016-02-15,2,104918,8855.0,Andy Murray
1499664,2016-02-15,3,103819,8795.0,Roger Federer
1499665,2016-02-15,4,104527,5870.0,Stan Wawrinka
1499666,2016-02-15,5,104745,4880.0,Rafael Nadal
1501921,2016-02-22,1,104925,16790.0,Novak Djokovic
1501922,2016-02-22,2,104918,8855.0,Andy Murray
1501923,2016-02-22,3,103819,8795.0,Roger Federer
1501924,2016-02-22,4,104527,5870.0,Stan Wawrinka
1501925,2016-02-22,5,104745,4880.0,Rafael Nadal
1504182,2016-02-29,1,104925,16580.0,Novak Djokovic
1504183,2016-02-29,2,104918,8765.0,Andy Murray
1504184,2016-02-29,3,103819,8295.0,Roger Federer
1504185,2016-02-29,4,104527,6325.0,Stan Wawrinka
1504186,2016-02-29,5,104745,4810.0,Rafael Nadal
1506441,2016-03-07,1,104925,16540.0,Novak Djokovic
1506442,2016-03-07,2,104918,8685.0,Andy Murray
1506443,2016-03-07,3,103819,8295.0,Roger Federer
1506444,2016-03-07,4,104527,6325.0,Stan Wawrinka
1506445,2016-03-07,5,104745,4810.0,Rafael Nadal
1508702,2016-03-21,1,104925,16540.0,Novak Djokovic
1508703,2016-03-21,2,104918,8370.0,Andy Murray
1508704,2016-03-21,3,103819,7695.0,Roger Federer
1508705,2016-03-21,4,104527,6405.0,Stan Wawrinka
1508706,2016-03-21,5,104745,4990.0,Rafael Nadal
1510964,2016-04-04,1,104925,16540.0,Novak Djokovic
1510965,2016-04-04,2,104918,7815.0,Andy Murray
1510966,2016-04-04,3,103819,7695.0,Roger Federer
1510967,2016-04-04,4,104527,6370.0,Stan Wawrinka
1510968,2016-04-04,5,104745,4955.0,Rafael Nadal
1513220,2016-04-11,1,104925,16540.0,Novak Djokovic
1513221,2016-04-11,2,104918,7815.0,Andy Murray
1513222,2016-04-11,3,103819,7695.0,Roger Federer
1513223,2016-04-11,4,104527,6370.0,Stan Wawrinka
1513224,2016-04-11,5,104745,4955.0,Rafael Nadal
1515466,2016-04-18,1,104925,15550.0,Novak Djokovic
1515467,2016-04-18,2,104918,8175.0,Andy Murray
1515468,2016-04-18,3,103819,7785.0,Roger Federer
1515469,2016-04-18,4,104527,6460.0,Stan Wawrinka
1515470,2016-04-18,5,104745,5595.0,Rafael Nadal
1517712,2016-04-25,1,104925,15550.0,Novak Djokovic
1517713,2016-04-25,2,104918,8175.0,Andy Murray
1517714,2016-04-25,3,103819,7785.0,Roger Federer
1517715,2016-04-25,4,104527,6460.0,Stan Wawrinka
1517716,2016-04-25,5,104745,5915.0,Rafael Nadal
1519952,2016-05-02,1,104925,15550.0,Novak Djokovic
1519953,2016-05-02,2,104918,7925.0,Andy Murray
1519954,2016-05-02,3,103819,7535.0,Roger Federer
1519955,2016-05-02,4,104527,6460.0,Stan Wawrinka
1519956,2016-05-02,5,104745,5915.0,Rafael Nadal
1522182,2016-05-09,1,104925,16550.0,Novak Djokovic
1522183,2016-05-09,2,103819,7525.0,Roger Federer
1522184,2016-05-09,3,104918,7525.0,Andy Murray
1522185,2016-05-09,4,104527,6380.0,Stan Wawrinka
1522186,2016-05-09,5,104745,5675.0,Rafael Nadal
1524406,2016-05-16,1,104925,16150.0,Novak Djokovic
1524407,2016-05-16,2,104918,8435.0,Andy Murray
1524408,2016-05-16,3,103819,7015.0,Roger Federer
1524409,2016-05-16,4,104527,6110.0,Stan Wawrinka
1524410,2016-05-16,5,104745,5675.0,Rafael Nadal
1526622,2016-05-23,1,104925,16150.0,Novak Djokovic
1526623,2016-05-23,2,104918,8435.0,Andy Murray
1526624,2016-05-23,3,103819,7015.0,Roger Federer
1526625,2016-05-23,4,104527,6315.0,Stan Wawrinka
1526626,2016-05-23,5,104745,5675.0,Rafael Nadal
1528839,2016-06-06,1,104925,16950.0,Novak Djokovic
1528840,2016-06-06,2,104918,8915.0,Andy Murray
1528841,2016-06-06,3,103819,6655.0,Roger Federer
1528842,2016-06-06,4,104745,5405.0,Rafael Nadal
1528843,2016-06-06,5,104527,5035.0,Stan Wawrinka
1531060,2016-06-13,1,104925,16950.0,Novak Djokovic
1531061,2016-06-13,2,104918,8915.0,Andy Murray
1531062,2016-06-13,3,103819,6745.0,Roger Federer
1531063,2016-06-13,4,104745,5335.0,Rafael Nadal
1531064,2016-06-13,5,104527,5035.0,Stan Wawrinka
1532669,2016-06-20,1,104925,16950.0,Novak Djokovic
1532670,2016-06-20,2,104918,8915.0,Andy Murray
1532671,2016-06-20,3,103819,6425.0,Roger Federer
1532672,2016-06-20,4,104745,5335.0,Rafael Nadal
1532673,2016-06-20,5,104527,5035.0,Stan Wawrinka
1534844,2016-06-27,1,104925,16950.0,Novak Djokovic
1534845,2016-06-27,2,104918,8915.0,Andy Murray
1534846,2016-06-27,3,103819,6425.0,Roger Federer
1534847,2016-06-27,4,104745,5335.0,Rafael Nadal
1534848,2016-06-27,5,104527,5035.0,Stan Wawrinka
1537014,2016-07-11,1,104925,15040.0,Novak Djokovic
1537015,2016-07-11,2,104918,10195.0,Andy Murray
1537016,2016-07-11,3,103819,5945.0,Roger Federer
1537017,2016-07-11,4,104745,5290.0,Rafael Nadal
1537018,2016-07-11,5,104527,4720.0,Stan Wawrinka
1539160,2016-07-18,1,104925,15040.0,Novak Djokovic
1539161,2016-07-18,2,104918,10065.0,Andy Murray
1539162,2016-07-18,3,103819,5945.0,Roger Federer
1539163,2016-07-18,4,104745,5290.0,Rafael Nadal
1539164,2016-07-18,5,104527,4720.0,Stan Wawrinka
1541307,2016-07-25,1,104925,15040.0,Novak Djokovic
1541308,2016-07-25,2,104918,10065.0,Andy Murray
1541309,2016-07-25,3,103819,5945.0,Roger Federer
1541310,2016-07-25,4,104745,5290.0,Rafael Nadal
1541311,2016-07-25,5,104527,4720.0,Stan Wawrinka
1543465,2016-08-01,1,104925,16040.0,Novak Djokovic
1543466,2016-08-01,2,104918,10065.0,Andy Murray
1543467,2016-08-01,3,103819,5945.0,Roger Federer
1543468,2016-08-01,4,104527,5035.0,Stan Wawrinka
1543469,2016-08-01,5,104745,4940.0,Rafael Nadal
1545620,2016-08-08,1,104925,16040.0,Novak Djokovic
1545621,2016-08-08,2,104918,10065.0,Andy Murray
1545622,2016-08-08,3,103819,5945.0,Roger Federer
1545623,2016-08-08,4,104527,5035.0,Stan Wawrinka
1545624,2016-08-08,5,104745,4940.0,Rafael Nadal
1547763,2016-08-15,1,104925,15440.0,Novak Djokovic
1547764,2016-08-15,2,104918,9065.0,Andy Murray
1547765,2016-08-15,3,103819,5945.0,Roger Federer
1547766,2016-08-15,4,104527,5070.0,Stan Wawrinka
1547767,2016-08-15,5,104745,4850.0,Rafael Nadal
1549902,2016-08-22,1,104925,14840.0,Novak Djokovic
1549903,2016-08-22,2,104918,9305.0,Andy Murray
1549904,2016-08-22,3,104527,4980.0,Stan Wawrinka
1549905,2016-08-22,4,103819,4945.0,Roger Federer
1549906,2016-08-22,5,104745,4850.0,Rafael Nadal
1552032,2016-08-29,1,104925,14840.0,Novak Djokovic
1552033,2016-08-29,2,104918,9305.0,Andy Murray
1552034,2016-08-29,3,104527,4980.0,Stan Wawrinka
1552035,2016-08-29,4,103819,4945.0,Roger Federer
1552036,2016-08-29,5,104745,4850.0,Rafael Nadal
1554150,2016-09-12,1,104925,14040.0,Novak Djokovic
1554151,2016-09-12,2,104918,9485.0,Andy Murray
1554152,2016-09-12,3,104527,6260.0,Stan Wawrinka
1554153,2016-09-12,4,104745,4940.0,Rafael Nadal
1554154,2016-09-12,5,105453,4875.0,Kei Nishikori
1556230,2016-09-19,1,104925,14040.0,Novak Djokovic
1556231,2016-09-19,2,104918,9345.0,Andy Murray
1556232,2016-09-19,3,104527,6260.0,Stan Wawrinka
1556233,2016-09-19,4,104745,4940.0,Rafael Nadal
1556234,2016-09-19,5,105453,4875.0,Kei Nishikori
1558292,2016-09-26,1,104925,14040.0,Novak Djokovic
1558293,2016-09-26,2,104918,9345.0,Andy Murray
1558294,2016-09-26,3,104527,6365.0,Stan Wawrinka
1558295,2016-09-26,4,104745,4940.0,Rafael Nadal
1558296,2016-09-26,5,105453,4875.0,Kei Nishikori
1560349,2016-10-03,1,104925,14040.0,Novak Djokovic
1560350,2016-10-03,2,104918,9345.0,Andy Murray
1560351,2016-10-03,3,104527,6365.0,Stan Wawrinka
1560352,2016-10-03,4,104745,4940.0,Rafael Nadal
1560353,2016-10-03,5,105453,4875.0,Kei Nishikori
1562410,2016-10-10,1,104925,13540.0,Novak Djokovic
1562411,2016-10-10,2,104918,9845.0,Andy Murray
1562412,2016-10-10,3,104527,5910.0,Stan Wawrinka
1562413,2016-10-10,4,105453,4740.0,Kei Nishikori
1562414,2016-10-10,5,104745,4730.0,Rafael Nadal
1564474,2016-10-17,1,104925,12900.0,Novak Djokovic
1564475,2016-10-17,2,104918,10485.0,Andy Murray
1564476,2016-10-17,3,104527,5820.0,Stan Wawrinka
1564477,2016-10-17,4,105683,4690.0,Milos Raonic
1564478,2016-10-17,5,105453,4650.0,Kei Nishikori
1566544,2016-10-24,1,104925,12900.0,Novak Djokovic
1566545,2016-10-24,2,104918,10485.0,Andy Murray
1566546,2016-10-24,3,104527,5820.0,Stan Wawrinka
1566547,2016-10-24,4,105683,4690.0,Milos Raonic
1566548,2016-10-24,5,105453,4650.0,Kei Nishikori
1568609,2016-10-31,1,104925,12900.0,Novak Djokovic
1568610,2016-10-31,2,104918,10985.0,Andy Murray
1568611,2016-10-31,3,104527,5865.0,Stan Wawrinka
1568612,2016-10-31,4,105453,4905.0,Kei Nishikori
1568613,2016-10-31,5,105683,4690.0,Milos Raonic
1570683,2016-11-07,1,104918,11185.0,Andy Murray
1570684,2016-11-07,2,104925,10780.0,Novak Djokovic
1570685,2016-11-07,3,104527,5115.0,Stan Wawrinka
1570686,2016-11-07,4,105683,5050.0,Milos Raonic
1570687,2016-11-07,5,105453,4705.0,Kei Nishikori
1572761,2016-11-14,1,104918,11185.0,Andy Murray
1572762,2016-11-14,2,104925,10780.0,Novak Djokovic
1572763,2016-11-14,3,104527,5115.0,Stan Wawrinka
1572764,2016-11-14,4,105683,5050.0,Milos Raonic
1572765,2016-11-14,5,105453,4705.0,Kei Nishikori
1574844,2016-11-21,1,104918,12685.0,Andy Murray
1574845,2016-11-21,2,104925,11780.0,Novak Djokovic
1574846,2016-11-21,3,105683,5450.0,Milos Raonic
1574847,2016-11-21,4,104527,5315.0,Stan Wawrinka
1574848,2016-11-21,5,105453,4905.0,Kei Nishikori
1576951,2016-11-28,1,104918,12410.0,Andy Murray
1576952,2016-11-28,2,104925,11780.0,Novak Djokovic
1576953,2016-11-28,3,105683,5450.0,Milos Raonic
1576954,2016-11-28,4,104527,5315.0,Stan Wawrinka
1576955,2016-11-28,5,105453,4905.0,Kei Nishikori
1579053,2016-12-05,1,104918,12410.0,Andy Murray
1579054,2016-12-05,2,104925,11780.0,Novak Djokovic
1579055,2016-12-05,3,105683,5450.0,Milos Raonic
1579056,2016-12-05,4,104527,5315.0,Stan Wawrinka
1579057,2016-12-05,5,105453,4905.0,Kei Nishikori
1581143,2016-12-12,1,104918,12410.0,Andy Murray
1581144,2016-12-12,2,104925,11780.0,Novak Djokovic
1581145,2016-12-12,3,105683,5450.0,Milos Raonic
1581146,2016-12-12,4,104527,5315.0,Stan Wawrinka
1581147,2016-12-12,5,105453,4905.0,Kei Nishikori
1583231,2016-12-19,1,104918,12410.0,Andy Murray
1583232,2016-12-19,2,104925,11780.0,Novak Djokovic
1583233,2016-12-19,3,105683,5450.0,Milos Raonic
1583234,2016-12-19,4,104527,5315.0,Stan Wawrinka
1583235,2016-12-19,5,105453,4905.0,Kei Nishikori
1585313,2016-12-26,1,104918,12410.0,Andy Murray
1585314,2016-12-26,2,104925,11780.0,Novak Djokovic
1585315,2016-12-26,3,105683,5450.0,Milos Raonic
1585316,2016-12-26,4,104527,5315.0,Stan Wawrinka
1585317,2016-12-26,5,105453,4905.0,Kei Nishikori
1587399,2017-01-02,1,104918,12410.0,Andy Murray
1587400,2017-01-02,2,104925,11780.0,Novak Djokovic
1587401,2017-01-02,3,105683,5450.0,Milos Raonic
1587402,2017-01-02,4,104527,5315.0,Stan Wawrinka
1587403,2017-01-02,5,105453,4905.0,Kei Nishikori
1589493,2017-01-09,1,104918,12560.0,Andy Murray
1589494,2017-01-09,2,104925,11780.0,Novak Djokovic
1589495,2017-01-09,3,105683,5290.0,Milos Raonic
1589496,2017-01-09,4,104527,5155.0,Stan Wawrinka
1589497,2017-01-09,5,105453,5010.0,Kei Nishikori
1591587,2017-01-16,1,104918,12560.0,Andy Murray
1591588,2017-01-16,2,104925,11780.0,Novak Djokovic
1591589,2017-01-16,3,105683,5290.0,Milos Raonic
1591590,2017-01-16,4,104527,5155.0,Stan Wawrinka
1591591,2017-01-16,5,105453,5010.0,Kei Nishikori
1593682,2017-01-30,1,104918,11540.0,Andy Murray
1593683,2017-01-30,2,104925,9825.0,Novak Djokovic
1593684,2017-01-30,3,104527,5695.0,Stan Wawrinka
1593685,2017-01-30,4,105683,4930.0,Milos Raonic
1593686,2017-01-30,5,105453,4830.0,Kei Nishikori
1595785,2017-02-06,1,104918,11540.0,Andy Murray
1595786,2017-02-06,2,104925,9825.0,Novak Djokovic
1595787,2017-02-06,3,104527,5695.0,Stan Wawrinka
1595788,2017-02-06,4,105683,4930.0,Milos Raonic
1595789,2017-02-06,5,105453,4830.0,Kei Nishikori
1597888,2017-02-13,1,104918,11540.0,Andy Murray
1597889,2017-02-13,2,104925,9825.0,Novak Djokovic
1597890,2017-02-13,3,104527,5695.0,Stan Wawrinka
1597891,2017-02-13,4,105683,4930.0,Milos Raonic
1597892,2017-02-13,5,105453,4625.0,Kei Nishikori
1599993,2017-02-20,1,104918,11540.0,Andy Murray
1599994,2017-02-20,2,104925,9825.0,Novak Djokovic
1599995,2017-02-20,3,104527,5695.0,Stan Wawrinka
1599996,2017-02-20,4,105683,4930.0,Milos Raonic
1599997,2017-02-20,5,105453,4730.0,Kei Nishikori
1602098,2017-02-27,1,104918,11540.0,Andy Murray
1602099,2017-02-27,2,104925,9735.0,Novak Djokovic
1602100,2017-02-27,3,104527,5195.0,Stan Wawrinka
1602101,2017-02-27,4,105683,5080.0,Milos Raonic
1602102,2017-02-27,5,105453,4730.0,Kei Nishikori
1604205,2017-03-06,1,104918,12040.0,Andy Murray
1604206,2017-03-06,2,104925,9825.0,Novak Djokovic
1604207,2017-03-06,3,104527,5195.0,Stan Wawrinka
1604208,2017-03-06,4,105683,5080.0,Milos Raonic
1604209,2017-03-06,5,105453,4730.0,Kei Nishikori
1606309,2017-03-20,1,104918,12005.0,Andy Murray
1606310,2017-03-20,2,104925,8915.0,Novak Djokovic
1606311,2017-03-20,3,104527,5705.0,Stan Wawrinka
1606312,2017-03-20,4,105453,4730.0,Kei Nishikori
1606313,2017-03-20,5,105683,4480.0,Milos Raonic
1608409,2017-04-03,1,104918,11960.0,Andy Murray
1608410,2017-04-03,2,104925,7915.0,Novak Djokovic
1608411,2017-04-03,3,104527,5785.0,Stan Wawrinka
1608412,2017-04-03,4,103819,5305.0,Roger Federer
1608413,2017-04-03,5,104745,4735.0,Rafael Nadal
1610502,2017-04-10,1,104918,11960.0,Andy Murray
1610503,2017-04-10,2,104925,7915.0,Novak Djokovic
1610504,2017-04-10,3,104527,5785.0,Stan Wawrinka
1610505,2017-04-10,4,103819,5305.0,Roger Federer
1610506,2017-04-10,5,104745,4735.0,Rafael Nadal
1612597,2017-04-17,1,104918,11600.0,Andy Murray
1612598,2017-04-17,2,104925,7905.0,Novak Djokovic
1612599,2017-04-17,3,104527,5605.0,Stan Wawrinka
1612600,2017-04-17,4,103819,5125.0,Roger Federer
1612601,2017-04-17,5,105453,4310.0,Kei Nishikori
1614697,2017-04-24,1,104918,11690.0,Andy Murray
1614698,2017-04-24,2,104925,8085.0,Novak Djokovic
1614699,2017-04-24,3,104527,5695.0,Stan Wawrinka
1614700,2017-04-24,4,103819,5125.0,Roger Federer
1614701,2017-04-24,5,104745,4235.0,Rafael Nadal
1616799,2017-05-01,1,104918,11870.0,Andy Murray
1616800,2017-05-01,2,104925,8085.0,Novak Djokovic
1616801,2017-05-01,3,104527,5695.0,Stan Wawrinka
1616802,2017-05-01,4,103819,5125.0,Roger Federer
1616803,2017-05-01,5,104745,4735.0,Rafael Nadal
1618899,2017-05-08,1,104918,11270.0,Andy Murray
1618900,2017-05-08,2,104925,7085.0,Novak Djokovic
1618901,2017-05-08,3,104527,5685.0,Stan Wawrinka
1618902,2017-05-08,4,103819,5125.0,Roger Federer
1618903,2017-05-08,5,104745,4375.0,Rafael Nadal
1620996,2017-05-15,1,104918,10360.0,Andy Murray
1620997,2017-05-15,2,104925,6845.0,Novak Djokovic
1620998,2017-05-15,3,104527,5605.0,Stan Wawrinka
1620999,2017-05-15,4,104745,5195.0,Rafael Nadal
1621000,2017-05-15,5,103819,5035.0,Roger Federer
1623087,2017-05-22,1,104918,10370.0,Andy Murray
1623088,2017-05-22,2,104925,7445.0,Novak Djokovic
1623089,2017-05-22,3,104527,5445.0,Stan Wawrinka
1623090,2017-05-22,4,104745,5375.0,Rafael Nadal
1623091,2017-05-22,5,103819,5035.0,Roger Federer
1625180,2017-05-29,1,104918,10370.0,Andy Murray
1625181,2017-05-29,2,104925,7445.0,Novak Djokovic
1625182,2017-05-29,3,104527,5695.0,Stan Wawrinka
1625183,2017-05-29,4,104745,5375.0,Rafael Nadal
1625184,2017-05-29,5,103819,5035.0,Roger Federer
1627284,2017-06-12,1,104918,9890.0,Andy Murray
1627285,2017-06-12,2,104745,7285.0,Rafael Nadal
1627286,2017-06-12,3,104527,6175.0,Stan Wawrinka
1627287,2017-06-12,4,104925,5805.0,Novak Djokovic
1627288,2017-06-12,5,103819,4945.0,Roger Federer
1629357,2017-06-19,1,104918,9390.0,Andy Murray
1629358,2017-06-19,2,104745,7285.0,Rafael Nadal
1629359,2017-06-19,3,104527,6175.0,Stan Wawrinka
1629360,2017-06-19,4,104925,5805.0,Novak Djokovic
1629361,2017-06-19,5,103819,4765.0,Roger Federer
1631426,2017-06-26,1,104918,9390.0,Andy Murray
1631427,2017-06-26,2,104745,7285.0,Rafael Nadal
1631428,2017-06-26,3,104527,6175.0,Stan Wawrinka
1631429,2017-06-26,4,104925,5805.0,Novak Djokovic
1631430,2017-06-26,5,103819,5265.0,Roger Federer
1633500,2017-07-03,1,104918,9390.0,Andy Murray
1633501,2017-07-03,2,104745,7285.0,Rafael Nadal
1633502,2017-07-03,3,104527,6175.0,Stan Wawrinka
1633503,2017-07-03,4,104925,6055.0,Novak Djokovic
1633504,2017-07-03,5,103819,5265.0,Roger Federer
1635607,2017-07-10,1,104918,9390.0,Andy Murray
1635608,2017-07-10,2,104745,7285.0,Rafael Nadal
1635609,2017-07-10,3,104527,6175.0,Stan Wawrinka
1635610,2017-07-10,4,104925,6055.0,Novak Djokovic
1635611,2017-07-10,5,103819,5265.0,Roger Federer
1637714,2017-07-17,1,104918,7750.0,Andy Murray
1637715,2017-07-17,2,104745,7465.0,Rafael Nadal
1637716,2017-07-17,3,103819,6545.0,Roger Federer
1637717,2017-07-17,4,104925,6325.0,Novak Djokovic
1637718,2017-07-17,5,104527,6140.0,Stan Wawrinka
1639812,2017-07-24,1,104918,7750.0,Andy Murray
1639813,2017-07-24,2,104745,7465.0,Rafael Nadal
1639814,2017-07-24,3,103819,6545.0,Roger Federer
1639815,2017-07-24,4,104925,6325.0,Novak Djokovic
1639816,2017-07-24,5,104527,6140.0,Stan Wawrinka
1641899,2017-07-31,1,104918,7750.0,Andy Murray
1641900,2017-07-31,2,104745,7465.0,Rafael Nadal
1641901,2017-07-31,3,103819,6545.0,Roger Federer
1641902,2017-07-31,4,104527,5780.0,Stan Wawrinka
1641903,2017-07-31,5,104925,5325.0,Novak Djokovic
1643992,2017-08-07,1,104918,7750.0,Andy Murray
1643993,2017-08-07,2,104745,7465.0,Rafael Nadal
1643994,2017-08-07,3,103819,6545.0,Roger Federer
1643995,2017-08-07,4,104527,5780.0,Stan Wawrinka
1643996,2017-08-07,5,104925,5325.0,Novak Djokovic
1646085,2017-08-14,1,104918,7750.0,Andy Murray
1646086,2017-08-14,2,104745,7555.0,Rafael Nadal
1646087,2017-08-14,3,103819,7145.0,Roger Federer
1646088,2017-08-14,4,104527,5780.0,Stan Wawrinka
1646089,2017-08-14,5,104925,5325.0,Novak Djokovic
1648177,2017-08-21,1,104745,7645.0,Rafael Nadal
1648178,2017-08-21,2,104918,7150.0,Andy Murray
1648179,2017-08-21,3,103819,7145.0,Roger Federer
1648180,2017-08-21,4,104527,5690.0,Stan Wawrinka
1648181,2017-08-21,5,104925,5325.0,Novak Djokovic
1650266,2017-08-28,1,104745,7645.0,Rafael Nadal
1650267,2017-08-28,2,104918,7150.0,Andy Murray
1650268,2017-08-28,3,103819,7145.0,Roger Federer
1650269,2017-08-28,4,104527,5690.0,Stan Wawrinka
1650270,2017-08-28,5,104925,5325.0,Novak Djokovic
1652358,2017-09-11,1,104745,9465.0,Rafael Nadal
1652359,2017-09-11,2,103819,7505.0,Roger Federer
1652360,2017-09-11,3,104918,6790.0,Andy Murray
1652361,2017-09-11,4,100644,4470.0,Alexander Zverev
1652362,2017-09-11,5,105227,4155.0,Marin Cilic
1654460,2017-09-18,1,104745,9465.0,Rafael Nadal
1654461,2017-09-18,2,103819,7505.0,Roger Federer
1654462,2017-09-18,3,104918,6790.0,Andy Murray
1654463,2017-09-18,4,100644,4470.0,Alexander Zverev
1654464,2017-09-18,5,105227,4155.0,Marin Cilic
1656559,2017-09-25,1,104745,9465.0,Rafael Nadal
1656560,2017-09-25,2,103819,7505.0,Roger Federer
1656561,2017-09-25,3,104918,6790.0,Andy Murray
1656562,2017-09-25,4,100644,4310.0,Alexander Zverev
1656563,2017-09-25,5,105227,4155.0,Marin Cilic
1658649,2017-10-02,1,104745,9465.0,Rafael Nadal
1658650,2017-10-02,2,103819,7505.0,Roger Federer
1658651,2017-10-02,3,104918,6790.0,Andy Murray
1658652,2017-10-02,4,100644,4310.0,Alexander Zverev
1658653,2017-10-02,5,105227,4155.0,Marin Cilic
1660745,2017-10-09,1,104745,9875.0,Rafael Nadal
1660746,2017-10-09,2,103819,7505.0,Roger Federer
1660747,2017-10-09,3,104918,6290.0,Andy Murray
1660748,2017-10-09,4,100644,4400.0,Alexander Zverev
1660749,2017-10-09,5,105227,4155.0,Marin Cilic
1662838,2017-10-16,1,104745,10465.0,Rafael Nadal
1662839,2017-10-16,2,103819,8505.0,Roger Federer
1662840,2017-10-16,3,104918,5290.0,Andy Murray
1662841,2017-10-16,4,105227,4505.0,Marin Cilic
1662842,2017-10-16,5,100644,4400.0,Alexander Zverev
1664924,2017-10-23,1,104745,10465.0,Rafael Nadal
1664925,2017-10-23,2,103819,8505.0,Roger Federer
1664926,2017-10-23,3,104918,5290.0,Andy Murray
1664927,2017-10-23,4,105227,4505.0,Marin Cilic
1664928,2017-10-23,5,100644,4400.0,Alexander Zverev
1667005,2017-10-30,1,104745,10465.0,Rafael Nadal
1667006,2017-10-30,2,103819,9005.0,Roger Federer
1667007,2017-10-30,3,104918,4790.0,Andy Murray
1667008,2017-10-30,4,100644,4400.0,Alexander Zverev
1667009,2017-10-30,5,105227,4185.0,Marin Cilic
1669068,2017-11-06,1,104745,10645.0,Rafael Nadal
1669069,2017-11-06,2,103819,9005.0,Roger Federer
1669070,2017-11-06,3,100644,4410.0,Alexander Zverev
1669071,2017-11-06,4,106233,3815.0,Dominic Thiem
1669072,2017-11-06,5,105227,3805.0,Marin Cilic
1671111,2017-11-13,1,104745,10645.0,Rafael Nadal
1671112,2017-11-13,2,103819,9005.0,Roger Federer
1671113,2017-11-13,3,100644,4410.0,Alexander Zverev
1671114,2017-11-13,4,106233,3815.0,Dominic Thiem
1671115,2017-11-13,5,105227,3805.0,Marin Cilic
1673138,2017-11-20,1,104745,10645.0,Rafael Nadal
1673139,2017-11-20,2,103819,9605.0,Roger Federer
1673140,2017-11-20,3,105777,5150.0,Grigor Dimitrov
1673141,2017-11-20,4,100644,4610.0,Alexander Zverev
1673142,2017-11-20,5,106233,4015.0,Dominic Thiem
1675138,2017-11-27,1,104745,10645.0,Rafael Nadal
1675139,2017-11-27,2,103819,9605.0,Roger Federer
1675140,2017-11-27,3,105777,5150.0,Grigor Dimitrov
1675141,2017-11-27,4,100644,4610.0,Alexander Zverev
1675142,2017-11-27,5,106233,4015.0,Dominic Thiem
1677136,2017-12-04,1,104745,10645.0,Rafael Nadal
1677137,2017-12-04,2,103819,9605.0,Roger Federer
1677138,2017-12-04,3,105777,5150.0,Grigor Dimitrov
1677139,2017-12-04,4,100644,4610.0,Alexander Zverev
1677140,2017-12-04,5,106233,4015.0,Dominic Thiem
1679133,2017-12-11,1,104745,10645.0,Rafael Nadal
1679134,2017-12-11,2,103819,9605.0,Roger Federer
1679135,2017-12-11,3,105777,5150.0,Grigor Dimitrov
1679136,2017-12-11,4,100644,4610.0,Alexander Zverev
1679137,2017-12-11,5,106233,4015.0,Dominic Thiem
1681118,2017-12-18,1,104745,10645.0,Rafael Nadal
1681119,2017-12-18,2,103819,9605.0,Roger Federer
1681120,2017-12-18,3,105777,5150.0,Grigor Dimitrov
1681121,2017-12-18,4,100644,4610.0,Alexander Zverev
1681122,2017-12-18,5,106233,4015.0,Dominic Thiem
1683113,2017-12-25,1,104745,10645.0,Rafael Nadal
1683114,2017-12-25,2,103819,9605.0,Roger Federer
1683115,2017-12-25,3,105777,5150.0,Grigor Dimitrov
1683116,2017-12-25,4,100644,4610.0,Alexander Zverev
1683117,2017-12-25,5,106233,4015.0,Dominic Thiem
1685098,2018-01-01,1,104745,10645.0,Rafael Nadal
1685099,2018-01-01,2,103819,9605.0,Roger Federer
1685100,2018-01-01,3,105777,5150.0,Grigor Dimitrov
1685101,2018-01-01,4,100644,4610.0,Alexander Zverev
1685102,2018-01-01,5,106233,4015.0,Dominic Thiem
1687086,2018-01-08,1,104745,10600.0,Rafael Nadal
1687087,2018-01-08,2,103819,9605.0,Roger Federer
1687088,2018-01-08,3,105777,4990.0,Grigor Dimitrov
1687089,2018-01-08,4,100644,4610.0,Alexander Zverev
1687090,2018-01-08,5,106233,4060.0,Dominic Thiem
1689070,2018-01-15,1,104745,10600.0,Rafael Nadal
1689071,2018-01-15,2,103819,9605.0,Roger Federer
1689072,2018-01-15,3,105777,4990.0,Grigor Dimitrov
1689073,2018-01-15,4,100644,4610.0,Alexander Zverev
1689074,2018-01-15,5,106233,4060.0,Dominic Thiem
1691051,2018-01-29,1,104745,9760.0,Rafael Nadal
1691052,2018-01-29,2,103819,9605.0,Roger Federer
1691053,2018-01-29,3,105227,4960.0,Marin Cilic
1691054,2018-01-29,4,105777,4630.0,Grigor Dimitrov
1691055,2018-01-29,5,100644,4610.0,Alexander Zverev
1693027,2018-02-05,1,104745,9760.0,Rafael Nadal
1693028,2018-02-05,2,103819,9605.0,Roger Federer
1693029,2018-02-05,3,105227,4960.0,Marin Cilic
1693030,2018-02-05,4,105777,4630.0,Grigor Dimitrov
1693031,2018-02-05,5,100644,4610.0,Alexander Zverev
1695001,2018-02-12,1,104745,9760.0,Rafael Nadal
1695002,2018-02-12,2,103819,9605.0,Roger Federer
1695003,2018-02-12,3,105227,4960.0,Marin Cilic
1695004,2018-02-12,4,100644,4450.0,Alexander Zverev
1695005,2018-02-12,5,105777,4425.0,Grigor Dimitrov
1696973,2018-02-19,1,103819,10105.0,Roger Federer
1696974,2018-02-19,2,104745,9760.0,Rafael Nadal
1696975,2018-02-19,3,105227,4960.0,Marin Cilic
1696976,2018-02-19,4,105777,4635.0,Grigor Dimitrov
1696977,2018-02-19,5,100644,4450.0,Alexander Zverev
1698945,2018-02-26,1,103819,10105.0,Roger Federer
1698946,2018-02-26,2,104745,9760.0,Rafael Nadal
1698947,2018-02-26,3,105227,4960.0,Marin Cilic
1698948,2018-02-26,4,105777,4635.0,Grigor Dimitrov
1698949,2018-02-26,5,100644,4450.0,Alexander Zverev
1700914,2018-03-05,1,103819,10060.0,Roger Federer
1700915,2018-03-05,2,104745,9460.0,Rafael Nadal
1700916,2018-03-05,3,105227,4870.0,Marin Cilic
1700917,2018-03-05,4,105777,4635.0,Grigor Dimitrov
1700918,2018-03-05,5,100644,4540.0,Alexander Zverev
1702881,2018-03-19,1,103819,9660.0,Roger Federer
1702882,2018-03-19,2,104745,9370.0,Rafael Nadal
1702883,2018-03-19,3,105227,4905.0,Marin Cilic
1702884,2018-03-19,4,105777,4600.0,Grigor Dimitrov
1702885,2018-03-19,5,100644,4505.0,Alexander Zverev
1704860,2018-04-02,1,104745,8770.0,Rafael Nadal
1704861,2018-04-02,2,103819,8670.0,Roger Federer
1704862,2018-04-02,3,105227,4985.0,Marin Cilic
1704863,2018-04-02,4,100644,4925.0,Alexander Zverev
1704864,2018-04-02,5,105777,4635.0,Grigor Dimitrov
1706837,2018-04-09,1,104745,8770.0,Rafael Nadal
1706838,2018-04-09,2,103819,8670.0,Roger Federer
1706839,2018-04-09,3,105227,4985.0,Marin Cilic
1706840,2018-04-09,4,100644,4925.0,Alexander Zverev
1706841,2018-04-09,5,105777,4635.0,Grigor Dimitrov
1708814,2018-04-16,1,104745,8770.0,Rafael Nadal
1708815,2018-04-16,2,103819,8670.0,Roger Federer
1708816,2018-04-16,3,105227,4985.0,Marin Cilic
1708817,2018-04-16,4,100644,4925.0,Alexander Zverev
1708818,2018-04-16,5,105777,4635.0,Grigor Dimitrov
1710784,2018-04-23,1,104745,8770.0,Rafael Nadal
1710785,2018-04-23,2,103819,8670.0,Roger Federer
1710786,2018-04-23,3,100644,5195.0,Alexander Zverev
1710787,2018-04-23,4,105227,4985.0,Marin Cilic
1710788,2018-04-23,5,105777,4950.0,Grigor Dimitrov
1712752,2018-04-30,1,104745,8770.0,Rafael Nadal
1712753,2018-04-30,2,103819,8670.0,Roger Federer
1712754,2018-04-30,3,100644,5195.0,Alexander Zverev
1712755,2018-04-30,4,105227,4985.0,Marin Cilic
1712756,2018-04-30,5,105777,4950.0,Grigor Dimitrov
1714718,2018-05-07,1,104745,8770.0,Rafael Nadal
1714719,2018-05-07,2,103819,8670.0,Roger Federer
1714720,2018-05-07,3,100644,5195.0,Alexander Zverev
1714721,2018-05-07,4,105777,4950.0,Grigor Dimitrov
1714722,2018-05-07,5,105227,4780.0,Marin Cilic
1716692,2018-05-14,1,103819,8670.0,Roger Federer
1716693,2018-05-14,2,104745,7950.0,Rafael Nadal
1716694,2018-05-14,3,100644,6015.0,Alexander Zverev
1716695,2018-05-14,4,105777,4870.0,Grigor Dimitrov
1716696,2018-05-14,5,105227,4770.0,Marin Cilic
1718667,2018-05-21,1,104745,8770.0,Rafael Nadal
1718668,2018-05-21,2,103819,8670.0,Roger Federer
1718669,2018-05-21,3,100644,5615.0,Alexander Zverev
1718670,2018-05-21,4,105227,4950.0,Marin Cilic
1718671,2018-05-21,5,105777,4870.0,Grigor Dimitrov
1720643,2018-05-28,1,104745,8770.0,Rafael Nadal
1720644,2018-05-28,2,103819,8670.0,Roger Federer
1720645,2018-05-28,3,100644,5615.0,Alexander Zverev
1720646,2018-05-28,4,105227,4950.0,Marin Cilic
1720647,2018-05-28,5,105777,4870.0,Grigor Dimitrov
1722620,2018-06-11,1,104745,8770.0,Rafael Nadal
1722621,2018-06-11,2,103819,8670.0,Roger Federer
1722622,2018-06-11,3,100644,5965.0,Alexander Zverev
1722623,2018-06-11,4,105223,5080.0,Juan Martin del Potro
1722624,2018-06-11,5,105227,4950.0,Marin Cilic
1724607,2018-06-18,1,103819,8920.0,Roger Federer
1724608,2018-06-18,2,104745,8770.0,Rafael Nadal
1724609,2018-06-18,3,100644,5965.0,Alexander Zverev
1724610,2018-06-18,4,105223,5080.0,Juan Martin del Potro
1724611,2018-06-18,5,105777,4870.0,Grigor Dimitrov
1726596,2018-06-25,1,104745,8770.0,Rafael Nadal
1726597,2018-06-25,2,103819,8720.0,Roger Federer
1726598,2018-06-25,3,100644,5755.0,Alexander Zverev
1726599,2018-06-25,4,105223,5080.0,Juan Martin del Potro
1726600,2018-06-25,5,105227,5060.0,Marin Cilic
1728584,2018-07-02,1,104745,8770.0,Rafael Nadal
1728585,2018-07-02,2,103819,8720.0,Roger Federer
1728586,2018-07-02,3,100644,5755.0,Alexander Zverev
1728587,2018-07-02,4,105223,5080.0,Juan Martin del Potro
1728588,2018-07-02,5,105227,5060.0,Marin Cilic
1730560,2018-07-16,1,104745,9310.0,Rafael Nadal
1730561,2018-07-16,2,103819,7080.0,Roger Federer
1730562,2018-07-16,3,100644,5665.0,Alexander Zverev
1730563,2018-07-16,4,105223,5395.0,Juan Martin del Potro
1730564,2018-07-16,5,104731,4655.0,Kevin Anderson
1732530,2018-07-23,1,104745,9310.0,Rafael Nadal
1732531,2018-07-23,2,103819,7080.0,Roger Federer
1732532,2018-07-23,3,100644,5665.0,Alexander Zverev
1732533,2018-07-23,4,105223,5395.0,Juan Martin del Potro
1732534,2018-07-23,5,104731,4655.0,Kevin Anderson
1734496,2018-07-30,1,104745,9310.0,Rafael Nadal
1734497,2018-07-30,2,103819,7080.0,Roger Federer
1734498,2018-07-30,3,100644,5665.0,Alexander Zverev
1734499,2018-07-30,4,105223,5395.0,Juan Martin del Potro
1734500,2018-07-30,5,104731,4655.0,Kevin Anderson
1736457,2018-08-06,1,104745,9310.0,Rafael Nadal
1736458,2018-08-06,2,103819,7080.0,Roger Federer
1736459,2018-08-06,3,100644,5665.0,Alexander Zverev
1736460,2018-08-06,4,105223,5455.0,Juan Martin del Potro
1736461,2018-08-06,5,105777,4610.0,Grigor Dimitrov
1738414,2018-08-13,1,104745,10220.0,Rafael Nadal
1738415,2018-08-13,2,103819,6480.0,Roger Federer
1738416,2018-08-13,3,105223,5410.0,Juan Martin del Potro
1738417,2018-08-13,4,100644,4845.0,Alexander Zverev
1738418,2018-08-13,5,105777,4700.0,Grigor Dimitrov
1740366,2018-08-20,1,104745,10040.0,Rafael Nadal
1740367,2018-08-20,2,103819,7080.0,Roger Federer
1740368,2018-08-20,3,105223,5500.0,Juan Martin del Potro
1740369,2018-08-20,4,100644,4845.0,Alexander Zverev
1740370,2018-08-20,5,104731,4615.0,Kevin Anderson
1742327,2018-08-27,1,104745,10040.0,Rafael Nadal
1742328,2018-08-27,2,103819,7080.0,Roger Federer
1742329,2018-08-27,3,105223,5500.0,Juan Martin del Potro
1742330,2018-08-27,4,100644,4845.0,Alexander Zverev
1742331,2018-08-27,5,104731,4615.0,Kevin Anderson
1744296,2018-09-10,1,104745,8760.0,Rafael Nadal
1744297,2018-09-10,2,103819,6900.0,Roger Federer
1744298,2018-09-10,3,104925,6445.0,Novak Djokovic
1744299,2018-09-10,4,105223,5980.0,Juan Martin del Potro
1744300,2018-09-10,5,100644,4890.0,Alexander Zverev
1746282,2018-09-17,1,104745,8760.0,Rafael Nadal
1746283,2018-09-17,2,103819,6900.0,Roger Federer
1746284,2018-09-17,3,104925,6445.0,Novak Djokovic
1746285,2018-09-17,4,105223,5980.0,Juan Martin del Potro
1746286,2018-09-17,5,100644,4890.0,Alexander Zverev
1748267,2018-09-24,1,104745,8760.0,Rafael Nadal
1748268,2018-09-24,2,103819,6900.0,Roger Federer
1748269,2018-09-24,3,104925,6445.0,Novak Djokovic
1748270,2018-09-24,4,105223,5980.0,Juan Martin del Potro
1748271,2018-09-24,5,100644,4890.0,Alexander Zverev
1750260,2018-10-01,1,104745,8760.0,Rafael Nadal
1750261,2018-10-01,2,103819,6900.0,Roger Federer
1750262,2018-10-01,3,104925,6445.0,Novak Djokovic
1750263,2018-10-01,4,105223,5980.0,Juan Martin del Potro
1750264,2018-10-01,5,100644,4890.0,Alexander Zverev
1752259,2018-10-08,1,104745,8260.0,Rafael Nadal
1752260,2018-10-08,2,103819,6900.0,Roger Federer
1752261,2018-10-08,3,104925,6445.0,Novak Djokovic
1752262,2018-10-08,4,105223,6130.0,Juan Martin del Potro
1752263,2018-10-08,5,100644,4755.0,Alexander Zverev
1754272,2018-10-15,1,104745,7660.0,Rafael Nadal
1754273,2018-10-15,2,104925,7445.0,Novak Djokovic
1754274,2018-10-15,3,103819,6260.0,Roger Federer
1754275,2018-10-15,4,105223,5860.0,Juan Martin del Potro
1754276,2018-10-15,5,100644,5025.0,Alexander Zverev
1756300,2018-10-22,1,104745,7660.0,Rafael Nadal
1756301,2018-10-22,2,104925,7445.0,Novak Djokovic
1756302,2018-10-22,3,103819,6260.0,Roger Federer
1756303,2018-10-22,4,105223,5760.0,Juan Martin del Potro
1756304,2018-10-22,5,100644,5025.0,Alexander Zverev
1758332,2018-10-29,1,104745,7660.0,Rafael Nadal
1758333,2018-10-29,2,104925,7445.0,Novak Djokovic
1758334,2018-10-29,3,103819,6260.0,Roger Federer
1758335,2018-10-29,4,105223,5460.0,Juan Martin del Potro
1758336,2018-10-29,5,100644,5115.0,Alexander Zverev
1760364,2018-11-05,1,104925,8045.0,Novak Djokovic
1760365,2018-11-05,2,104745,7480.0,Rafael Nadal
1760366,2018-11-05,3,103819,6020.0,Roger Federer
1760367,2018-11-05,4,105223,5300.0,Juan Martin del Potro
1760368,2018-11-05,5,100644,5085.0,Alexander Zverev
1762401,2018-11-12,1,104925,8045.0,Novak Djokovic
1762402,2018-11-12,2,104745,7480.0,Rafael Nadal
1762403,2018-11-12,3,103819,6020.0,Roger Federer
1762404,2018-11-12,4,105223,5300.0,Juan Martin del Potro
1762405,2018-11-12,5,100644,5085.0,Alexander Zverev
1764446,2018-11-19,1,104925,9045.0,Novak Djokovic
1764447,2018-11-19,2,104745,7480.0,Rafael Nadal
1764448,2018-11-19,3,103819,6420.0,Roger Federer
1764449,2018-11-19,4,100644,6385.0,Alexander Zverev
1764450,2018-11-19,5,105223,5300.0,Juan Martin del Potro
1766500,2018-11-26,1,104925,9045.0,Novak Djokovic
1766501,2018-11-26,2,104745,7480.0,Rafael Nadal
1766502,2018-11-26,3,103819,6420.0,Roger Federer
1766503,2018-11-26,4,100644,6385.0,Alexander Zverev
1766504,2018-11-26,5,105223,5300.0,Juan Martin del Potro
1768557,2018-12-03,1,104925,9045.0,Novak Djokovic
1768558,2018-12-03,2,104745,7480.0,Rafael Nadal
1768559,2018-12-03,3,103819,6420.0,Roger Federer
1768560,2018-12-03,4,100644,6385.0,Alexander Zverev
1768561,2018-12-03,5,105223,5300.0,Juan Martin del Potro
1770615,2018-12-10,1,104925,9045.0,Novak Djokovic
1770616,2018-12-10,2,104745,7480.0,Rafael Nadal
1770617,2018-12-10,3,103819,6420.0,Roger Federer
1770618,2018-12-10,4,100644,6385.0,Alexander Zverev
1770619,2018-12-10,5,105223,5300.0,Juan Martin del Potro
1772665,2018-12-17,1,104925,9045.0,Novak Djokovic
1772666,2018-12-17,2,104745,7480.0,Rafael Nadal
1772667,2018-12-17,3,103819,6420.0,Roger Federer
1772668,2018-12-17,4,100644,6385.0,Alexander Zverev
1772669,2018-12-17,5,105223,5300.0,Juan Martin del Potro
1774712,2018-12-24,1,104925,9045.0,Novak Djokovic
1774713,2018-12-24,2,104745,7480.0,Rafael Nadal
1774714,2018-12-24,3,103819,6420.0,Roger Federer
1774715,2018-12-24,4,100644,6385.0,Alexander Zverev
1774716,2018-12-24,5,105223,5300.0,Juan Martin del Potro
1776753,2018-12-31,1,104925,9045.0,Novak Djokovic
1776754,2018-12-31,2,104745,7480.0,Rafael Nadal
1776755,2018-12-31,3,103819,6420.0,Roger Federer
1776756,2018-12-31,4,100644,6385.0,Alexander Zverev
1776757,2018-12-31,5,105223,5300.0,Juan Martin del Potro
1777432,2019-01-07,1,104925,9135.0,Novak Djokovic
1777433,2019-01-07,2,104745,7480.0,Rafael Nadal
1777434,2019-01-07,3,103819,6420.0,Roger Federer
1777435,2019-01-07,4,100644,6385.0,Alexander Zverev
1777436,2019-01-07,5,105223,5300.0,Juan Martin del Potro
1778111,2019-01-14,1,104925,9135.0,Novak Djokovic
1778112,2019-01-14,2,104745,7480.0,Rafael Nadal
1778113,2019-01-14,3,103819,6420.0,Roger Federer
1778114,2019-01-14,4,100644,6385.0,Alexander Zverev
1778115,2019-01-14,5,105223,5150.0,Juan Martin del Potro
1778789,2019-01-28,1,104925,10955.0,Novak Djokovic
1778790,2019-01-28,2,104745,8320.0,Rafael Nadal
1778791,2019-01-28,3,100644,6475.0,Alexander Zverev
1778792,2019-01-28,4,105223,5060.0,Juan Martin del Potro
1778793,2019-01-28,5,104731,4845.0,Kevin Anderson
1779474,2019-02-04,1,104925,10955.0,Novak Djokovic
1779475,2019-02-04,2,104745,8320.0,Rafael Nadal
1779476,2019-02-04,3,100644,6475.0,Alexander Zverev
1779477,2019-02-04,4,105223,5060.0,Juan Martin del Potro
1779478,2019-02-04,5,104731,4845.0,Kevin Anderson
1780159,2019-02-11,1,104925,10955.0,Novak Djokovic
1780160,2019-02-11,2,104745,8320.0,Rafael Nadal
1780161,2019-02-11,3,100644,6475.0,Alexander Zverev
1780162,2019-02-11,4,105223,5060.0,Juan Martin del Potro
1780163,2019-02-11,5,104731,4845.0,Kevin Anderson
1780841,2019-02-18,1,104925,10955.0,Novak Djokovic
1780842,2019-02-18,2,104745,8320.0,Rafael Nadal
1780843,2019-02-18,3,100644,6475.0,Alexander Zverev
1780844,2019-02-18,4,105223,5060.0,Juan Martin del Potro
1780845,2019-02-18,5,104731,4595.0,Kevin Anderson
1781525,2019-02-25,1,104925,10955.0,Novak Djokovic
1781526,2019-02-25,2,104745,8320.0,Rafael Nadal
1781527,2019-02-25,3,100644,6475.0,Alexander Zverev
1781528,2019-02-25,4,105223,5085.0,Juan Martin del Potro
1781529,2019-02-25,5,104731,4595.0,Kevin Anderson
1782207,2019-03-04,1,104925,10955.0,Novak Djokovic
1782208,2019-03-04,2,104745,8365.0,Rafael Nadal
1782209,2019-03-04,3,100644,6595.0,Alexander Zverev
1782210,2019-03-04,4,103819,4600.0,Roger Federer
1782211,2019-03-04,5,105223,4585.0,Juan Martin del Potro
1782889,2019-03-11,1,104925,10955.0,Novak Djokovic
1782890,2019-03-11,2,104745,8365.0,Rafael Nadal
1782891,2019-03-11,3,100644,6595.0,Alexander Zverev
1782892,2019-03-11,4,103819,4600.0,Roger Federer
1782893,2019-03-11,5,105223,4585.0,Juan Martin del Potro
1783571,2019-03-18,1,104925,10990.0,Novak Djokovic
1783572,2019-03-18,2,104745,8725.0,Rafael Nadal
1783573,2019-03-18,3,100644,6630.0,Alexander Zverev
1783574,2019-03-18,4,106233,4755.0,Dominic Thiem
1783575,2019-03-18,5,103819,4600.0,Roger Federer
1784252,2019-04-01,1,104925,11070.0,Novak Djokovic
1784253,2019-04-01,2,104745,8725.0,Rafael Nadal
1784254,2019-04-01,3,100644,6040.0,Alexander Zverev
1784255,2019-04-01,4,103819,5590.0,Roger Federer
1784256,2019-04-01,5,106233,4765.0,Dominic Thiem
1784934,2019-04-08,1,104925,11070.0,Novak Djokovic
1784935,2019-04-08,2,104745,8725.0,Rafael Nadal
1784936,2019-04-08,3,100644,6040.0,Alexander Zverev
1784937,2019-04-08,4,103819,5590.0,Roger Federer
1784938,2019-04-08,5,106233,4765.0,Dominic Thiem
1785619,2019-04-15,1,104925,11070.0,Novak Djokovic
1785620,2019-04-15,2,104745,8725.0,Rafael Nadal
1785621,2019-04-15,3,100644,6040.0,Alexander Zverev
1785622,2019-04-15,4,103819,5590.0,Roger Federer
1785623,2019-04-15,5,106233,4765.0,Dominic Thiem
1786305,2019-04-22,1,104925,11160.0,Novak Djokovic
1786306,2019-04-22,2,104745,8085.0,Rafael Nadal
1786307,2019-04-22,3,100644,5770.0,Alexander Zverev
1786308,2019-04-22,4,103819,5590.0,Roger Federer
1786309,2019-04-22,5,106233,4675.0,Dominic Thiem
1786992,2019-04-29,1,104925,11160.0,Novak Djokovic
1786993,2019-04-29,2,104745,7765.0,Rafael Nadal
1786994,2019-04-29,3,100644,5770.0,Alexander Zverev
1786995,2019-04-29,4,103819,5590.0,Roger Federer
1786996,2019-04-29,5,106233,5085.0,Dominic Thiem
1787678,2019-05-06,1,104925,11160.0,Novak Djokovic
1787679,2019-05-06,2,104745,7765.0,Rafael Nadal
1787680,2019-05-06,3,103819,5590.0,Roger Federer
1787681,2019-05-06,4,100644,5565.0,Alexander Zverev
1787682,2019-05-06,5,106233,5085.0,Dominic Thiem
1788359,2019-05-13,1,104925,12115.0,Novak Djokovic
1788360,2019-05-13,2,104745,7945.0,Rafael Nadal
1788361,2019-05-13,3,103819,5770.0,Roger Federer
1788362,2019-05-13,4,106233,4845.0,Dominic Thiem
1788363,2019-05-13,5,100644,4745.0,Alexander Zverev
1789039,2019-05-20,1,104925,12355.0,Novak Djokovic
1789040,2019-05-20,2,104745,7945.0,Rafael Nadal
1789041,2019-05-20,3,103819,5950.0,Roger Federer
1789042,2019-05-20,4,106233,4845.0,Dominic Thiem
1789043,2019-05-20,5,100644,4155.0,Alexander Zverev
1789719,2019-05-27,1,104925,12355.0,Novak Djokovic
1789720,2019-05-27,2,104745,7945.0,Rafael Nadal
1789721,2019-05-27,3,103819,5950.0,Roger Federer
1789722,2019-05-27,4,106233,4685.0,Dominic Thiem
1789723,2019-05-27,5,100644,4360.0,Alexander Zverev
1790397,2019-06-10,1,104925,12715.0,Novak Djokovic
1790398,2019-06-10,2,104745,7945.0,Rafael Nadal
1790399,2019-06-10,3,103819,6670.0,Roger Federer
1790400,2019-06-10,4,106233,4685.0,Dominic Thiem
1790401,2019-06-10,5,100644,4360.0,Alexander Zverev
1791078,2019-06-17,1,104925,12715.0,Novak Djokovic
1791079,2019-06-17,2,104745,7945.0,Rafael Nadal
1791080,2019-06-17,3,103819,6420.0,Roger Federer
1791081,2019-06-17,4,106233,4685.0,Dominic Thiem
1791082,2019-06-17,5,100644,4360.0,Alexander Zverev
1791760,2019-06-24,1,104925,12415.0,Novak Djokovic
1791761,2019-06-24,2,104745,7945.0,Rafael Nadal
1791762,2019-06-24,3,103819,6620.0,Roger Federer
1791763,2019-06-24,4,106233,4595.0,Dominic Thiem
1791764,2019-06-24,5,100644,4405.0,Alexander Zverev
1792446,2019-07-01,1,104925,12415.0,Novak Djokovic
1792447,2019-07-01,2,104745,7945.0,Rafael Nadal
1792448,2019-07-01,3,103819,6620.0,Roger Federer
1792449,2019-07-01,4,106233,4595.0,Dominic Thiem
1792450,2019-07-01,5,100644,4405.0,Alexander Zverev
1793130,2019-07-15,1,104925,12415.0,Novak Djokovic
1793131,2019-07-15,2,104745,7945.0,Rafael Nadal
1793132,2019-07-15,3,103819,7460.0,Roger Federer
1793133,2019-07-15,4,106233,4595.0,Dominic Thiem
1793134,2019-07-15,5,100644,4325.0,Alexander Zverev
1793817,2019-07-22,1,104925,12415.0,Novak Djokovic
1793818,2019-07-22,2,104745,7945.0,Rafael Nadal
1793819,2019-07-22,3,103819,7460.0,Roger Federer
1793820,2019-07-22,4,106233,4595.0,Dominic Thiem
1793821,2019-07-22,5,100644,4325.0,Alexander Zverev
1794503,2019-07-29,1,104925,12415.0,Novak Djokovic
1794504,2019-07-29,2,104745,7945.0,Rafael Nadal
1794505,2019-07-29,3,103819,7460.0,Roger Federer
1794506,2019-07-29,4,106233,4595.0,Dominic Thiem
1794507,2019-07-29,5,100644,4415.0,Alexander Zverev
1795187,2019-08-05,1,104925,12415.0,Novak Djokovic
1795188,2019-08-05,2,104745,7945.0,Rafael Nadal
1795189,2019-08-05,3,103819,7460.0,Roger Federer
1795190,2019-08-05,4,106233,4755.0,Dominic Thiem
1795191,2019-08-05,5,126774,4045.0,Stefanos Tsitsipas
1797180,2019-08-12,1,104925,12325.0,Novak Djokovic
1797181,2019-08-12,2,104745,7945.0,Rafael Nadal
1797182,2019-08-12,3,103819,7460.0,Roger Federer
1797183,2019-08-12,4,106233,4925.0,Dominic Thiem
1797184,2019-08-12,5,105453,4040.0,Kei Nishikori
1799166,2019-08-19,1,104925,11685.0,Novak Djokovic
1799167,2019-08-19,2,104745,7945.0,Rafael Nadal
1799168,2019-08-19,3,103819,6950.0,Roger Federer
1799169,2019-08-19,4,106233,4925.0,Dominic Thiem
1799170,2019-08-19,5,106421,4195.0,Daniil Medvedev
1801156,2019-08-26,1,104925,11685.0,Novak Djokovic
1801157,2019-08-26,2,104745,7945.0,Rafael Nadal
1801158,2019-08-26,3,103819,6950.0,Roger Federer
1801159,2019-08-26,4,106233,4925.0,Dominic Thiem
1801160,2019-08-26,5,106421,4125.0,Daniil Medvedev
1803159,2019-09-09,1,104925,9865.0,Novak Djokovic
1803160,2019-09-09,2,104745,9225.0,Rafael Nadal
1803161,2019-09-09,3,103819,7130.0,Roger Federer
1803162,2019-09-09,4,106421,5235.0,Daniil Medvedev
1803163,2019-09-09,5,106233,4575.0,Dominic Thiem
1805138,2019-09-16,1,104925,9865.0,Novak Djokovic
1805139,2019-09-16,2,104745,9225.0,Rafael Nadal
1805140,2019-09-16,3,103819,7130.0,Roger Federer
1805141,2019-09-16,4,106421,5235.0,Daniil Medvedev
1805142,2019-09-16,5,106233,4575.0,Dominic Thiem
1807111,2019-09-23,1,104925,9865.0,Novak Djokovic
1807112,2019-09-23,2,104745,9225.0,Rafael Nadal
1807113,2019-09-23,3,103819,7130.0,Roger Federer
1807114,2019-09-23,4,106421,5305.0,Daniil Medvedev
1807115,2019-09-23,5,106233,4415.0,Dominic Thiem
1809087,2019-09-30,1,104925,9865.0,Novak Djokovic
1809088,2019-09-30,2,104745,9225.0,Rafael Nadal
1809089,2019-09-30,3,103819,7130.0,Roger Federer
1809090,2019-09-30,4,106421,5305.0,Daniil Medvedev
1809091,2019-09-30,5,106233,4415.0,Dominic Thiem
1811075,2019-10-07,1,104925,10365.0,Novak Djokovic
1811076,2019-10-07,2,104745,9225.0,Rafael Nadal
1811077,2019-10-07,3,103819,7130.0,Roger Federer
1811078,2019-10-07,4,106421,4965.0,Daniil Medvedev
1811079,2019-10-07,5,106233,4915.0,Dominic Thiem
1813058,2019-10-14,1,104925,9545.0,Novak Djokovic
1813059,2019-10-14,2,104745,9225.0,Rafael Nadal
1813060,2019-10-14,3,103819,6950.0,Roger Federer
1813061,2019-10-14,4,106421,5920.0,Daniil Medvedev
1813062,2019-10-14,5,106233,5085.0,Dominic Thiem
1815041,2019-10-21,1,104925,9545.0,Novak Djokovic
1815042,2019-10-21,2,104745,9225.0,Rafael Nadal
1815043,2019-10-21,3,103819,6950.0,Roger Federer
1815044,2019-10-21,4,106421,5920.0,Daniil Medvedev
1815045,2019-10-21,5,106233,5085.0,Dominic Thiem
1817019,2019-10-28,1,104925,9545.0,Novak Djokovic
1817020,2019-10-28,2,104745,9225.0,Rafael Nadal
1817021,2019-10-28,3,103819,6950.0,Roger Federer
1817022,2019-10-28,4,106421,5740.0,Daniil Medvedev
1817023,2019-10-28,5,106233,5495.0,Dominic Thiem
1819000,2019-11-04,1,104745,9585.0,Rafael Nadal
1819001,2019-11-04,2,104925,8945.0,Novak Djokovic
1819002,2019-11-04,3,103819,6190.0,Roger Federer
1819003,2019-11-04,4,106421,5705.0,Daniil Medvedev
1819004,2019-11-04,5,106233,5025.0,Dominic Thiem
1820977,2019-11-11,1,104745,9585.0,Rafael Nadal
1820978,2019-11-11,2,104925,8945.0,Novak Djokovic
1820979,2019-11-11,3,103819,6190.0,Roger Federer
1820980,2019-11-11,4,106421,5705.0,Daniil Medvedev
1820981,2019-11-11,5,106233,5025.0,Dominic Thiem
1822941,2019-11-18,1,104745,9985.0,Rafael Nadal
1822942,2019-11-18,2,104925,9145.0,Novak Djokovic
1822943,2019-11-18,3,103819,6590.0,Roger Federer
1822944,2019-11-18,4,106233,5825.0,Dominic Thiem
1822945,2019-11-18,5,106421,5705.0,Daniil Medvedev
1824905,2019-11-25,1,104745,9985.0,Rafael Nadal
1824906,2019-11-25,2,104925,9145.0,Novak Djokovic
1824907,2019-11-25,3,103819,6590.0,Roger Federer
1824908,2019-11-25,4,106233,5825.0,Dominic Thiem
1824909,2019-11-25,5,106421,5705.0,Daniil Medvedev
1826847,2019-12-02,1,104745,9985.0,Rafael Nadal
1826848,2019-12-02,2,104925,9145.0,Novak Djokovic
1826849,2019-12-02,3,103819,6590.0,Roger Federer
1826850,2019-12-02,4,106233,5825.0,Dominic Thiem
1826851,2019-12-02,5,106421,5705.0,Daniil Medvedev
1828792,2019-12-09,1,104745,9985.0,Rafael Nadal
1828793,2019-12-09,2,104925,9145.0,Novak Djokovic
1828794,2019-12-09,3,103819,6590.0,Roger Federer
1828795,2019-12-09,4,106233,5825.0,Dominic Thiem
1828796,2019-12-09,5,106421,5705.0,Daniil Medvedev
1830732,2019-12-16,1,104745,9985.0,Rafael Nadal
1830733,2019-12-16,2,104925,9145.0,Novak Djokovic
1830734,2019-12-16,3,103819,6590.0,Roger Federer
1830735,2019-12-16,4,106233,5825.0,Dominic Thiem
1830736,2019-12-16,5,106421,5705.0,Daniil Medvedev
1832665,2019-12-23,1,104745,9985.0,Rafael Nadal
1832666,2019-12-23,2,104925,9145.0,Novak Djokovic
1832667,2019-12-23,3,103819,6590.0,Roger Federer
1832668,2019-12-23,4,106233,5825.0,Dominic Thiem
1832669,2019-12-23,5,106421,5705.0,Daniil Medvedev
1834598,2019-12-30,1,104745,9985.0,Rafael Nadal
1834599,2019-12-30,2,104925,9145.0,Novak Djokovic
1834600,2019-12-30,3,103819,6590.0,Roger Federer
1834601,2019-12-30,4,106233,5825.0,Dominic Thiem
1834602,2019-12-30,5,106421,5705.0,Daniil Medvedev
1836525,2020-01-06,1,104745,9985.0,Rafael Nadal
1836526,2020-01-06,2,104925,9055.0,Novak Djokovic
1836527,2020-01-06,3,103819,6590.0,Roger Federer
1836528,2020-01-06,4,106233,5825.0,Dominic Thiem
1836529,2020-01-06,5,106421,5705.0,Daniil Medvedev
1838452,2020-01-13,1,104745,10235.0,Rafael Nadal
1838453,2020-01-13,2,104925,9720.0,Novak Djokovic
1838454,2020-01-13,3,103819,6590.0,Roger Federer
1838455,2020-01-13,4,106421,5960.0,Daniil Medvedev
1838456,2020-01-13,5,106233,5890.0,Dominic Thiem
1840379,2020-01-20,1,104745,10235.0,Rafael Nadal
1840380,2020-01-20,2,104925,9720.0,Novak Djokovic
1840381,2020-01-20,3,103819,6590.0,Roger Federer
1840382,2020-01-20,4,106421,5960.0,Daniil Medvedev
1840383,2020-01-20,5,106233,5890.0,Dominic Thiem
1842309,2020-02-03,1,104925,9720.0,Novak Djokovic
1842310,2020-02-03,2,104745,9395.0,Rafael Nadal
1842311,2020-02-03,3,103819,7130.0,Roger Federer
1842312,2020-02-03,4,106233,7045.0,Dominic Thiem
1842313,2020-02-03,5,106421,5960.0,Daniil Medvedev
1844244,2020-02-10,1,104925,9720.0,Novak Djokovic
1844245,2020-02-10,2,104745,9395.0,Rafael Nadal
1844246,2020-02-10,3,103819,7130.0,Roger Federer
1844247,2020-02-10,4,106233,7045.0,Dominic Thiem
1844248,2020-02-10,5,106421,5890.0,Daniil Medvedev
1846178,2020-02-17,1,104925,9720.0,Novak Djokovic
1846179,2020-02-17,2,104745,9395.0,Rafael Nadal
1846180,2020-02-17,3,103819,7130.0,Roger Federer
1846181,2020-02-17,4,106233,7045.0,Dominic Thiem
1846182,2020-02-17,5,106421,5890.0,Daniil Medvedev
1848106,2020-02-24,1,104925,9720.0,Novak Djokovic
1848107,2020-02-24,2,104745,9395.0,Rafael Nadal
1848108,2020-02-24,3,103819,7130.0,Roger Federer
1848109,2020-02-24,4,106233,7045.0,Dominic Thiem
1848110,2020-02-24,5,106421,5890.0,Daniil Medvedev
1850041,2020-03-02,1,104925,10220.0,Novak Djokovic
1850042,2020-03-02,2,104745,9850.0,Rafael Nadal
1850043,2020-03-02,3,106233,7045.0,Dominic Thiem
1850044,2020-03-02,4,103819,6630.0,Roger Federer
1850045,2020-03-02,5,106421,5890.0,Daniil Medvedev
1851981,2020-03-09,1,104925,10220.0,Novak Djokovic
1851982,2020-03-09,2,104745,9850.0,Rafael Nadal
1851983,2020-03-09,3,106233,7045.0,Dominic Thiem
1851984,2020-03-09,4,103819,6630.0,Roger Federer
1851985,2020-03-09,5,106421,5890.0,Daniil Medvedev
1853926,2020-03-16,1,104925,10220.0,Novak Djokovic
1853927,2020-03-16,2,104745,9850.0,Rafael Nadal
1853928,2020-03-16,3,106233,7045.0,Dominic Thiem
1853929,2020-03-16,4,103819,6630.0,Roger Federer
1853930,2020-03-16,5,106421,5890.0,Daniil Medvedev
1855905,2020-08-24,1,104925,10220.0,Novak Djokovic
1855906,2020-08-24,2,104745,9850.0,Rafael Nadal
1855907,2020-08-24,3,106233,7045.0,Dominic Thiem
1855908,2020-08-24,4,103819,6630.0,Roger Federer
1855909,2020-08-24,5,106421,5890.0,Daniil Medvedev
1857878,2020-08-31,1,104925,10860.0,Novak Djokovic
1857879,2020-08-31,2,104745,9850.0,Rafael Nadal
1857880,2020-08-31,3,106233,7135.0,Dominic Thiem
1857881,2020-08-31,4,103819,6630.0,Roger Federer
1857882,2020-08-31,5,106421,5890.0,Daniil Medvedev
1859851,2020-09-14,1,104925,10860.0,Novak Djokovic
1859852,2020-09-14,2,104745,9850.0,Rafael Nadal
1859853,2020-09-14,3,106233,9125.0,Dominic Thiem
1859854,2020-09-14,4,103819,6630.0,Roger Federer
1859855,2020-09-14,5,106421,5890.0,Daniil Medvedev
1861826,2020-09-21,1,104925,11260.0,Novak Djokovic
1861827,2020-09-21,2,104745,9850.0,Rafael Nadal
1861828,2020-09-21,3,106233,9125.0,Dominic Thiem
1861829,2020-09-21,4,103819,6630.0,Roger Federer
1861830,2020-09-21,5,106421,5890.0,Daniil Medvedev
1863804,2020-09-28,1,104925,11260.0,Novak Djokovic
1863805,2020-09-28,2,104745,9850.0,Rafael Nadal
1863806,2020-09-28,3,106233,9125.0,Dominic Thiem
1863807,2020-09-28,4,103819,6630.0,Roger Federer
1863808,2020-09-28,5,106421,5890.0,Daniil Medvedev
1865783,2020-10-12,1,104925,11740.0,Novak Djokovic
1865784,2020-10-12,2,104745,9850.0,Rafael Nadal
1865785,2020-10-12,3,106233,9125.0,Dominic Thiem
1865786,2020-10-12,4,103819,6630.0,Roger Federer
1865787,2020-10-12,5,126774,5925.0,Stefanos Tsitsipas
1867766,2020-10-19,1,104925,11740.0,Novak Djokovic
1867767,2020-10-19,2,104745,9850.0,Rafael Nadal
1867768,2020-10-19,3,106233,9125.0,Dominic Thiem
1867769,2020-10-19,4,103819,6630.0,Roger Federer
1867770,2020-10-19,5,126774,5925.0,Stefanos Tsitsipas
1869751,2020-10-26,1,104925,11740.0,Novak Djokovic
1869752,2020-10-26,2,104745,9850.0,Rafael Nadal
1869753,2020-10-26,3,106233,9125.0,Dominic Thiem
1869754,2020-10-26,4,103819,6630.0,Roger Federer
1869755,2020-10-26,5,126774,5925.0,Stefanos Tsitsipas
1871736,2020-11-02,1,104925,11830.0,Novak Djokovic
1871737,2020-11-02,2,104745,9850.0,Rafael Nadal
1871738,2020-11-02,3,106233,9125.0,Dominic Thiem
1871739,2020-11-02,4,103819,6630.0,Roger Federer
1871740,2020-11-02,5,106421,5980.0,Daniil Medvedev
1873723,2020-11-09,1,104925,11830.0,Novak Djokovic
1873724,2020-11-09,2,104745,9850.0,Rafael Nadal
1873725,2020-11-09,3,106233,9125.0,Dominic Thiem
1873726,2020-11-09,4,106421,6970.0,Daniil Medvedev
1873727,2020-11-09,5,103819,6630.0,Roger Federer
1875713,2020-11-16,1,104925,11830.0,Novak Djokovic
1875714,2020-11-16,2,104745,9850.0,Rafael Nadal
1875715,2020-11-16,3,106233,9125.0,Dominic Thiem
1875716,2020-11-16,4,106421,6970.0,Daniil Medvedev
1875717,2020-11-16,5,103819,6630.0,Roger Federer
1877705,2020-11-23,1,104925,12030.0,Novak Djokovic
1877706,2020-11-23,2,104745,9850.0,Rafael Nadal
1877707,2020-11-23,3,106233,9125.0,Dominic Thiem
1877708,2020-11-23,4,106421,8470.0,Daniil Medvedev
1877709,2020-11-23,5,103819,6630.0,Roger Federer
1879697,2020-11-30,1,104925,12030.0,Novak Djokovic
1879698,2020-11-30,2,104745,9850.0,Rafael Nadal
1879699,2020-11-30,3,106233,9125.0,Dominic Thiem
1879700,2020-11-30,4,106421,8470.0,Daniil Medvedev
1879701,2020-11-30,5,103819,6630.0,Roger Federer
1881691,2020-12-07,1,104925,12030.0,Novak Djokovic
1881692,2020-12-07,2,104745,9850.0,Rafael Nadal
1881693,2020-12-07,3,106233,9125.0,Dominic Thiem
1881694,2020-12-07,4,106421,8470.0,Daniil Medvedev
1881695,2020-12-07,5,103819,6630.0,Roger Federer
1883686,2020-12-14,1,104925,12030.0,Novak Djokovic
1883687,2020-12-14,2,104745,9850.0,Rafael Nadal
1883688,2020-12-14,3,106233,9125.0,Dominic Thiem
1883689,2020-12-14,4,106421,8470.0,Daniil Medvedev
1883690,2020-12-14,5,103819,6630.0,Roger Federer
1885683,2020-12-21,1,104925,12030.0,Novak Djokovic
1885684,2020-12-21,2,104745,9850.0,Rafael Nadal
1885685,2020-12-21,3,106233,9125.0,Dominic Thiem
1885686,2020-12-21,4,106421,8470.0,Daniil Medvedev
1885687,2020-12-21,5,103819,6630.0,Roger Federer
1887682,2020-12-28,1,104925,12030.0,Novak Djokovic
1887683,2020-12-28,2,104745,9850.0,Rafael Nadal
1887684,2020-12-28,3,106233,9125.0,Dominic Thiem
1887685,2020-12-28,4,106421,8470.0,Daniil Medvedev
1887686,2020-12-28,5,103819,6630.0,Roger Federer
1889682,2021-01-04,1,104925,12030.0,Novak Djokovic
1889683,2021-01-04,2,104745,9850.0,Rafael Nadal
1889684,2021-01-04,3,106233,9125.0,Dominic Thiem
1889685,2021-01-04,4,106421,8470.0,Daniil Medvedev
1889686,2021-01-04,5,103819,6630.0,Roger Federer
1891687,2021-01-11,1,104925,12030.0,Novak Djokovic
1891688,2021-01-11,2,104745,9850.0,Rafael Nadal
1891689,2021-01-11,3,106233,9125.0,Dominic Thiem
1891690,2021-01-11,4,106421,8470.0,Daniil Medvedev
1891691,2021-01-11,5,103819,6630.0,Roger Federer
1893693,2021-01-18,1,104925,12030.0,Novak Djokovic
1893694,2021-01-18,2,104745,9850.0,Rafael Nadal
1893695,2021-01-18,3,106233,9125.0,Dominic Thiem
1893696,2021-01-18,4,106421,8470.0,Daniil Medvedev
1893697,2021-01-18,5,103819,6630.0,Roger Federer
1895710,2021-01-25,1,104925,12030.0,Novak Djokovic
1895711,2021-01-25,2,104745,9850.0,Rafael Nadal
1895712,2021-01-25,3,106233,9125.0,Dominic Thiem
1895713,2021-01-25,4,106421,8470.0,Daniil Medvedev
1895714,2021-01-25,5,103819,6630.0,Roger Federer
1897731,2021-02-01,1,104925,12030.0,Novak Djokovic
1897732,2021-02-01,2,104745,9850.0,Rafael Nadal
1897733,2021-02-01,3,106233,9125.0,Dominic Thiem
1897734,2021-02-01,4,106421,8470.0,Daniil Medvedev
1897735,2021-02-01,5,103819,6630.0,Roger Federer
1899753,2021-02-08,1,104925,12030.0,Novak Djokovic
1899754,2021-02-08,2,104745,9850.0,Rafael Nadal
1899755,2021-02-08,3,106233,9125.0,Dominic Thiem
1899756,2021-02-08,4,106421,8715.0,Daniil Medvedev
1899757,2021-02-08,5,103819,6630.0,Roger Federer
1901775,2021-02-22,1,104925,12030.0,Novak Djokovic
1901776,2021-02-22,2,104745,9850.0,Rafael Nadal
1901777,2021-02-22,3,106421,9735.0,Daniil Medvedev
1901778,2021-02-22,4,106233,9125.0,Dominic Thiem
1901779,2021-02-22,5,103819,6630.0,Roger Federer
1903804,2021-03-01,1,104925,12030.0,Novak Djokovic
1903805,2021-03-01,2,104745,9850.0,Rafael Nadal
1903806,2021-03-01,3,106421,9735.0,Daniil Medvedev
1903807,2021-03-01,4,106233,9125.0,Dominic Thiem
1903808,2021-03-01,5,103819,6630.0,Roger Federer
1905834,2021-03-08,1,104925,12030.0,Novak Djokovic
1905835,2021-03-08,2,104745,9850.0,Rafael Nadal
1905836,2021-03-08,3,106421,9735.0,Daniil Medvedev
1905837,2021-03-08,4,106233,9125.0,Dominic Thiem
1905838,2021-03-08,5,126774,6660.0,Stefanos Tsitsipas
1907866,2021-03-15,1,104925,12008.0,Novak Djokovic
1907867,2021-03-15,2,106421,9940.0,Daniil Medvedev
1907868,2021-03-15,3,104745,9670.0,Rafael Nadal
1907869,2021-03-15,4,106233,8625.0,Dominic Thiem
1907870,2021-03-15,5,126774,6765.0,Stefanos Tsitsipas
1909902,2021-03-22,1,104925,12008.0,Novak Djokovic
1909903,2021-03-22,2,106421,9940.0,Daniil Medvedev
1909904,2021-03-22,3,104745,9670.0,Rafael Nadal
1909905,2021-03-22,4,106233,8625.0,Dominic Thiem
1909906,2021-03-22,5,126774,6950.0,Stefanos Tsitsipas
1911945,2021-04-05,1,104925,11963.0,Novak Djokovic
1911946,2021-04-05,2,106421,10030.0,Daniil Medvedev
1911947,2021-04-05,3,104745,9670.0,Rafael Nadal
1911948,2021-04-05,4,106233,8660.0,Dominic Thiem
1911949,2021-04-05,5,126774,7040.0,Stefanos Tsitsipas
1913996,2021-04-12,1,104925,11963.0,Novak Djokovic
1913997,2021-04-12,2,106421,10030.0,Daniil Medvedev
1913998,2021-04-12,3,104745,9670.0,Rafael Nadal
1913999,2021-04-12,4,106233,8660.0,Dominic Thiem
1914000,2021-04-12,5,126774,7040.0,Stefanos Tsitsipas
1916054,2021-04-19,1,104925,11873.0,Novak Djokovic
1916055,2021-04-19,2,106421,9850.0,Daniil Medvedev
1916056,2021-04-19,3,104745,9490.0,Rafael Nadal
1916057,2021-04-19,4,106233,8615.0,Dominic Thiem
1916058,2021-04-19,5,126774,7860.0,Stefanos Tsitsipas
1918119,2021-04-26,1,104925,11963.0,Novak Djokovic
1918120,2021-04-26,2,104745,9810.0,Rafael Nadal
1918121,2021-04-26,3,106421,9700.0,Daniil Medvedev
1918122,2021-04-26,4,106233,8365.0,Dominic Thiem
1918123,2021-04-26,5,126774,7980.0,Stefanos Tsitsipas
1920186,2021-05-03,1,104925,11963.0,Novak Djokovic
1920187,2021-05-03,2,104745,9810.0,Rafael Nadal
1920188,2021-05-03,3,106421,9700.0,Daniil Medvedev
1920189,2021-05-03,4,106233,8365.0,Dominic Thiem
1920190,2021-05-03,5,126774,7910.0,Stefanos Tsitsipas
1922257,2021-05-10,1,104925,11463.0,Novak Djokovic
1922258,2021-05-10,2,106421,9780.0,Daniil Medvedev
1922259,2021-05-10,3,104745,9630.0,Rafael Nadal
1922260,2021-05-10,4,106233,8365.0,Dominic Thiem
1922261,2021-05-10,5,126774,7610.0,Stefanos Tsitsipas
1924329,2021-05-17,1,104925,11063.0,Novak Djokovic
1924330,2021-05-17,2,106421,9793.0,Daniil Medvedev
1924331,2021-05-17,3,104745,9630.0,Rafael Nadal
1924332,2021-05-17,4,106233,8445.0,Dominic Thiem
1924333,2021-05-17,5,126774,7430.0,Stefanos Tsitsipas
1926404,2021-05-24,1,104925,11063.0,Novak Djokovic
1926405,2021-05-24,2,106421,9793.0,Daniil Medvedev
1926406,2021-05-24,3,104745,9630.0,Rafael Nadal
1926407,2021-05-24,4,106233,8445.0,Dominic Thiem
1926408,2021-05-24,5,126774,7500.0,Stefanos Tsitsipas
1928484,2021-05-31,1,104925,11313.0,Novak Djokovic
1928485,2021-05-31,2,106421,9793.0,Daniil Medvedev
1928486,2021-05-31,3,104745,9630.0,Rafael Nadal
1928487,2021-05-31,4,106233,8445.0,Dominic Thiem
1928488,2021-05-31,5,126774,7500.0,Stefanos Tsitsipas
1930567,2021-06-14,1,104925,12113.0,Novak Djokovic
1930568,2021-06-14,2,106421,10143.0,Daniil Medvedev
1930569,2021-06-14,3,104745,8630.0,Rafael Nadal
1930570,2021-06-14,4,126774,7980.0,Stefanos Tsitsipas
1930571,2021-06-14,5,106233,7425.0,Dominic Thiem
1932668,2021-06-21,1,104925,12113.0,Novak Djokovic
1932669,2021-06-21,2,106421,10053.0,Daniil Medvedev
1932670,2021-06-21,3,104745,8630.0,Rafael Nadal
1932671,2021-06-21,4,126774,7980.0,Stefanos Tsitsipas
1932672,2021-06-21,5,106233,7425.0,Dominic Thiem
1934776,2021-06-28,1,104925,12113.0,Novak Djokovic
1934777,2021-06-28,2,106421,10280.0,Daniil Medvedev
1934778,2021-06-28,3,104745,8630.0,Rafael Nadal
1934779,2021-06-28,4,126774,7980.0,Stefanos Tsitsipas
1934780,2021-06-28,5,106233,7425.0,Dominic Thiem
1936887,2021-07-12,1,104925,12113.0,Novak Djokovic
1936888,2021-07-12,2,106421,10370.0,Daniil Medvedev
1936889,2021-07-12,3,104745,8270.0,Rafael Nadal
1936890,2021-07-12,4,126774,8150.0,Stefanos Tsitsipas
1936891,2021-07-12,5,100644,7475.0,Alexander Zverev
1939007,2021-07-19,1,104925,12113.0,Novak Djokovic
1939008,2021-07-19,2,106421,10370.0,Daniil Medvedev
1939009,2021-07-19,3,104745,8270.0,Rafael Nadal
1939010,2021-07-19,4,126774,8030.0,Stefanos Tsitsipas
1939011,2021-07-19,5,100644,7340.0,Alexander Zverev
1941138,2021-07-26,1,104925,12113.0,Novak Djokovic
1941139,2021-07-26,2,106421,10370.0,Daniil Medvedev
1941140,2021-07-26,3,104745,8270.0,Rafael Nadal
1941141,2021-07-26,4,126774,8030.0,Stefanos Tsitsipas
1941142,2021-07-26,5,100644,7340.0,Alexander Zverev
1943275,2021-08-02,1,104925,12113.0,Novak Djokovic
1943276,2021-08-02,2,106421,10220.0,Daniil Medvedev
1943277,2021-08-02,3,104745,8270.0,Rafael Nadal
1943278,2021-08-02,4,126774,8000.0,Stefanos Tsitsipas
1943279,2021-08-02,5,100644,7340.0,Alexander Zverev
1945421,2021-08-09,1,104925,12113.0,Novak Djokovic
1945422,2021-08-09,2,106421,9643.0,Daniil Medvedev
1945423,2021-08-09,3,126774,8115.0,Stefanos Tsitsipas
1945424,2021-08-09,4,104745,7315.0,Rafael Nadal
1945425,2021-08-09,5,100644,7183.0,Alexander Zverev
1947578,2021-08-16,1,104925,12113.0,Novak Djokovic
1947579,2021-08-16,2,106421,10620.0,Daniil Medvedev
1947580,2021-08-16,3,126774,8350.0,Stefanos Tsitsipas
1947581,2021-08-16,4,104745,7815.0,Rafael Nadal
1947582,2021-08-16,5,100644,7263.0,Alexander Zverev
1949732,2021-08-23,1,104925,11113.0,Novak Djokovic
1949733,2021-08-23,2,106421,9980.0,Daniil Medvedev
1949734,2021-08-23,3,126774,8350.0,Stefanos Tsitsipas
1949735,2021-08-23,4,100644,8240.0,Alexander Zverev
1949736,2021-08-23,5,104745,7815.0,Rafael Nadal
1951878,2021-08-30,1,104925,11113.0,Novak Djokovic
1951879,2021-08-30,2,106421,9980.0,Daniil Medvedev
1951880,2021-08-30,3,126774,8350.0,Stefanos Tsitsipas
1951881,2021-08-30,4,100644,8240.0,Alexander Zverev
1951882,2021-08-30,5,104745,7815.0,Rafael Nadal
1954034,2021-09-13,1,104925,12133.0,Novak Djokovic
1954035,2021-09-13,2,106421,10780.0,Daniil Medvedev
1954036,2021-09-13,3,126774,8350.0,Stefanos Tsitsipas
1954037,2021-09-13,4,100644,7760.0,Alexander Zverev
1954038,2021-09-13,5,126094,6130.0,Andrey Rublev
1956178,2021-09-20,1,104925,12133.0,Novak Djokovic
1956179,2021-09-20,2,106421,10575.0,Daniil Medvedev
1956180,2021-09-20,3,126774,8350.0,Stefanos Tsitsipas
1956181,2021-09-20,4,100644,7760.0,Alexander Zverev
1956182,2021-09-20,5,126094,6130.0,Andrey Rublev
1958316,2021-09-27,1,104925,12133.0,Novak Djokovic
1958317,2021-09-27,2,106421,10575.0,Daniil Medvedev
1958318,2021-09-27,3,126774,8350.0,Stefanos Tsitsipas
1958319,2021-09-27,4,100644,7760.0,Alexander Zverev
1958320,2021-09-27,5,126094,6130.0,Andrey Rublev
1960450,2021-10-04,1,104925,11633.0,Novak Djokovic
1960451,2021-10-04,2,106421,10575.0,Daniil Medvedev
1960452,2021-10-04,3,126774,8175.0,Stefanos Tsitsipas
1960453,2021-10-04,4,100644,7603.0,Alexander Zverev
1960454,2021-10-04,5,126094,6130.0,Andrey Rublev
1962589,2021-10-18,1,104925,11430.0,Novak Djokovic
1962590,2021-10-18,2,106421,9630.0,Daniil Medvedev
1962591,2021-10-18,3,126774,7995.0,Stefanos Tsitsipas
1962592,2021-10-18,4,100644,6930.0,Alexander Zverev
1962593,2021-10-18,5,104745,5635.0,Rafael Nadal
1964731,2021-10-25,1,104925,11430.0,Novak Djokovic
1964732,2021-10-25,2,106421,9630.0,Daniil Medvedev
1964733,2021-10-25,3,126774,7930.0,Stefanos Tsitsipas
1964734,2021-10-25,4,100644,6680.0,Alexander Zverev
1964735,2021-10-25,5,104745,5635.0,Rafael Nadal
1966867,2021-11-01,1,104925,10340.0,Novak Djokovic
1966868,2021-11-01,2,106421,9540.0,Daniil Medvedev
1966869,2021-11-01,3,126774,7840.0,Stefanos Tsitsipas
1966870,2021-11-01,4,100644,7180.0,Alexander Zverev
1966871,2021-11-01,5,104745,5635.0,Rafael Nadal
1969009,2021-11-08,1,104925,10940.0,Novak Djokovic
1969010,2021-11-08,2,106421,7640.0,Daniil Medvedev
1969011,2021-11-08,3,100644,6540.0,Alexander Zverev
1969012,2021-11-08,4,126774,6540.0,Stefanos Tsitsipas
1969013,2021-11-08,5,126094,4950.0,Andrey Rublev
1971159,2021-11-15,1,104925,10940.0,Novak Djokovic
1971160,2021-11-15,2,106421,7640.0,Daniil Medvedev
1971161,2021-11-15,3,100644,6540.0,Alexander Zverev
1971162,2021-11-15,4,126774,6540.0,Stefanos Tsitsipas
1971163,2021-11-15,5,126094,4950.0,Andrey Rublev
1973319,2021-11-22,1,104925,11540.0,Novak Djokovic
1973320,2021-11-22,2,106421,8640.0,Daniil Medvedev
1973321,2021-11-22,3,100644,7840.0,Alexander Zverev
1973322,2021-11-22,4,126774,6540.0,Stefanos Tsitsipas
1973323,2021-11-22,5,126094,5150.0,Andrey Rublev
1975490,2021-11-29,1,104925,11540.0,Novak Djokovic
1975491,2021-11-29,2,106421,8640.0,Daniil Medvedev
1975492,2021-11-29,3,100644,7840.0,Alexander Zverev
1975493,2021-11-29,4,126774,6540.0,Stefanos Tsitsipas
1975494,2021-11-29,5,126094,5150.0,Andrey Rublev
1977674,2021-12-06,1,104925,11540.0,Novak Djokovic
1977675,2021-12-06,2,106421,8640.0,Daniil Medvedev
1977676,2021-12-06,3,100644,7840.0,Alexander Zverev
1977677,2021-12-06,4,126774,6540.0,Stefanos Tsitsipas
1977678,2021-12-06,5,126094,5150.0,Andrey Rublev
1979875,2021-12-13,1,104925,11540.0,Novak Djokovic
1979876,2021-12-13,2,106421,8640.0,Daniil Medvedev
1979877,2021-12-13,3,100644,7840.0,Alexander Zverev
1979878,2021-12-13,4,126774,6540.0,Stefanos Tsitsipas
1979879,2021-12-13,5,126094,5150.0,Andrey Rublev
1982075,2021-12-20,1,104925,11540.0,Novak Djokovic
1982076,2021-12-20,2,106421,8640.0,Daniil Medvedev
1982077,2021-12-20,3,100644,7840.0,Alexander Zverev
1982078,2021-12-20,4,126774,6540.0,Stefanos Tsitsipas
1982079,2021-12-20,5,126094,5150.0,Andrey Rublev
1984284,2021-12-27,1,104925,11540.0,Novak Djokovic
1984285,2021-12-27,2,106421,8640.0,Daniil Medvedev
1984286,2021-12-27,3,100644,7840.0,Alexander Zverev
1984287,2021-12-27,4,126774,6540.0,Stefanos Tsitsipas
1984288,2021-12-27,5,126094,5150.0,Andrey Rublev
1986502,2022-01-03,1,104925,11540.0,Novak Djokovic
1986503,2022-01-03,2,106421,8640.0,Daniil Medvedev
1986504,2022-01-03,3,100644,7840.0,Alexander Zverev
1986505,2022-01-03,4,126774,6540.0,Stefanos Tsitsipas
1986506,2022-01-03,5,126094,5150.0,Andrey Rublev
1988717,2022-01-10,1,104925,11015.0,Novak Djokovic
1988718,2022-01-10,2,106421,8935.0,Daniil Medvedev
1988719,2022-01-10,3,100644,7970.0,Alexander Zverev
1988720,2022-01-10,4,126774,6540.0,Stefanos Tsitsipas
1988721,2022-01-10,5,126094,4990.0,Andrey Rublev
1990939,2022-01-17,1,104925,11015.0,Novak Djokovic
1990940,2022-01-17,2,106421,8935.0,Daniil Medvedev
1990941,2022-01-17,3,100644,7970.0,Alexander Zverev
1990942,2022-01-17,4,126774,6540.0,Stefanos Tsitsipas
1990943,2022-01-17,5,104745,4875.0,Rafael Nadal
1993161,2022-01-31,1,104925,11015.0,Novak Djokovic
1993162,2022-01-31,2,106421,10125.0,Daniil Medvedev
1993163,2022-01-31,3,100644,7780.0,Alexander Zverev
1993164,2022-01-31,4,126774,7170.0,Stefanos Tsitsipas
1993165,2022-01-31,5,104745,6875.0,Rafael Nadal
1995390,2022-02-07,1,104925,10875.0,Novak Djokovic
1995391,2022-02-07,2,106421,9635.0,Daniil Medvedev
1995392,2022-02-07,3,100644,7865.0,Alexander Zverev
1995393,2022-02-07,4,126774,7145.0,Stefanos Tsitsipas
1995394,2022-02-07,5,104745,6875.0,Rafael Nadal
1997616,2022-02-14,1,104925,10875.0,Novak Djokovic
1997617,2022-02-14,2,106421,9635.0,Daniil Medvedev
1997618,2022-02-14,3,100644,7865.0,Alexander Zverev
1997619,2022-02-14,4,126774,7355.0,Stefanos Tsitsipas
1997620,2022-02-14,5,104745,6875.0,Rafael Nadal
1999845,2022-02-21,1,104925,8875.0,Novak Djokovic
1999846,2022-02-21,2,106421,8435.0,Daniil Medvedev
1999847,2022-02-21,3,100644,7515.0,Alexander Zverev
1999848,2022-02-21,4,126774,6565.0,Stefanos Tsitsipas
1999849,2022-02-21,5,104745,6515.0,Rafael Nadal
2002075,2022-02-28,1,106421,8615.0,Daniil Medvedev
2002076,2022-02-28,2,104925,8465.0,Novak Djokovic
2002077,2022-02-28,3,100644,7515.0,Alexander Zverev
2002078,2022-02-28,4,104745,6515.0,Rafael Nadal
2002079,2022-02-28,5,126774,6445.0,Stefanos Tsitsipas
2004299,2022-03-07,1,106421,8615.0,Daniil Medvedev
2004300,2022-03-07,2,104925,8465.0,Novak Djokovic
2004301,2022-03-07,3,100644,7515.0,Alexander Zverev
2004302,2022-03-07,4,104745,6515.0,Rafael Nadal
2004303,2022-03-07,5,126774,6325.0,Stefanos Tsitsipas
2006525,2022-03-21,1,104925,8465.0,Novak Djokovic
2006526,2022-03-21,2,106421,8410.0,Daniil Medvedev
2006527,2022-03-21,3,104745,7115.0,Rafael Nadal
2006528,2022-03-21,4,100644,7025.0,Alexander Zverev
2006529,2022-03-21,5,126774,6070.0,Stefanos Tsitsipas
2008728,2022-04-04,1,104925,8420.0,Novak Djokovic
2008729,2022-04-04,2,106421,8410.0,Daniil Medvedev
2008730,2022-04-04,3,100644,7195.0,Alexander Zverev
2008731,2022-04-04,4,104745,7115.0,Rafael Nadal
2008732,2022-04-04,5,126774,5980.0,Stefanos Tsitsipas
2010920,2022-04-11,1,104925,8420.0,Novak Djokovic
2010921,2022-04-11,2,106421,8410.0,Daniil Medvedev
2010922,2022-04-11,3,100644,7195.0,Alexander Zverev
2010923,2022-04-11,4,104745,7115.0,Rafael Nadal
2010924,2022-04-11,5,126774,5980.0,Stefanos Tsitsipas
2013105,2022-04-18,1,104925,8340.0,Novak Djokovic
2013106,2022-04-18,2,106421,8230.0,Daniil Medvedev
2013107,2022-04-18,3,100644,7465.0,Alexander Zverev
2013108,2022-04-18,4,104745,6935.0,Rafael Nadal
2013109,2022-04-18,5,126774,5980.0,Stefanos Tsitsipas
2015284,2022-04-25,1,104925,8400.0,Novak Djokovic
2015285,2022-04-25,2,106421,8080.0,Daniil Medvedev
2015286,2022-04-25,3,100644,7465.0,Alexander Zverev
2015287,2022-04-25,4,104745,6435.0,Rafael Nadal
2015288,2022-04-25,5,126774,5770.0,Stefanos Tsitsipas
2017458,2022-05-02,1,104925,8400.0,Novak Djokovic
2017459,2022-05-02,2,106421,8080.0,Daniil Medvedev
2017460,2022-05-02,3,100644,7420.0,Alexander Zverev
2017461,2022-05-02,4,104745,6435.0,Rafael Nadal
2017462,2022-05-02,5,126774,5690.0,Stefanos Tsitsipas
2019624,2022-05-09,1,104925,8260.0,Novak Djokovic
2019625,2022-05-09,2,106421,7990.0,Daniil Medvedev
2019626,2022-05-09,3,100644,7020.0,Alexander Zverev
2019627,2022-05-09,4,104745,6435.0,Rafael Nadal
2019628,2022-05-09,5,126774,5750.0,Stefanos Tsitsipas
2021780,2022-05-16,1,104925,8660.0,Novak Djokovic
2021781,2022-05-16,2,106421,7980.0,Daniil Medvedev
2021782,2022-05-16,3,100644,7200.0,Alexander Zverev
2021783,2022-05-16,4,126774,6170.0,Stefanos Tsitsipas
2021784,2022-05-16,5,104745,5525.0,Rafael Nadal
2023912,2022-05-23,1,104925,8660.0,Novak Djokovic
2023913,2022-05-23,2,106421,7980.0,Daniil Medvedev
2023914,2022-05-23,3,100644,7075.0,Alexander Zverev
2023915,2022-05-23,4,126774,5965.0,Stefanos Tsitsipas
2023916,2022-05-23,5,104745,5525.0,Rafael Nadal
2026058,2022-06-06,1,104925,8770.0,Novak Djokovic
2026059,2022-06-06,2,106421,8160.0,Daniil Medvedev
2026060,2022-06-06,3,100644,7795.0,Alexander Zverev
2026061,2022-06-06,4,104745,7525.0,Rafael Nadal
2026062,2022-06-06,5,126774,6100.0,Stefanos Tsitsipas
2028200,2022-06-13,1,106421,7950.0,Daniil Medvedev
2028201,2022-06-13,2,100644,7075.0,Alexander Zverev
2028202,2022-06-13,3,104925,6770.0,Novak Djokovic
2028203,2022-06-13,4,104745,6525.0,Rafael Nadal
2028204,2022-06-13,5,134770,5050.0,Casper Ruud
2030331,2022-06-20,1,106421,8160.0,Daniil Medvedev
2030332,2022-06-20,2,100644,7030.0,Alexander Zverev
2030333,2022-06-20,3,104925,6770.0,Novak Djokovic
2030334,2022-06-20,4,104745,6525.0,Rafael Nadal
2030335,2022-06-20,5,134770,5050.0,Casper Ruud
2032458,2022-06-27,1,106421,7955.0,Daniil Medvedev
2032459,2022-06-27,2,100644,7030.0,Alexander Zverev
2032460,2022-06-27,3,104925,6770.0,Novak Djokovic
2032461,2022-06-27,4,104745,6525.0,Rafael Nadal
2032462,2022-06-27,5,126774,5150.0,Stefanos Tsitsipas
2034577,2022-07-11,1,106421,7775.0,Daniil Medvedev
2034578,2022-07-11,2,100644,6850.0,Alexander Zverev
2034579,2022-07-11,3,104745,6165.0,Rafael Nadal
2034580,2022-07-11,4,126774,5150.0,Stefanos Tsitsipas
2034581,2022-07-11,5,134770,5050.0,Casper Ruud
2036645,2022-07-18,1,106421,7775.0,Daniil Medvedev
2036646,2022-07-18,2,100644,6850.0,Alexander Zverev
2036647,2022-07-18,3,104745,6165.0,Rafael Nadal
2036648,2022-07-18,4,126774,5045.0,Stefanos Tsitsipas
2036649,2022-07-18,5,134770,4890.0,Casper Ruud
2038684,2022-07-25,1,106421,7775.0,Daniil Medvedev
2038685,2022-07-25,2,100644,6850.0,Alexander Zverev
2038686,2022-07-25,3,104745,6165.0,Rafael Nadal
2038687,2022-07-25,4,126774,5045.0,Stefanos Tsitsipas
2038688,2022-07-25,5,207989,4895.0,Carlos Alcaraz
2040698,2022-08-01,1,106421,7625.0,Daniil Medvedev
2040699,2022-08-01,2,100644,6850.0,Alexander Zverev
2040700,2022-08-01,3,104745,6165.0,Rafael Nadal
2040701,2022-08-01,4,207989,5035.0,Carlos Alcaraz
2040702,2022-08-01,5,126774,5000.0,Stefanos Tsitsipas
2042682,2022-08-08,1,106421,7875.0,Daniil Medvedev
2042683,2022-08-08,2,100644,6760.0,Alexander Zverev
2042684,2022-08-08,3,104745,5620.0,Rafael Nadal
2042685,2022-08-08,4,207989,5035.0,Carlos Alcaraz
2042686,2022-08-08,5,126774,5000.0,Stefanos Tsitsipas
2044617,2022-08-15,1,106421,6885.0,Daniil Medvedev
2044618,2022-08-15,2,100644,6760.0,Alexander Zverev
2044619,2022-08-15,3,104745,5620.0,Rafael Nadal
2044620,2022-08-15,4,207989,5045.0,Carlos Alcaraz
2044621,2022-08-15,5,134770,4865.0,Casper Ruud
2046507,2022-08-22,1,106421,6885.0,Daniil Medvedev
2046508,2022-08-22,2,100644,5760.0,Alexander Zverev
2046509,2022-08-22,3,104745,5630.0,Rafael Nadal
2046510,2022-08-22,4,207989,5190.0,Carlos Alcaraz
2046511,2022-08-22,5,126774,4890.0,Stefanos Tsitsipas
2048416,2022-08-29,1,106421,6885.0,Daniil Medvedev
2048417,2022-08-29,2,100644,5760.0,Alexander Zverev
2048418,2022-08-29,3,104745,5630.0,Rafael Nadal
2048419,2022-08-29,4,207989,5100.0,Carlos Alcaraz
2048420,2022-08-29,5,126774,4890.0,Stefanos Tsitsipas
2050348,2022-09-12,1,207989,6740.0,Carlos Alcaraz
2050349,2022-09-12,2,134770,5850.0,Casper Ruud
2050350,2022-09-12,3,104745,5810.0,Rafael Nadal
2050351,2022-09-12,4,106421,5065.0,Daniil Medvedev
2050352,2022-09-12,5,100644,5040.0,Alexander Zverev
2052296,2022-09-19,1,207989,6740.0,Carlos Alcaraz
2052297,2022-09-19,2,134770,5850.0,Casper Ruud
2052298,2022-09-19,3,104745,5810.0,Rafael Nadal
2052299,2022-09-19,4,106421,5065.0,Daniil Medvedev
2052300,2022-09-19,5,100644,5040.0,Alexander Zverev
2054261,2022-09-26,1,207989,6740.0,Carlos Alcaraz
2054262,2022-09-26,2,134770,5850.0,Casper Ruud
2054263,2022-09-26,3,104745,5810.0,Rafael Nadal
2054264,2022-09-26,4,106421,5065.0,Daniil Medvedev
2054265,2022-09-26,5,100644,5040.0,Alexander Zverev
2056235,2022-10-03,1,207989,6740.0,Carlos Alcaraz
2056236,2022-10-03,2,104745,5810.0,Rafael Nadal
2056237,2022-10-03,3,134770,5645.0,Casper Ruud
2056238,2022-10-03,4,106421,5065.0,Daniil Medvedev
2056239,2022-10-03,5,100644,5040.0,Alexander Zverev
2058213,2022-10-10,1,207989,6740.0,Carlos Alcaraz
2058214,2022-10-10,2,104745,5810.0,Rafael Nadal
2058215,2022-10-10,3,134770,5645.0,Casper Ruud
2058216,2022-10-10,4,106421,5245.0,Daniil Medvedev
2058217,2022-10-10,5,126774,5065.0,Stefanos Tsitsipas
2060205,2022-10-17,1,207989,6730.0,Carlos Alcaraz
2060206,2022-10-17,2,104745,5810.0,Rafael Nadal
2060207,2022-10-17,3,134770,5600.0,Casper Ruud
2060208,2022-10-17,4,106421,5155.0,Daniil Medvedev
2060209,2022-10-17,5,126774,4930.0,Stefanos Tsitsipas
2062192,2022-10-24,1,207989,6730.0,Carlos Alcaraz
2062193,2022-10-24,2,104745,5810.0,Rafael Nadal
2062194,2022-10-24,3,134770,5600.0,Casper Ruud
2062195,2022-10-24,4,106421,5155.0,Daniil Medvedev
2062196,2022-10-24,5,126774,5035.0,Stefanos Tsitsipas
2064177,2022-10-31,1,207989,6730.0,Carlos Alcaraz
2064178,2022-10-31,2,104745,5810.0,Rafael Nadal
2064179,2022-10-31,3,106421,5655.0,Daniil Medvedev
2064180,2022-10-31,4,134770,5510.0,Casper Ruud
2064181,2022-10-31,5,126774,5035.0,Stefanos Tsitsipas
2066162,2022-11-07,1,207989,6820.0,Carlos Alcaraz
2066163,2022-11-07,2,104745,5820.0,Rafael Nadal
2066164,2022-11-07,3,126774,5350.0,Stefanos Tsitsipas
2066165,2022-11-07,4,134770,5020.0,Casper Ruud
2066166,2022-11-07,5,106421,4065.0,Daniil Medvedev
2068159,2022-11-14,1,207989,6820.0,Carlos Alcaraz
2068160,2022-11-14,2,104745,5820.0,Rafael Nadal
2068161,2022-11-14,3,126774,5350.0,Stefanos Tsitsipas
2068162,2022-11-14,4,134770,5020.0,Casper Ruud
2068163,2022-11-14,5,106421,4065.0,Daniil Medvedev
2070161,2022-11-21,1,207989,6820.0,Carlos Alcaraz
2070162,2022-11-21,2,104745,6020.0,Rafael Nadal
2070163,2022-11-21,3,134770,5820.0,Casper Ruud
2070164,2022-11-21,4,126774,5550.0,Stefanos Tsitsipas
2070165,2022-11-21,5,104925,4820.0,Novak Djokovic
2072158,2022-11-28,1,207989,6820.0,Carlos Alcaraz
2072159,2022-11-28,2,104745,6020.0,Rafael Nadal
2072160,2022-11-28,3,134770,5820.0,Casper Ruud
2072161,2022-11-28,4,126774,5550.0,Stefanos Tsitsipas
2072162,2022-11-28,5,104925,4820.0,Novak Djokovic
2074149,2022-12-05,1,207989,6820.0,Carlos Alcaraz
2074150,2022-12-05,2,104745,6020.0,Rafael Nadal
2074151,2022-12-05,3,134770,5820.0,Casper Ruud
2074152,2022-12-05,4,126774,5550.0,Stefanos Tsitsipas
2074153,2022-12-05,5,104925,4820.0,Novak Djokovic
2076143,2022-12-12,1,207989,6820.0,Carlos Alcaraz
2076144,2022-12-12,2,104745,6020.0,Rafael Nadal
2076145,2022-12-12,3,134770,5820.0,Casper Ruud
2076146,2022-12-12,4,126774,5550.0,Stefanos Tsitsipas
2076147,2022-12-12,5,104925,4820.0,Novak Djokovic
2078138,2022-12-19,1,207989,6820.0,Carlos Alcaraz
2078139,2022-12-19,2,104745,6020.0,Rafael Nadal
2078140,2022-12-19,3,134770,5820.0,Casper Ruud
2078141,2022-12-19,4,126774,5550.0,Stefanos Tsitsipas
2078142,2022-12-19,5,104925,4820.0,Novak Djokovic
2080130,2022-12-26,1,207989,6820.0,Carlos Alcaraz
2080131,2022-12-26,2,104745,6020.0,Rafael Nadal
2080132,2022-12-26,3,134770,5820.0,Casper Ruud
2080133,2022-12-26,4,126774,5550.0,Stefanos Tsitsipas
2080134,2022-12-26,5,104925,4820.0,Novak Djokovic
2082120,2023-01-02,1,207989,6820.0,Carlos Alcaraz
2082121,2023-01-02,2,104745,6020.0,Rafael Nadal
2082122,2023-01-02,3,134770,5820.0,Casper Ruud
2082123,2023-01-02,4,126774,5550.0,Stefanos Tsitsipas
2082124,2023-01-02,5,104925,4820.0,Novak Djokovic
2084113,2023-01-09,1,207989,6820.0,Carlos Alcaraz
2084114,2023-01-09,2,104745,5770.0,Rafael Nadal
2084115,2023-01-09,3,134770,5720.0,Casper Ruud
2084116,2023-01-09,4,126774,5715.0,Stefanos Tsitsipas
2084117,2023-01-09,5,104925,5070.0,Novak Djokovic
2086102,2023-01-16,1,207989,6820.0,Carlos Alcaraz
2086103,2023-01-16,2,104745,5770.0,Rafael Nadal
2086104,2023-01-16,3,134770,5720.0,Casper Ruud
2086105,2023-01-16,4,126774,5715.0,Stefanos Tsitsipas
2086106,2023-01-16,5,104925,5070.0,Novak Djokovic
2088088,2023-01-30,1,104925,7070.0,Novak Djokovic
2088089,2023-01-30,2,207989,6730.0,Carlos Alcaraz
2088090,2023-01-30,3,126774,6195.0,Stefanos Tsitsipas
2088091,2023-01-30,4,134770,5765.0,Casper Ruud
2088092,2023-01-30,5,126094,4200.0,Andrey Rublev
2090070,2023-02-06,1,104925,7070.0,Novak Djokovic
2090071,2023-02-06,2,207989,6730.0,Carlos Alcaraz
2090072,2023-02-06,3,126774,6195.0,Stefanos Tsitsipas
2090073,2023-02-06,4,134770,5765.0,Casper Ruud
2090074,2023-02-06,5,126094,4200.0,Andrey Rublev
2092064,2023-02-13,1,104925,7070.0,Novak Djokovic
2092065,2023-02-13,2,207989,6730.0,Carlos Alcaraz
2092066,2023-02-13,3,126774,5940.0,Stefanos Tsitsipas
2092067,2023-02-13,4,134770,5515.0,Casper Ruud
2092068,2023-02-13,5,126094,4065.0,Andrey Rublev
2094062,2023-02-20,1,104925,7070.0,Novak Djokovic
2094063,2023-02-20,2,207989,6480.0,Carlos Alcaraz
2094064,2023-02-20,3,126774,5940.0,Stefanos Tsitsipas
2094065,2023-02-20,4,134770,5515.0,Casper Ruud
2094066,2023-02-20,5,126094,3860.0,Andrey Rublev
2096061,2023-02-27,1,104925,6980.0,Novak Djokovic
2096062,2023-02-27,2,207989,6780.0,Carlos Alcaraz
2096063,2023-02-27,3,126774,5805.0,Stefanos Tsitsipas
2096064,2023-02-27,4,134770,5515.0,Casper Ruud
2096065,2023-02-27,5,126203,3660.0,Taylor Fritz
2098055,2023-03-06,1,104925,7160.0,Novak Djokovic
2098056,2023-03-06,2,207989,6780.0,Carlos Alcaraz
2098057,2023-03-06,3,126774,5805.0,Stefanos Tsitsipas
2098058,2023-03-06,4,134770,5560.0,Casper Ruud
2098059,2023-03-06,5,126203,3795.0,Taylor Fritz
2100050,2023-03-20,1,207989,7420.0,Carlos Alcaraz
2100051,2023-03-20,2,104925,7160.0,Novak Djokovic
2100052,2023-03-20,3,126774,5770.0,Stefanos Tsitsipas
2100053,2023-03-20,4,134770,5560.0,Casper Ruud
2100054,2023-03-20,5,106421,4330.0,Daniil Medvedev
2102042,2023-04-03,1,104925,7160.0,Novak Djokovic
2102043,2023-04-03,2,207989,6780.0,Carlos Alcaraz
2102044,2023-04-03,3,126774,5770.0,Stefanos Tsitsipas
2102045,2023-04-03,4,106421,5150.0,Daniil Medvedev
2102046,2023-04-03,5,134770,5005.0,Casper Ruud
2104042,2023-04-10,1,104925,7160.0,Novak Djokovic
2104043,2023-04-10,2,207989,6780.0,Carlos Alcaraz
2104044,2023-04-10,3,126774,5770.0,Stefanos Tsitsipas
2104045,2023-04-10,4,134770,5255.0,Casper Ruud
2104046,2023-04-10,5,106421,5150.0,Daniil Medvedev
2106038,2023-04-17,1,104925,7240.0,Novak Djokovic
2106039,2023-04-17,2,207989,6770.0,Carlos Alcaraz
2106040,2023-04-17,3,134770,5255.0,Casper Ruud
2106041,2023-04-17,4,106421,5240.0,Daniil Medvedev
2106042,2023-04-17,5,126774,4950.0,Stefanos Tsitsipas
2108038,2023-04-24,1,104925,7135.0,Novak Djokovic
2108039,2023-04-24,2,207989,6770.0,Carlos Alcaraz
2108040,2023-04-24,3,106421,5240.0,Daniil Medvedev
2108041,2023-04-24,4,134770,5210.0,Casper Ruud
2108042,2023-04-24,5,126774,5195.0,Stefanos Tsitsipas
2110042,2023-05-08,1,104925,6775.0,Novak Djokovic
2110043,2023-05-08,2,207989,6770.0,Carlos Alcaraz
2110044,2023-05-08,3,106421,5330.0,Daniil Medvedev
2110045,2023-05-08,4,134770,5165.0,Casper Ruud
2110046,2023-05-08,5,126774,5015.0,Stefanos Tsitsipas
2112061,2023-05-22,1,207989,6815.0,Carlos Alcaraz
2112062,2023-05-22,2,106421,6330.0,Daniil Medvedev
2112063,2023-05-22,3,104925,5955.0,Novak Djokovic
2112064,2023-05-22,4,134770,4915.0,Casper Ruud
2112065,2023-05-22,5,126774,4775.0,Stefanos Tsitsipas
2114071,2023-05-29,1,207989,6815.0,Carlos Alcaraz
2114072,2023-05-29,2,106421,6330.0,Daniil Medvedev
2114073,2023-05-29,3,104925,5955.0,Novak Djokovic
2114074,2023-05-29,4,134770,4960.0,Casper Ruud
2114075,2023-05-29,5,126774,4775.0,Stefanos Tsitsipas
2116102,2023-06-12,1,104925,7595.0,Novak Djokovic
2116103,2023-06-12,2,207989,7175.0,Carlos Alcaraz
2116104,2023-06-12,3,106421,6100.0,Daniil Medvedev
2116105,2023-06-12,4,134770,4960.0,Casper Ruud
2116106,2023-06-12,5,126774,4920.0,Stefanos Tsitsipas
2118098,2023-06-19,1,104925,7595.0,Novak Djokovic
2118099,2023-06-19,2,207989,7175.0,Carlos Alcaraz
2118100,2023-06-19,3,106421,5845.0,Daniil Medvedev
2118101,2023-06-19,4,134770,4960.0,Casper Ruud
2118102,2023-06-19,5,126774,4875.0,Stefanos Tsitsipas
2120105,2023-06-26,1,207989,7675.0,Carlos Alcaraz
2120106,2023-06-26,2,104925,7595.0,Novak Djokovic
2120107,2023-06-26,3,106421,5890.0,Daniil Medvedev
2120108,2023-06-26,4,134770,4960.0,Casper Ruud
2120109,2023-06-26,5,126774,4670.0,Stefanos Tsitsipas
2122122,2023-07-03,1,207989,7675.0,Carlos Alcaraz
2122123,2023-07-03,2,104925,7595.0,Novak Djokovic
2122124,2023-07-03,3,106421,5890.0,Daniil Medvedev
2122125,2023-07-03,4,134770,4960.0,Casper Ruud
2122126,2023-07-03,5,126774,4670.0,Stefanos Tsitsipas
2124158,2023-07-17,1,207989,9675.0,Carlos Alcaraz
2124159,2023-07-17,2,104925,8795.0,Novak Djokovic
2124160,2023-07-17,3,106421,6520.0,Daniil Medvedev
2124161,2023-07-17,4,134770,5005.0,Casper Ruud
2124162,2023-07-17,5,126774,4850.0,Stefanos Tsitsipas
2126208,2023-07-24,1,207989,9375.0,Carlos Alcaraz
2126209,2023-07-24,2,104925,8795.0,Novak Djokovic
2126210,2023-07-24,3,106421,6520.0,Daniil Medvedev
2126211,2023-07-24,4,134770,4905.0,Casper Ruud
2126212,2023-07-24,5,126774,4850.0,Stefanos Tsitsipas
2128262,2023-07-31,1,207989,9225.0,Carlos Alcaraz
2128263,2023-07-31,2,104925,8795.0,Novak Djokovic
2128264,2023-07-31,3,106421,6520.0,Daniil Medvedev
2128265,2023-07-31,4,134770,4985.0,Casper Ruud
2128266,2023-07-31,5,126774,4850.0,Stefanos Tsitsipas
2130313,2023-08-07,1,207989,9225.0,Carlos Alcaraz
2130314,2023-08-07,2,104925,8795.0,Novak Djokovic
2130315,2023-08-07,3,106421,6360.0,Daniil Medvedev
2130316,2023-08-07,4,126774,5090.0,Stefanos Tsitsipas
2130317,2023-08-07,5,134770,4985.0,Casper Ruud
2132370,2023-08-14,1,207989,9395.0,Carlos Alcaraz
2132371,2023-08-14,2,104925,8795.0,Novak Djokovic
2132372,2023-08-14,3,106421,6530.0,Daniil Medvedev
2132373,2023-08-14,4,126774,5090.0,Stefanos Tsitsipas
2132374,2023-08-14,5,208029,4790.0,Holger Rune
2134423,2023-08-21,1,207989,9815.0,Carlos Alcaraz
2134424,2023-08-21,2,104925,9795.0,Novak Djokovic
2134425,2023-08-21,3,106421,6260.0,Daniil Medvedev
2134426,2023-08-21,4,208029,4790.0,Holger Rune
2134427,2023-08-21,5,134770,4715.0,Casper Ruud
2136489,2023-08-28,1,207989,9815.0,Carlos Alcaraz
2136490,2023-08-28,2,104925,9795.0,Novak Djokovic
2136491,2023-08-28,3,106421,6260.0,Daniil Medvedev
2136492,2023-08-28,4,208029,4790.0,Holger Rune
2136493,2023-08-28,5,134770,4715.0,Casper Ruud
2138558,2023-09-11,1,104925,11795.0,Novak Djokovic
2138559,2023-09-11,2,207989,8535.0,Carlos Alcaraz
2138560,2023-09-11,3,106421,7280.0,Daniil Medvedev
2138561,2023-09-11,4,208029,4710.0,Holger Rune
2138562,2023-09-11,5,126774,4615.0,Stefanos Tsitsipas
2140631,2023-09-18,1,104925,11795.0,Novak Djokovic
2140632,2023-09-18,2,207989,8535.0,Carlos Alcaraz
2140633,2023-09-18,3,106421,7280.0,Daniil Medvedev
2140634,2023-09-18,4,208029,4710.0,Holger Rune
2140635,2023-09-18,5,126774,4615.0,Stefanos Tsitsipas
2142712,2023-09-25,1,104925,11795.0,Novak Djokovic
2142713,2023-09-25,2,207989,8535.0,Carlos Alcaraz
2142714,2023-09-25,3,106421,7280.0,Daniil Medvedev
2142715,2023-09-25,4,208029,4710.0,Holger Rune
2142716,2023-09-25,5,126774,4615.0,Stefanos Tsitsipas
2144800,2023-10-02,1,104925,11545.0,Novak Djokovic
2144801,2023-10-02,2,207989,8715.0,Carlos Alcaraz
2144802,2023-10-02,3,106421,7490.0,Daniil Medvedev
2144803,2023-10-02,4,206173,4910.0,Jannik Sinner
2144804,2023-10-02,5,208029,4640.0,Holger Rune
2146884,2023-10-16,1,104925,11045.0,Novak Djokovic
2146885,2023-10-16,2,207989,8805.0,Carlos Alcaraz
2146886,2023-10-16,3,106421,7355.0,Daniil Medvedev
2146887,2023-10-16,4,206173,5000.0,Jannik Sinner
2146888,2023-10-16,5,126094,4765.0,Andrey Rublev
2148950,2023-10-23,1,104925,11045.0,Novak Djokovic
2148951,2023-10-23,2,207989,8805.0,Carlos Alcaraz
2148952,2023-10-23,3,106421,7355.0,Daniil Medvedev
2148953,2023-10-23,4,206173,5000.0,Jannik Sinner
2148954,2023-10-23,5,126094,4765.0,Andrey Rublev
2151021,2023-10-30,1,104925,11045.0,Novak Djokovic
2151022,2023-10-30,2,207989,8625.0,Carlos Alcaraz
2151023,2023-10-30,3,106421,7200.0,Daniil Medvedev
2151024,2023-10-30,4,206173,5410.0,Jannik Sinner
2151025,2023-10-30,5,126094,4935.0,Andrey Rublev
2153089,2023-11-06,1,104925,11445.0,Novak Djokovic
2153090,2023-11-06,2,207989,8455.0,Carlos Alcaraz
2153091,2023-11-06,3,106421,7200.0,Daniil Medvedev
2153092,2023-11-06,4,206173,5490.0,Jannik Sinner
2153093,2023-11-06,5,126094,5205.0,Andrey Rublev
2155146,2023-11-13,1,104925,9945.0,Novak Djokovic
2155147,2023-11-13,2,207989,8455.0,Carlos Alcaraz
2155148,2023-11-13,3,106421,7200.0,Daniil Medvedev
2155149,2023-11-13,4,206173,5490.0,Jannik Sinner
2155150,2023-11-13,5,126094,4805.0,Andrey Rublev
2157191,2023-11-20,1,104925,11245.0,Novak Djokovic
2157192,2023-11-20,2,207989,8855.0,Carlos Alcaraz
2157193,2023-11-20,3,106421,7600.0,Daniil Medvedev
2157194,2023-11-20,4,206173,6490.0,Jannik Sinner
2157195,2023-11-20,5,126094,4805.0,Andrey Rublev
2159238,2023-11-27,1,104925,11245.0,Novak Djokovic
2159239,2023-11-27,2,207989,8855.0,Carlos Alcaraz
2159240,2023-11-27,3,106421,7600.0,Daniil Medvedev
2159241,2023-11-27,4,206173,6490.0,Jannik Sinner
2159242,2023-11-27,5,126094,4805.0,Andrey Rublev
2161280,2023-12-04,1,104925,11245.0,Novak Djokovic
2161281,2023-12-04,2,207989,8855.0,Carlos Alcaraz
2161282,2023-12-04,3,106421,7600.0,Daniil Medvedev
2161283,2023-12-04,4,206173,6490.0,Jannik Sinner
2161284,2023-12-04,5,126094,4805.0,Andrey Rublev
2163322,2023-12-11,1,104925,11245.0,Novak Djokovic
2163323,2023-12-11,2,207989,8855.0,Carlos Alcaraz
2163324,2023-12-11,3,106421,7600.0,Daniil Medvedev
2163325,2023-12-11,4,206173,6490.0,Jannik Sinner
2163326,2023-12-11,5,126094,4805.0,Andrey Rublev
2165367,2023-12-18,1,104925,11245.0,Novak Djokovic
2165368,2023-12-18,2,207989,8855.0,Carlos Alcaraz
2165369,2023-12-18,3,106421,7600.0,Daniil Medvedev
2165370,2023-12-18,4,206173,6490.0,Jannik Sinner
2165371,2023-12-18,5,126094,4805.0,Andrey Rublev
2167414,2023-12-25,1,104925,11245.0,Novak Djokovic
2167415,2023-12-25,2,207989,8855.0,Carlos Alcaraz
2167416,2023-12-25,3,106421,7600.0,Daniil Medvedev
2167417,2023-12-25,4,206173,6490.0,Jannik Sinner
2167418,2023-12-25,5,126094,4805.0,Andrey Rublev
2169474,1973-08-27,5,100029,,Rod Laver
2169504,1973-08-27,4,100074,,Arthur Ashe
2169531,1973-08-27,1,100119,,Ilie Nastase
2169536,1973-08-27,3,100126,,Stan Smith
2169568,1973-08-27,2,100174,,Manuel Orantes
2169706,1973-09-17,2,100087,,John Newcombe
2169719,1973-09-17,5,100113,,Jan Kodes
2169725,1973-09-17,1,100119,,Ilie Nastase
2169730,1973-09-17,4,100126,,Stan Smith
2169764,1973-09-17,3,100174,,Manuel Orantes
2169907,1973-10-01,2,100087,,John Newcombe
2169926,1973-10-01,1,100119,,Ilie Nastase
2169932,1973-10-01,4,100126,,Stan Smith
2169967,1973-10-01,3,100174,,Manuel Orantes
2170017,1973-10-01,5,100284,,Jimmy Connors
2170121,1973-10-15,2,100087,,John Newcombe
2170141,1973-10-15,1,100119,,Ilie Nastase
2170147,1973-10-15,5,100126,,Stan Smith
2170182,1973-10-15,4,100174,,Manuel Orantes
2170233,1973-10-15,3,100284,,Jimmy Connors
2170337,1973-11-05,5,100084,,Tom Okker
2170339,1973-11-05,2,100087,,John Newcombe
2170362,1973-11-05,1,100119,,Ilie Nastase
2170403,1973-11-05,3,100174,,Manuel Orantes
2170455,1973-11-05,4,100284,,Jimmy Connors
2170565,1973-11-26,4,100084,,Tom Okker
2170567,1973-11-26,2,100087,,John Newcombe
2170591,1973-11-26,1,100119,,Ilie Nastase
2170597,1973-11-26,5,100126,,Stan Smith
2170685,1973-11-26,3,100284,,Jimmy Connors
2170801,1973-12-17,4,100084,,Tom Okker
2170803,1973-12-17,2,100087,,John Newcombe
2170828,1973-12-17,1,100119,,Ilie Nastase
2170834,1973-12-17,5,100126,,Stan Smith
2170922,1973-12-17,3,100284,,Jimmy Connors
2170992,1974-03-04,5,100016,,Ken Rosewall
2171037,1974-03-04,3,100084,,Tom Okker
2171039,1974-03-04,2,100087,,John Newcombe
2171064,1974-03-04,1,100119,,Ilie Nastase
2171157,1974-03-04,4,100284,,Jimmy Connors
2171269,1974-04-22,5,100074,,Arthur Ashe
2171276,1974-04-22,3,100084,,Tom Okker
2171278,1974-04-22,2,100087,,John Newcombe
2171303,1974-04-22,1,100119,,Ilie Nastase
2171394,1974-04-22,4,100284,,Jimmy Connors
2171505,1974-05-06,5,100074,,Arthur Ashe
2171512,1974-05-06,3,100084,,Tom Okker
2171514,1974-05-06,2,100087,,John Newcombe
2171539,1974-05-06,1,100119,,Ilie Nastase
2171633,1974-05-06,4,100284,,Jimmy Connors
2171714,1974-06-03,5,100029,,Rod Laver
2171758,1974-06-03,4,100084,,Tom Okker
2171761,1974-06-03,1,100087,,John Newcombe
2171789,1974-06-03,3,100119,,Ilie Nastase
2171896,1974-06-03,2,100284,,Jimmy Connors
2172008,1974-07-29,4,100029,,Rod Laver
2172051,1974-07-29,3,100084,,Tom Okker
2172054,1974-07-29,2,100087,,John Newcombe
2172088,1974-07-29,5,100126,,Stan Smith
2172193,1974-07-29,1,100284,,Jimmy Connors
2172306,1974-08-12,3,100029,,Rod Laver
2172349,1974-08-12,5,100084,,Tom Okker
2172352,1974-08-12,2,100087,,John Newcombe
2172386,1974-08-12,4,100126,,Stan Smith
2172497,1974-08-12,1,100284,,Jimmy Connors
2172615,1974-09-09,3,100029,,Rod Laver
2172659,1974-09-09,4,100084,,Tom Okker
2172662,1974-09-09,2,100087,,John Newcombe
2172696,1974-09-09,5,100126,,Stan Smith
2172808,1974-09-09,1,100284,,Jimmy Connors
2172929,1974-09-30,3,100029,,Rod Laver
2172972,1974-09-30,5,100084,,Tom Okker
2172975,1974-09-30,2,100087,,John Newcombe
2173123,1974-09-30,1,100284,,Jimmy Connors
2173160,1974-09-30,4,100437,,Bjorn Borg
2173245,1974-11-11,3,100029,,Rod Laver
2173290,1974-11-11,5,100084,,Tom Okker
2173293,1974-11-11,2,100087,,John Newcombe
2173447,1974-11-11,1,100284,,Jimmy Connors
2173488,1974-11-11,4,100437,,Bjorn Borg
2173587,1974-12-23,4,100029,,Rod Laver
2173637,1974-12-23,2,100087,,John Newcombe
2173791,1974-12-23,5,100282,,Guillermo Vilas
2173792,1974-12-23,1,100284,,Jimmy Connors
2173836,1974-12-23,3,100437,,Bjorn Borg
2173962,1975-01-20,4,100029,,Rod Laver
2174012,1975-01-20,2,100087,,John Newcombe
2174168,1975-01-20,5,100282,,Guillermo Vilas
2174169,1975-01-20,1,100284,,Jimmy Connors
2174216,1975-01-20,3,100437,,Bjorn Borg
2174341,1975-03-10,4,100029,,Rod Laver
2174391,1975-03-10,2,100087,,John Newcombe
2174547,1975-03-10,5,100282,,Guillermo Vilas
2174548,1975-03-10,1,100284,,Jimmy Connors
2174606,1975-03-10,3,100437,,Bjorn Borg
2174743,1975-04-14,3,100029,,Rod Laver
2174792,1975-04-14,4,100087,,John Newcombe
2174952,1975-04-14,5,100282,,Guillermo Vilas
2174953,1975-04-14,1,100284,,Jimmy Connors
2175015,1975-04-14,2,100437,,Bjorn Borg
2175152,1975-05-05,2,100016,,Ken Rosewall
2175211,1975-05-05,4,100087,,John Newcombe
2175372,1975-05-05,2,100282,,Guillermo Vilas
2175373,1975-05-05,1,100284,,Jimmy Connors
2175440,1975-05-05,5,100437,,Bjorn Borg
2175581,1975-06-02,2,100016,,Ken Rosewall
2175640,1975-06-02,5,100087,,John Newcombe
2175801,1975-06-02,3,100282,,Guillermo Vilas
2175802,1975-06-02,1,100284,,Jimmy Connors
2175869,1975-06-02,4,100437,,Bjorn Borg
2176005,1975-06-30,2,100016,,Ken Rosewall
2176026,1975-06-30,4,100087,,John Newcombe
2176082,1975-06-30,3,100282,,Guillermo Vilas
2176083,1975-06-30,1,100284,,Jimmy Connors
2176097,1975-06-30,5,100437,,Bjorn Borg
2176145,1975-12-15,4,100074,,Arthur Ashe
2176231,1975-12-15,5,100174,,Manuel Orantes
2176312,1975-12-15,2,100282,,Guillermo Vilas
2176313,1975-12-15,1,100284,,Jimmy Connors
2176386,1975-12-15,3,100437,,Bjorn Borg
2176544,1976-06-14,2,100074,,Arthur Ashe
2176618,1976-06-14,5,100174,,Manuel Orantes
2176691,1976-06-14,3,100282,,Guillermo Vilas
2176692,1976-06-14,1,100284,,Jimmy Connors
2176765,1976-06-14,4,100437,,Bjorn Borg
2176939,1976-12-13,3,100119,,Ilie Nastase
2176976,1976-12-13,4,100174,,Manuel Orantes
2177058,1976-12-13,1,100284,,Jimmy Connors
2177076,1976-12-13,5,100309,,Raul Ramirez
2177142,1976-12-13,2,100437,,Bjorn Borg
2177430,1977-07-04,3,100261,,Brian Gottfried
2177447,1977-07-04,4,100282,,Guillermo Vilas
2177448,1977-07-04,1,100284,,Jimmy Connors
2177466,1977-07-04,5,100309,,Raul Ramirez
2177532,1977-07-04,2,100437,,Bjorn Borg
2177831,1978-01-02,5,100261,,Brian Gottfried
2177849,1978-01-02,2,100282,,Guillermo Vilas
2177850,1978-01-02,1,100284,,Jimmy Connors
2177892,1978-01-02,4,100342,,Vitas Gerulaitis
2177953,1978-01-02,3,100437,,Bjorn Borg
2178298,1978-01-16,5,100261,,Brian Gottfried
2178316,1978-01-16,2,100282,,Guillermo Vilas
2178317,1978-01-16,1,100284,,Jimmy Connors
2178359,1978-01-16,4,100342,,Vitas Gerulaitis
2178422,1978-01-16,3,100437,,Bjorn Borg
2178745,1978-07-17,5,100261,,Brian Gottfried
2178762,1978-07-17,2,100282,,Guillermo Vilas
2178764,1978-07-17,1,100284,,Jimmy Connors
2178809,1978-07-17,4,100342,,Vitas Gerulaitis
2178875,1978-07-17,3,100437,,Bjorn Borg
2179265,1978-12-31,3,100282,,Guillermo Vilas
2179267,1978-12-31,1,100284,,Jimmy Connors
2179315,1978-12-31,5,100342,,Vitas Gerulaitis
2179395,1978-12-31,2,100437,,Bjorn Borg
2179472,1978-12-31,4,100581,,John McEnroe
2179827,1979-12-26,5,100255,,Roscoe Tanner
2179850,1979-12-26,2,100284,,Jimmy Connors
2179897,1979-12-26,4,100342,,Vitas Gerulaitis
2179977,1979-12-26,1,100437,,Bjorn Borg
2180089,1979-12-26,3,100581,,John McEnroe
2180503,1979-01-22,1,100284,,Jimmy Connors
2180504,1979-01-22,2,100437,,Bjorn Borg
2180505,1979-01-22,3,100282,,Guillermo Vilas
2180506,1979-01-22,4,100581,,John McEnroe
2180507,1979-01-22,5,100232,,Eddie Dibbs
2180603,1979-02-05,1,100284,,Jimmy Connors
2180604,1979-02-05,2,100437,,Bjorn Borg
2180605,1979-02-05,3,100282,,Guillermo Vilas
2180606,1979-02-05,4,100581,,John McEnroe
2180607,1979-02-05,5,100342,,Vitas Gerulaitis
2180704,1979-02-19,1,100284,,Jimmy Connors
2180705,1979-02-19,2,100437,,Bjorn Borg
2180706,1979-02-19,3,100282,,Guillermo Vilas
2180707,1979-02-19,4,100342,,Vitas Gerulaitis
2180708,1979-02-19,5,100581,,John McEnroe
2180804,1979-02-26,1,100284,,Jimmy Connors
2180805,1979-02-26,2,100437,,Bjorn Borg
2180806,1979-02-26,3,100282,,Guillermo Vilas
2180807,1979-02-26,4,100342,,Vitas Gerulaitis
2180808,1979-02-26,5,100581,,John McEnroe
2180904,1979-03-05,1,100284,,Jimmy Connors
2180905,1979-03-05,2,100437,,Bjorn Borg
2180906,1979-03-05,3,100282,,Guillermo Vilas
2180907,1979-03-05,4,100342,,Vitas Gerulaitis
2180908,1979-03-05,5,100581,,John McEnroe
2181004,1979-04-02,1,100284,,Jimmy Connors
2181005,1979-04-02,2,100437,,Bjorn Borg
2181006,1979-04-02,3,100581,,John McEnroe
2181007,1979-04-02,4,100282,,Guillermo Vilas
2181008,1979-04-02,5,100342,,Vitas Gerulaitis
2181105,1979-04-09,1,100437,,Bjorn Borg
2181106,1979-04-09,2,100284,,Jimmy Connors
2181107,1979-04-09,3,100581,,John McEnroe
2181108,1979-04-09,4,100282,,Guillermo Vilas
2181109,1979-04-09,5,100342,,Vitas Gerulaitis
2181205,1979-04-16,1,100437,,Bjorn Borg
2181206,1979-04-16,2,100284,,Jimmy Connors
2181207,1979-04-16,3,100581,,John McEnroe
2181208,1979-04-16,4,100282,,Guillermo Vilas
2181209,1979-04-16,5,100342,,Vitas Gerulaitis
2181283,1979-04-23,1,100437,,Bjorn Borg
2181284,1979-04-23,2,100284,,Jimmy Connors
2181285,1979-04-23,3,100581,,John McEnroe
2181286,1979-04-23,4,100282,,Guillermo Vilas
2181287,1979-04-23,5,100342,,Vitas Gerulaitis
2181383,1979-04-30,1,100437,,Bjorn Borg
2181384,1979-04-30,2,100284,,Jimmy Connors
2181385,1979-04-30,3,100581,,John McEnroe
2181386,1979-04-30,4,100282,,Guillermo Vilas
2181387,1979-04-30,5,100342,,Vitas Gerulaitis
2181483,1979-05-21,1,100284,,Jimmy Connors
2181484,1979-05-21,2,100437,,Bjorn Borg
2181485,1979-05-21,3,100581,,John McEnroe
2181486,1979-05-21,4,100282,,Guillermo Vilas
2181487,1979-05-21,5,100342,,Vitas Gerulaitis
2181583,1979-05-28,1,100284,,Jimmy Connors
2181584,1979-05-28,2,100437,,Bjorn Borg
2181585,1979-05-28,3,100581,,John McEnroe
2181586,1979-05-28,4,100342,,Vitas Gerulaitis
2181587,1979-05-28,5,100282,,Guillermo Vilas
2181683,1979-06-11,1,100284,,Jimmy Connors
2181684,1979-06-11,2,100437,,Bjorn Borg
2181685,1979-06-11,3,100342,,Vitas Gerulaitis
2181686,1979-06-11,4,100581,,John McEnroe
2181687,1979-06-11,5,100282,,Guillermo Vilas
2181783,1979-06-18,1,100284,,Jimmy Connors
2181784,1979-06-18,2,100437,,Bjorn Borg
2181785,1979-06-18,3,100581,,John McEnroe
2181786,1979-06-18,4,100342,,Vitas Gerulaitis
2181787,1979-06-18,5,100282,,Guillermo Vilas
2181884,1979-06-25,1,100284,,Jimmy Connors
2181885,1979-06-25,2,100437,,Bjorn Borg
2181886,1979-06-25,3,100581,,John McEnroe
2181887,1979-06-25,4,100342,,Vitas Gerulaitis
2181888,1979-06-25,5,100282,,Guillermo Vilas
2181984,1979-07-09,1,100437,,Bjorn Borg
2181985,1979-07-09,2,100284,,Jimmy Connors
2181986,1979-07-09,3,100581,,John McEnroe
2181987,1979-07-09,4,100342,,Vitas Gerulaitis
2181988,1979-07-09,5,100255,,Roscoe Tanner
2182084,1979-07-16,1,100437,,Bjorn Borg
2182085,1979-07-16,2,100284,,Jimmy Connors
2182086,1979-07-16,3,100581,,John McEnroe
2182087,1979-07-16,4,100342,,Vitas Gerulaitis
2182088,1979-07-16,5,100255,,Roscoe Tanner
2182184,1979-07-23,1,100437,,Bjorn Borg
2182185,1979-07-23,2,100284,,Jimmy Connors
2182186,1979-07-23,3,100581,,John McEnroe
2182187,1979-07-23,4,100342,,Vitas Gerulaitis
2182188,1979-07-23,5,100255,,Roscoe Tanner
2182285,1979-07-30,1,100437,,Bjorn Borg
2182286,1979-07-30,2,100284,,Jimmy Connors
2182287,1979-07-30,3,100581,,John McEnroe
2182288,1979-07-30,4,100255,,Roscoe Tanner
2182289,1979-07-30,5,100342,,Vitas Gerulaitis
2182385,1979-08-06,1,100437,,Bjorn Borg
2182386,1979-08-06,2,100284,,Jimmy Connors
2182387,1979-08-06,3,100581,,John McEnroe
2182388,1979-08-06,4,100255,,Roscoe Tanner
2182389,1979-08-06,5,100342,,Vitas Gerulaitis
2182485,1979-08-13,1,100437,,Bjorn Borg
2182486,1979-08-13,2,100284,,Jimmy Connors
2182487,1979-08-13,3,100581,,John McEnroe
2182488,1979-08-13,4,100282,,Guillermo Vilas
2182489,1979-08-13,5,100255,,Roscoe Tanner
2182586,1979-08-20,1,100437,,Bjorn Borg
2182587,1979-08-20,2,100284,,Jimmy Connors
2182588,1979-08-20,3,100581,,John McEnroe
2182589,1979-08-20,4,100342,,Vitas Gerulaitis
2182590,1979-08-20,5,100255,,Roscoe Tanner
2182686,1979-08-27,1,100437,,Bjorn Borg
2182687,1979-08-27,2,100284,,Jimmy Connors
2182688,1979-08-27,3,100581,,John McEnroe
2182689,1979-08-27,4,100255,,Roscoe Tanner
2182690,1979-08-27,5,100342,,Vitas Gerulaitis
2182786,1979-09-10,1,100437,,Bjorn Borg
2182787,1979-09-10,2,100284,,Jimmy Connors
2182788,1979-09-10,3,100581,,John McEnroe
2182789,1979-09-10,4,100255,,Roscoe Tanner
2182790,1979-09-10,5,100342,,Vitas Gerulaitis
2182886,1979-09-17,1,100437,,Bjorn Borg
2182887,1979-09-17,2,100284,,Jimmy Connors
2182888,1979-09-17,3,100581,,John McEnroe
2182889,1979-09-17,4,100255,,Roscoe Tanner
2182890,1979-09-17,5,100342,,Vitas Gerulaitis
2182986,1979-09-24,1,100437,,Bjorn Borg
2182987,1979-09-24,2,100284,,Jimmy Connors
2182988,1979-09-24,3,100581,,John McEnroe
2182989,1979-09-24,4,100255,,Roscoe Tanner
2182990,1979-09-24,5,100342,,Vitas Gerulaitis
2183086,1979-10-01,1,100437,,Bjorn Borg
2183087,1979-10-01,2,100284,,Jimmy Connors
2183088,1979-10-01,3,100581,,John McEnroe
2183089,1979-10-01,4,100342,,Vitas Gerulaitis
2183090,1979-10-01,5,100255,,Roscoe Tanner
2183186,1979-10-08,1,100437,,Bjorn Borg
2183187,1979-10-08,2,100284,,Jimmy Connors
2183188,1979-10-08,3,100581,,John McEnroe
2183189,1979-10-08,4,100255,,Roscoe Tanner
2183190,1979-10-08,5,100342,,Vitas Gerulaitis
2183286,1979-10-15,1,100437,,Bjorn Borg
2183287,1979-10-15,2,100284,,Jimmy Connors
2183288,1979-10-15,3,100581,,John McEnroe
2183289,1979-10-15,4,100255,,Roscoe Tanner
2183290,1979-10-15,5,100342,,Vitas Gerulaitis
2183386,1979-10-22,1,100437,,Bjorn Borg
2183387,1979-10-22,2,100284,,Jimmy Connors
2183388,1979-10-22,3,100581,,John McEnroe
2183389,1979-10-22,4,100255,,Roscoe Tanner
2183390,1979-10-22,5,100342,,Vitas Gerulaitis
2183486,1979-10-29,1,100437,,Bjorn Borg
2183487,1979-10-29,2,100581,,John McEnroe
2183488,1979-10-29,3,100284,,Jimmy Connors
2183489,1979-10-29,4,100255,,Roscoe Tanner
2183490,1979-10-29,5,100342,,Vitas Gerulaitis
2183586,1979-11-05,1,100437,,Bjorn Borg
2183587,1979-11-05,2,100284,,Jimmy Connors
2183588,1979-11-05,3,100581,,John McEnroe
2183589,1979-11-05,4,100342,,Vitas Gerulaitis
2183590,1979-11-05,5,100255,,Roscoe Tanner
2183687,1979-11-12,1,100437,,Bjorn Borg
2183688,1979-11-12,2,100284,,Jimmy Connors
2183689,1979-11-12,3,100581,,John McEnroe
2183690,1979-11-12,4,100342,,Vitas Gerulaitis
2183691,1979-11-12,5,100255,,Roscoe Tanner
2183787,1979-11-19,1,100437,,Bjorn Borg
2183788,1979-11-19,2,100284,,Jimmy Connors
2183789,1979-11-19,3,100581,,John McEnroe
2183790,1979-11-19,4,100342,,Vitas Gerulaitis
2183791,1979-11-19,5,100255,,Roscoe Tanner
2183887,1979-11-26,1,100437,,Bjorn Borg
2183888,1979-11-26,2,100284,,Jimmy Connors
2183889,1979-11-26,3,100581,,John McEnroe
2183890,1979-11-26,4,100342,,Vitas Gerulaitis
2183891,1979-11-26,5,100255,,Roscoe Tanner
2183987,1979-12-03,1,100437,,Bjorn Borg
2183988,1979-12-03,2,100284,,Jimmy Connors
2183989,1979-12-03,3,100581,,John McEnroe
2183990,1979-12-03,4,100342,,Vitas Gerulaitis
2183991,1979-12-03,5,100255,,Roscoe Tanner
2184087,1979-12-10,1,100437,,Bjorn Borg
2184088,1979-12-10,2,100284,,Jimmy Connors
2184089,1979-12-10,3,100581,,John McEnroe
2184090,1979-12-10,4,100342,,Vitas Gerulaitis
2184091,1979-12-10,5,100255,,Roscoe Tanner
2184187,1979-12-19,1,100437,,Bjorn Borg
2184188,1979-12-19,2,100284,,Jimmy Connors
2184189,1979-12-19,3,100581,,John McEnroe
2184190,1979-12-19,4,100342,,Vitas Gerulaitis
2184191,1979-12-19,5,100255,,Roscoe Tanner
2184287,1978-01-23,1,100284,,Jimmy Connors
2184288,1978-01-23,2,100282,,Guillermo Vilas
2184289,1978-01-23,3,100437,,Bjorn Borg
2184290,1978-01-23,4,100342,,Vitas Gerulaitis
2184291,1978-01-23,5,100261,,Brian Gottfried
2184387,1978-02-06,1,100284,,Jimmy Connors
2184388,1978-02-06,2,100437,,Bjorn Borg
2184389,1978-02-06,3,100282,,Guillermo Vilas
2184390,1978-02-06,4,100342,,Vitas Gerulaitis
2184391,1978-02-06,5,100261,,Brian Gottfried
2184487,1978-02-13,1,100284,,Jimmy Connors
2184488,1978-02-13,2,100437,,Bjorn Borg
2184489,1978-02-13,2,100282,,Guillermo Vilas
2184490,1978-02-13,4,100342,,Vitas Gerulaitis
2184491,1978-02-13,5,100261,,Brian Gottfried
2184587,1978-02-20,1,100284,,Jimmy Connors
2184588,1978-02-20,2,100437,,Bjorn Borg
2184589,1978-02-20,2,100282,,Guillermo Vilas
2184590,1978-02-20,4,100342,,Vitas Gerulaitis
2184591,1978-02-20,5,100261,,Brian Gottfried
2184687,1978-02-27,1,100284,,Jimmy Connors
2184688,1978-02-27,2,100437,,Bjorn Borg
2184689,1978-02-27,3,100342,,Vitas Gerulaitis
2184690,1978-02-27,4,100282,,Guillermo Vilas
2184691,1978-02-27,5,100261,,Brian Gottfried
2184787,1978-03-06,1,100284,,Jimmy Connors
2184788,1978-03-06,2,100282,,Guillermo Vilas
2184789,1978-03-06,3,100342,,Vitas Gerulaitis
2184790,1978-03-06,4,100437,,Bjorn Borg
2184791,1978-03-06,5,100261,,Brian Gottfried
2184885,1978-03-20,1,100284,,Jimmy Connors
2184886,1978-03-20,2,100282,,Guillermo Vilas
2184887,1978-03-20,3,100437,,Bjorn Borg
2184888,1978-03-20,4,100342,,Vitas Gerulaitis
2184889,1978-03-20,5,100261,,Brian Gottfried
2184985,1978-04-10,1,100284,,Jimmy Connors
2184986,1978-04-10,2,100282,,Guillermo Vilas
2184987,1978-04-10,3,100437,,Bjorn Borg
2184988,1978-04-10,4,100342,,Vitas Gerulaitis
2184989,1978-04-10,5,100261,,Brian Gottfried
2185085,1978-04-17,1,100284,,Jimmy Connors
2185086,1978-04-17,2,100437,,Bjorn Borg
2185087,1978-04-17,3,100282,,Guillermo Vilas
2185088,1978-04-17,4,100342,,Vitas Gerulaitis
2185089,1978-04-17,5,100261,,Brian Gottfried
2185186,1978-04-24,1,100284,,Jimmy Connors
2185187,1978-04-24,2,100437,,Bjorn Borg
2185188,1978-04-24,3,100282,,Guillermo Vilas
2185189,1978-04-24,4,100342,,Vitas Gerulaitis
2185190,1978-04-24,5,100261,,Brian Gottfried
2185286,1978-05-11,1,100284,,Jimmy Connors
2185287,1978-05-11,2,100437,,Bjorn Borg
2185288,1978-05-11,3,100282,,Guillermo Vilas
2185289,1978-05-11,4,100342,,Vitas Gerulaitis
2185290,1978-05-11,5,100261,,Brian Gottfried
2185386,1978-05-22,1,100284,,Jimmy Connors
2185387,1978-05-22,2,100282,,Guillermo Vilas
2185388,1978-05-22,3,100437,,Bjorn Borg
2185389,1978-05-22,4,100342,,Vitas Gerulaitis
2185390,1978-05-22,5,100261,,Brian Gottfried
2185486,1978-05-29,1,100284,,Jimmy Connors
2185487,1978-05-29,2,100282,,Guillermo Vilas
2185488,1978-05-29,3,100437,,Bjorn Borg
2185489,1978-05-29,4,100342,,Vitas Gerulaitis
2185490,1978-05-29,5,100261,,Brian Gottfried
2185586,1978-06-12,1,100284,,Jimmy Connors
2185587,1978-06-12,2,100437,,Bjorn Borg
2185588,1978-06-12,3,100282,,Guillermo Vilas
2185589,1978-06-12,4,100342,,Vitas Gerulaitis
2185590,1978-06-12,5,100261,,Brian Gottfried
2185686,1978-06-19,1,100284,,Jimmy Connors
2185687,1978-06-19,2,100282,,Guillermo Vilas
2185688,1978-06-19,3,100437,,Bjorn Borg
2185689,1978-06-19,4,100342,,Vitas Gerulaitis
2185690,1978-06-19,5,100261,,Brian Gottfried
2185787,1978-06-26,1,100284,,Jimmy Connors
2185788,1978-06-26,2,100282,,Guillermo Vilas
2185789,1978-06-26,3,100437,,Bjorn Borg
2185790,1978-06-26,4,100342,,Vitas Gerulaitis
2185791,1978-06-26,5,100261,,Brian Gottfried
2185887,1978-07-12,1,100284,,Jimmy Connors
2185888,1978-07-12,2,100282,,Guillermo Vilas
2185889,1978-07-12,3,100437,,Bjorn Borg
2185890,1978-07-12,4,100342,,Vitas Gerulaitis
2185891,1978-07-12,5,100261,,Brian Gottfried
2185987,1978-07-31,1,100284,,Jimmy Connors
2185988,1978-07-31,2,100282,,Guillermo Vilas
2185989,1978-07-31,3,100437,,Bjorn Borg
2185990,1978-07-31,4,100342,,Vitas Gerulaitis
2185991,1978-07-31,5,100232,,Eddie Dibbs
2186087,1978-08-21,1,100284,,Jimmy Connors
2186088,1978-08-21,2,100437,,Bjorn Borg
2186089,1978-08-21,3,100282,,Guillermo Vilas
2186090,1978-08-21,4,100342,,Vitas Gerulaitis
2186091,1978-08-21,5,100232,,Eddie Dibbs
2186188,1978-09-11,1,100284,,Jimmy Connors
2186189,1978-09-11,2,100437,,Bjorn Borg
2186190,1978-09-11,3,100282,,Guillermo Vilas
2186191,1978-09-11,4,100342,,Vitas Gerulaitis
2186192,1978-09-11,5,100232,,Eddie Dibbs
2186288,1978-10-16,1,100284,,Jimmy Connors
2186289,1978-10-16,2,100437,,Bjorn Borg
2186290,1978-10-16,3,100282,,Guillermo Vilas
2186291,1978-10-16,4,100342,,Vitas Gerulaitis
2186292,1978-10-16,5,100232,,Eddie Dibbs
2186388,1978-10-23,1,100284,,Jimmy Connors
2186389,1978-10-23,2,100437,,Bjorn Borg
2186390,1978-10-23,3,100282,,Guillermo Vilas
2186391,1978-10-23,4,100342,,Vitas Gerulaitis
2186392,1978-10-23,5,100232,,Eddie Dibbs
2186489,1978-10-30,1,100284,,Jimmy Connors
2186490,1978-10-30,2,100437,,Bjorn Borg
2186491,1978-10-30,3,100282,,Guillermo Vilas
2186492,1978-10-30,4,100342,,Vitas Gerulaitis
2186493,1978-10-30,5,100232,,Eddie Dibbs
2186589,1978-11-06,1,100284,,Jimmy Connors
2186590,1978-11-06,2,100437,,Bjorn Borg
2186591,1978-11-06,3,100282,,Guillermo Vilas
2186592,1978-11-06,4,100342,,Vitas Gerulaitis
2186593,1978-11-06,5,100232,,Eddie Dibbs
2186690,1978-11-13,1,100284,,Jimmy Connors
2186691,1978-11-13,2,100437,,Bjorn Borg
2186692,1978-11-13,3,100282,,Guillermo Vilas
2186693,1978-11-13,4,100342,,Vitas Gerulaitis
2186694,1978-11-13,5,100232,,Eddie Dibbs
2186790,1978-11-20,1,100284,,Jimmy Connors
2186791,1978-11-20,2,100437,,Bjorn Borg
2186792,1978-11-20,3,100282,,Guillermo Vilas
2186793,1978-11-20,4,100342,,Vitas Gerulaitis
2186794,1978-11-20,5,100581,,John McEnroe
2186890,1978-12-04,1,100284,,Jimmy Connors
2186891,1978-12-04,2,100437,,Bjorn Borg
2186892,1978-12-04,3,100282,,Guillermo Vilas
2186893,1978-12-04,4,100342,,Vitas Gerulaitis
2186894,1978-12-04,5,100581,,John McEnroe
2186990,1978-12-28,1,100284,,Jimmy Connors
2186991,1978-12-28,2,100437,,Bjorn Borg
2186992,1978-12-28,3,100282,,Guillermo Vilas
2186993,1978-12-28,4,100342,,Vitas Gerulaitis
2186994,1978-12-28,5,100581,,John McEnroe
2187090,1977-01-03,1,100284,,Jimmy Connors
2187091,1977-01-03,2,100437,,Bjorn Borg
2187092,1977-01-03,3,100119,,Ilie Nastase
2187093,1977-01-03,4,100174,,Manuel Orantes
2187094,1977-01-03,5,100309,,Raul Ramirez
2187190,1977-01-16,1,100284,,Jimmy Connors
2187191,1977-01-16,2,100437,,Bjorn Borg
2187192,1977-01-16,3,100119,,Ilie Nastase
2187193,1977-01-16,4,100282,,Guillermo Vilas
2187194,1977-01-16,5,100174,,Manuel Orantes
2187290,1977-01-31,1,100284,,Jimmy Connors
2187291,1977-01-31,2,100437,,Bjorn Borg
2187292,1977-01-31,3,100282,,Guillermo Vilas
2187293,1977-01-31,4,100119,,Ilie Nastase
2187294,1977-01-31,5,100309,,Raul Ramirez
2187390,1977-02-15,1,100284,,Jimmy Connors
2187391,1977-02-15,2,100437,,Bjorn Borg
2187392,1977-02-15,3,100119,,Ilie Nastase
2187393,1977-02-15,4,100309,,Raul Ramirez
2187394,1977-02-15,5,100282,,Guillermo Vilas
2187490,1977-02-28,1,100284,,Jimmy Connors
2187491,1977-02-28,2,100437,,Bjorn Borg
2187492,1977-02-28,3,100282,,Guillermo Vilas
2187493,1977-02-28,4,100309,,Raul Ramirez
2187494,1977-02-28,5,100119,,Ilie Nastase
2187590,1977-03-14,1,100284,,Jimmy Connors
2187591,1977-03-14,2,100437,,Bjorn Borg
2187592,1977-03-14,3,100282,,Guillermo Vilas
2187593,1977-03-14,4,100309,,Raul Ramirez
2187594,1977-03-14,5,100119,,Ilie Nastase
2187690,1977-04-04,1,100284,,Jimmy Connors
2187691,1977-04-04,2,100437,,Bjorn Borg
2187692,1977-04-04,3,100282,,Guillermo Vilas
2187693,1977-04-04,4,100119,,Ilie Nastase
2187694,1977-04-04,5,100261,,Brian Gottfried
2187790,1977-04-25,1,100284,,Jimmy Connors
2187791,1977-04-25,2,100437,,Bjorn Borg
2187792,1977-04-25,3,100282,,Guillermo Vilas
2187793,1977-04-25,4,100119,,Ilie Nastase
2187794,1977-04-25,5,100261,,Brian Gottfried
2187892,1977-05-02,1,100284,,Jimmy Connors
2187893,1977-05-02,2,100437,,Bjorn Borg
2187894,1977-05-02,3,100282,,Guillermo Vilas
2187895,1977-05-02,4,100119,,Ilie Nastase
2187896,1977-05-02,5,100261,,Brian Gottfried
2187994,1977-05-16,1,100284,,Jimmy Connors
2187995,1977-05-16,2,100437,,Bjorn Borg
2187996,1977-05-16,3,100282,,Guillermo Vilas
2187997,1977-05-16,4,100119,,Ilie Nastase
2187998,1977-05-16,5,100309,,Raul Ramirez
2188094,1977-05-23,1,100284,,Jimmy Connors
2188095,1977-05-23,2,100437,,Bjorn Borg
2188096,1977-05-23,3,100282,,Guillermo Vilas
2188097,1977-05-23,4,100119,,Ilie Nastase
2188098,1977-05-23,5,100261,,Brian Gottfried
2188195,1977-06-05,1,100284,,Jimmy Connors
2188196,1977-06-05,2,100437,,Bjorn Borg
2188197,1977-06-05,3,100282,,Guillermo Vilas
2188198,1977-06-05,4,100261,,Brian Gottfried
2188199,1977-06-05,5,100309,,Raul Ramirez
2188295,1977-06-12,1,100284,,Jimmy Connors
2188296,1977-06-12,2,100437,,Bjorn Borg
2188297,1977-06-12,3,100282,,Guillermo Vilas
2188298,1977-06-12,4,100261,,Brian Gottfried
2188299,1977-06-12,5,100119,,Ilie Nastase
2188395,1977-06-19,1,100284,,Jimmy Connors
2188396,1977-06-19,2,100437,,Bjorn Borg
2188397,1977-06-19,3,100261,,Brian Gottfried
2188398,1977-06-19,4,100282,,Guillermo Vilas
2188399,1977-06-19,5,100309,,Raul Ramirez
2188495,1977-07-03,1,100284,,Jimmy Connors
2188496,1977-07-03,2,100437,,Bjorn Borg
2188497,1977-07-03,3,100261,,Brian Gottfried
2188498,1977-07-03,4,100282,,Guillermo Vilas
2188499,1977-07-03,5,100309,,Raul Ramirez
2188595,1977-07-11,1,100284,,Jimmy Connors
2188596,1977-07-11,2,100437,,Bjorn Borg
2188597,1977-07-11,3,100261,,Brian Gottfried
2188598,1977-07-11,4,100282,,Guillermo Vilas
2188599,1977-07-11,5,100309,,Raul Ramirez
2188695,1977-07-25,1,100284,,Jimmy Connors
2188696,1977-07-25,2,100437,,Bjorn Borg
2188697,1977-07-25,3,100261,,Brian Gottfried
2188698,1977-07-25,4,100282,,Guillermo Vilas
2188699,1977-07-25,5,100309,,Raul Ramirez
2188795,1977-08-09,1,100284,,Jimmy Connors
2188796,1977-08-09,2,100437,,Bjorn Borg
2188797,1977-08-09,3,100261,,Brian Gottfried
2188798,1977-08-09,4,100282,,Guillermo Vilas
2188799,1977-08-09,5,100174,,Manuel Orantes
2188895,1977-08-23,1,100437,,Bjorn Borg
2188896,1977-08-23,2,100284,,Jimmy Connors
2188897,1977-08-23,3,100261,,Brian Gottfried
2188898,1977-08-23,4,100282,,Guillermo Vilas
2188899,1977-08-23,5,100174,,Manuel Orantes
2188995,1977-08-30,1,100284,,Jimmy Connors
2188996,1977-08-30,2,100437,,Bjorn Borg
2188997,1977-08-30,3,100261,,Brian Gottfried
2188998,1977-08-30,4,100282,,Guillermo Vilas
2188999,1977-08-30,5,100174,,Manuel Orantes
2189095,1977-09-12,1,100284,,Jimmy Connors
2189096,1977-09-12,2,100437,,Bjorn Borg
2189097,1977-09-12,3,100261,,Brian Gottfried
2189098,1977-09-12,4,100282,,Guillermo Vilas
2189099,1977-09-12,5,100174,,Manuel Orantes
2189195,1977-09-26,1,100284,,Jimmy Connors
2189196,1977-09-26,2,100282,,Guillermo Vilas
2189197,1977-09-26,3,100437,,Bjorn Borg
2189198,1977-09-26,4,100261,,Brian Gottfried
2189199,1977-09-26,5,100174,,Manuel Orantes
2189295,1977-10-03,1,100284,,Jimmy Connors
2189296,1977-10-03,2,100437,,Bjorn Borg
2189297,1977-10-03,3,100282,,Guillermo Vilas
2189298,1977-10-03,4,100261,,Brian Gottfried
2189299,1977-10-03,5,100174,,Manuel Orantes
2189391,1977-10-10,1,100284,,Jimmy Connors
2189392,1977-10-10,2,100282,,Guillermo Vilas
2189393,1977-10-10,3,100437,,Bjorn Borg
2189394,1977-10-10,4,100261,,Brian Gottfried
2189395,1977-10-10,5,100174,,Manuel Orantes
2189492,1977-10-17,1,100284,,Jimmy Connors
2189493,1977-10-17,2,100282,,Guillermo Vilas
2189494,1977-10-17,3,100437,,Bjorn Borg
2189495,1977-10-17,4,100261,,Brian Gottfried
2189496,1977-10-17,5,100342,,Vitas Gerulaitis
2189592,1977-10-24,1,100284,,Jimmy Connors
2189593,1977-10-24,2,100437,,Bjorn Borg
2189594,1977-10-24,3,100282,,Guillermo Vilas
2189595,1977-10-24,4,100261,,Brian Gottfried
2189596,1977-10-24,5,100342,,Vitas Gerulaitis
2189692,1977-10-31,1,100284,,Jimmy Connors
2189693,1977-10-31,2,100282,,Guillermo Vilas
2189694,1977-10-31,3,100437,,Bjorn Borg
2189695,1977-10-31,4,100261,,Brian Gottfried
2189696,1977-10-31,5,100342,,Vitas Gerulaitis
2189792,1977-11-07,1,100284,,Jimmy Connors
2189793,1977-11-07,2,100282,,Guillermo Vilas
2189794,1977-11-07,3,100437,,Bjorn Borg
2189795,1977-11-07,4,100261,,Brian Gottfried
2189796,1977-11-07,5,100342,,Vitas Gerulaitis
2189893,1977-11-14,1,100284,,Jimmy Connors
2189894,1977-11-14,2,100282,,Guillermo Vilas
2189895,1977-11-14,3,100437,,Bjorn Borg
2189896,1977-11-14,4,100261,,Brian Gottfried
2189897,1977-11-14,5,100342,,Vitas Gerulaitis
2189993,1977-12-05,1,100284,,Jimmy Connors
2189994,1977-12-05,2,100437,,Bjorn Borg
2189995,1977-12-05,3,100282,,Guillermo Vilas
2189996,1977-12-05,4,100261,,Brian Gottfried
2189997,1977-12-05,5,100342,,Vitas Gerulaitis
2190093,1977-12-12,1,100284,,Jimmy Connors
2190094,1977-12-12,2,100437,,Bjorn Borg
2190095,1977-12-12,3,100282,,Guillermo Vilas
2190096,1977-12-12,4,100261,,Brian Gottfried
2190097,1977-12-12,5,100342,,Vitas Gerulaitis
2190193,1980-12-22,1,100437,,Bjorn Borg
2190194,1980-12-22,2,100581,,John McEnroe
2190195,1980-12-22,3,100284,,Jimmy Connors
2190196,1980-12-22,4,100282,,Guillermo Vilas
2190197,1980-12-22,5,100428,,Gene Mayer
2190693,1982-01-04,1,100581,,John McEnroe
2190694,1982-01-04,2,100656,,Ivan Lendl
2190695,1982-01-04,3,100284,,Jimmy Connors
2190696,1982-01-04,4,100437,,Bjorn Borg
2190697,1982-01-04,5,100555,,Jose Luis Clerc
2191068,1983-01-03,1,100581,,John McEnroe
2191069,1983-01-03,2,100284,,Jimmy Connors
2191070,1983-01-03,3,100656,,Ivan Lendl
2191071,1983-01-03,4,100282,,Guillermo Vilas
2191072,1983-01-03,5,100342,,Vitas Gerulaitis
2192110,1984-01-02,1,100581,,John McEnroe
2192111,1984-01-02,2,100656,,Ivan Lendl
2192112,1984-01-02,3,100284,,Jimmy Connors
2192113,1984-01-02,4,101062,,Mats Wilander
2192114,1984-01-02,5,100676,,Yannick Noah
2193124,1984-06-25,1,100581,,John McEnroe
2193125,1984-06-25,2,100656,,Ivan Lendl
2193126,1984-06-25,3,100284,,Jimmy Connors
2193127,1984-06-25,4,101062,,Mats Wilander
2193128,1984-06-25,5,101061,,Jimmy Arias
2194093,1984-07-09,1,100656,,Ivan Lendl
2194094,1984-07-09,2,100581,,John McEnroe
2194095,1984-07-09,3,100284,,Jimmy Connors
2194096,1984-07-09,4,101062,,Mats Wilander
2194097,1984-07-09,5,101061,,Jimmy Arias
2195060,1984-07-16,1,100656,,Ivan Lendl
2195061,1984-07-16,2,100581,,John McEnroe
2195062,1984-07-16,3,100284,,Jimmy Connors
2195063,1984-07-16,4,101062,,Mats Wilander
2195064,1984-07-16,5,101061,,Jimmy Arias
2196012,1984-07-23,1,100656,,Ivan Lendl
2196013,1984-07-23,2,100581,,John McEnroe
2196014,1984-07-23,3,100284,,Jimmy Connors
2196015,1984-07-23,4,101062,,Mats Wilander
2196016,1984-07-23,5,101061,,Jimmy Arias
2196983,1984-07-30,1,100656,,Ivan Lendl
2196984,1984-07-30,2,100581,,John McEnroe
2196985,1984-07-30,3,100284,,Jimmy Connors
2196986,1984-07-30,4,101062,,Mats Wilander
2196987,1984-07-30,5,101061,,Jimmy Arias
2197946,1984-08-06,1,100656,,Ivan Lendl
2197947,1984-08-06,2,100581,,John McEnroe
2197948,1984-08-06,3,100284,,Jimmy Connors
2197949,1984-08-06,4,101062,,Mats Wilander
2197950,1984-08-06,5,100653,,Andres Gomez
2198921,1984-08-13,1,100581,,John McEnroe
2198922,1984-08-13,2,100656,,Ivan Lendl
2198923,1984-08-13,3,100284,,Jimmy Connors
2198924,1984-08-13,4,101062,,Mats Wilander
2198925,1984-08-13,5,100653,,Andres Gomez
2199904,1984-08-20,1,100581,,John McEnroe
2199905,1984-08-20,2,100656,,Ivan Lendl
2199906,1984-08-20,3,100284,,Jimmy Connors
2199907,1984-08-20,4,101062,,Mats Wilander
2199908,1984-08-20,5,100653,,Andres Gomez
2200889,1984-08-27,1,100581,,John McEnroe
2200890,1984-08-27,2,100656,,Ivan Lendl
2200891,1984-08-27,3,100284,,Jimmy Connors
2200892,1984-08-27,4,101062,,Mats Wilander
2200893,1984-08-27,5,100653,,Andres Gomez
2201879,1984-09-10,1,100581,,John McEnroe
2201880,1984-09-10,2,100656,,Ivan Lendl
2201881,1984-09-10,3,100284,,Jimmy Connors
2201882,1984-09-10,4,101062,,Mats Wilander
2201883,1984-09-10,5,100653,,Andres Gomez
2202872,1984-09-17,1,100581,,John McEnroe
2202873,1984-09-17,2,100656,,Ivan Lendl
2202874,1984-09-17,3,100284,,Jimmy Connors
2202875,1984-09-17,4,101062,,Mats Wilander
2202876,1984-09-17,5,100653,,Andres Gomez
2203855,1984-09-24,1,100581,,John McEnroe
2203856,1984-09-24,2,100284,,Jimmy Connors
2203857,1984-09-24,3,100656,,Ivan Lendl
2203858,1984-09-24,4,101062,,Mats Wilander
2203859,1984-09-24,5,100653,,Andres Gomez
2204838,1984-10-01,1,100581,,John McEnroe
2204839,1984-10-01,2,100284,,Jimmy Connors
2204840,1984-10-01,3,100656,,Ivan Lendl
2204841,1984-10-01,4,101062,,Mats Wilander
2204842,1984-10-01,5,100653,,Andres Gomez
2205823,1984-10-08,1,100581,,John McEnroe
2205824,1984-10-08,2,100284,,Jimmy Connors
2205825,1984-10-08,3,100656,,Ivan Lendl
2205826,1984-10-08,4,101062,,Mats Wilander
2205827,1984-10-08,5,100653,,Andres Gomez
2206824,1984-10-15,1,100581,,John McEnroe
2206825,1984-10-15,2,100656,,Ivan Lendl
2206826,1984-10-15,3,100284,,Jimmy Connors
2206827,1984-10-15,4,101062,,Mats Wilander
2206828,1984-10-15,5,100653,,Andres Gomez
2207814,1984-10-22,1,100581,,John McEnroe
2207815,1984-10-22,2,100656,,Ivan Lendl
2207816,1984-10-22,3,100284,,Jimmy Connors
2207817,1984-10-22,4,101062,,Mats Wilander
2207818,1984-10-22,5,100653,,Andres Gomez
2208784,1984-10-29,1,100581,,John McEnroe
2208785,1984-10-29,2,100284,,Jimmy Connors
2208786,1984-10-29,3,100656,,Ivan Lendl
2208787,1984-10-29,4,101062,,Mats Wilander
2208788,1984-10-29,5,100653,,Andres Gomez
2209754,1984-11-12,1,100581,,John McEnroe
2209755,1984-11-12,2,100284,,Jimmy Connors
2209756,1984-11-12,3,100656,,Ivan Lendl
2209757,1984-11-12,4,101062,,Mats Wilander
2209758,1984-11-12,5,100653,,Andres Gomez
2210721,1984-11-19,1,100581,,John McEnroe
2210722,1984-11-19,2,100656,,Ivan Lendl
2210723,1984-11-19,3,100284,,Jimmy Connors
2210724,1984-11-19,4,101062,,Mats Wilander
2210725,1984-11-19,5,100653,,Andres Gomez
2211676,1984-11-26,1,100581,,John McEnroe
2211677,1984-11-26,2,100656,,Ivan Lendl
2211678,1984-11-26,3,100284,,Jimmy Connors
2211679,1984-11-26,4,101062,,Mats Wilander
2211680,1984-11-26,5,100653,,Andres Gomez
2212628,1984-12-10,1,100581,,John McEnroe
2212629,1984-12-10,2,100284,,Jimmy Connors
2212630,1984-12-10,3,100656,,Ivan Lendl
2212631,1984-12-10,4,101062,,Mats Wilander
2212632,1984-12-10,5,100653,,Andres Gomez
2213589,1984-12-17,1,100581,,John McEnroe
2213590,1984-12-17,2,100284,,Jimmy Connors
2213591,1984-12-17,3,100656,,Ivan Lendl
2213592,1984-12-17,4,101062,,Mats Wilander
2213593,1984-12-17,5,100653,,Andres Gomez
2214561,1984-12-24,1,100581,,John McEnroe
2214562,1984-12-24,2,100284,,Jimmy Connors
2214563,1984-12-24,3,100656,,Ivan Lendl
2214564,1984-12-24,4,101062,,Mats Wilander
2214565,1984-12-24,5,100653,,Andres Gomez
2215534,1985-01-07,1,100581,,John McEnroe
2215535,1985-01-07,2,100284,,Jimmy Connors
2215536,1985-01-07,3,100656,,Ivan Lendl
2215537,1985-01-07,4,101062,,Mats Wilander
2215538,1985-01-07,5,100653,,Andres Gomez
2216506,1985-01-14,1,100581,,John McEnroe
2216507,1985-01-14,2,100284,,Jimmy Connors
2216508,1985-01-14,3,100656,,Ivan Lendl
2216509,1985-01-14,4,101062,,Mats Wilander
2216510,1985-01-14,5,100653,,Andres Gomez
2217493,1985-01-28,1,100581,,John McEnroe
2217494,1985-01-28,2,100284,,Jimmy Connors
2217495,1985-01-28,3,100656,,Ivan Lendl
2217496,1985-01-28,4,101062,,Mats Wilander
2217497,1985-01-28,5,100653,,Andres Gomez
2218462,1985-02-04,1,100581,,John McEnroe
2218463,1985-02-04,2,100284,,Jimmy Connors
2218464,1985-02-04,3,100656,,Ivan Lendl
2218465,1985-02-04,4,101062,,Mats Wilander
2218466,1985-02-04,5,100653,,Andres Gomez
2219430,1985-02-18,1,100581,,John McEnroe
2219431,1985-02-18,2,100656,,Ivan Lendl
2219432,1985-02-18,3,100284,,Jimmy Connors
2219433,1985-02-18,4,101062,,Mats Wilander
2219434,1985-02-18,5,100653,,Andres Gomez
2220395,1985-02-25,1,100581,,John McEnroe
2220396,1985-02-25,2,100656,,Ivan Lendl
2220397,1985-02-25,3,100284,,Jimmy Connors
2220398,1985-02-25,4,101062,,Mats Wilander
2220399,1985-02-25,5,100653,,Andres Gomez
2221382,1985-03-04,1,100581,,John McEnroe
2221383,1985-03-04,2,100656,,Ivan Lendl
2221384,1985-03-04,3,100284,,Jimmy Connors
2221385,1985-03-04,4,101062,,Mats Wilander
2221386,1985-03-04,5,100653,,Andres Gomez
2222372,1985-03-18,1,100581,,John McEnroe
2222373,1985-03-18,2,100284,,Jimmy Connors
2222374,1985-03-18,3,100656,,Ivan Lendl
2222375,1985-03-18,4,101062,,Mats Wilander
2222376,1985-03-18,5,100653,,Andres Gomez
2223355,1985-03-25,1,100581,,John McEnroe
2223356,1985-03-25,2,100284,,Jimmy Connors
2223357,1985-03-25,3,100656,,Ivan Lendl
2223358,1985-03-25,4,101062,,Mats Wilander
2223359,1985-03-25,5,100653,,Andres Gomez
2224347,1985-04-01,1,100581,,John McEnroe
2224348,1985-04-01,2,100284,,Jimmy Connors
2224349,1985-04-01,3,100656,,Ivan Lendl
2224350,1985-04-01,4,101062,,Mats Wilander
2224351,1985-04-01,5,100653,,Andres Gomez
2225340,1985-04-08,1,100581,,John McEnroe
2225341,1985-04-08,2,100656,,Ivan Lendl
2225342,1985-04-08,3,100284,,Jimmy Connors
2225343,1985-04-08,4,101062,,Mats Wilander
2225344,1985-04-08,5,100653,,Andres Gomez
2226335,1985-04-15,1,100581,,John McEnroe
2226336,1985-04-15,2,100656,,Ivan Lendl
2226337,1985-04-15,3,100284,,Jimmy Connors
2226338,1985-04-15,4,101062,,Mats Wilander
2226339,1985-04-15,5,100653,,Andres Gomez
2227331,1985-04-22,1,100581,,John McEnroe
2227332,1985-04-22,2,100656,,Ivan Lendl
2227333,1985-04-22,3,100284,,Jimmy Connors
2227334,1985-04-22,4,101062,,Mats Wilander
2227335,1985-04-22,5,100653,,Andres Gomez
2228325,1985-04-29,1,100581,,John McEnroe
2228326,1985-04-29,2,100656,,Ivan Lendl
2228327,1985-04-29,3,100284,,Jimmy Connors
2228328,1985-04-29,4,101062,,Mats Wilander
2228329,1985-04-29,5,100653,,Andres Gomez
2229317,1985-05-06,1,100581,,John McEnroe
2229318,1985-05-06,2,100656,,Ivan Lendl
2229319,1985-05-06,3,100284,,Jimmy Connors
2229320,1985-05-06,4,101062,,Mats Wilander
2229321,1985-05-06,5,100653,,Andres Gomez
2230334,1985-05-13,1,100581,,John McEnroe
2230335,1985-05-13,2,100656,,Ivan Lendl
2230336,1985-05-13,3,100284,,Jimmy Connors
2230337,1985-05-13,4,101062,,Mats Wilander
2230338,1985-05-13,5,100653,,Andres Gomez
2231350,1985-05-20,1,100581,,John McEnroe
2231351,1985-05-20,2,100656,,Ivan Lendl
2231352,1985-05-20,3,100284,,Jimmy Connors
2231353,1985-05-20,4,101062,,Mats Wilander
2231354,1985-05-20,5,100653,,Andres Gomez
2232362,1985-05-27,1,100581,,John McEnroe
2232363,1985-05-27,2,100656,,Ivan Lendl
2232364,1985-05-27,3,100284,,Jimmy Connors
2232365,1985-05-27,4,101062,,Mats Wilander
2232366,1985-05-27,5,100653,,Andres Gomez
2233381,1985-06-10,1,100581,,John McEnroe
2233382,1985-06-10,2,100656,,Ivan Lendl
2233383,1985-06-10,3,100284,,Jimmy Connors
2233384,1985-06-10,4,101062,,Mats Wilander
2233385,1985-06-10,5,100653,,Andres Gomez
2234407,1985-06-17,1,100581,,John McEnroe
2234408,1985-06-17,2,100656,,Ivan Lendl
2234409,1985-06-17,3,100284,,Jimmy Connors
2234410,1985-06-17,4,101062,,Mats Wilander
2234411,1985-06-17,5,100653,,Andres Gomez
2235422,1985-06-24,1,100581,,John McEnroe
2235423,1985-06-24,2,100656,,Ivan Lendl
2235424,1985-06-24,3,100284,,Jimmy Connors
2235425,1985-06-24,4,101062,,Mats Wilander
2235426,1985-06-24,5,100653,,Andres Gomez
2236446,1985-07-08,1,100581,,John McEnroe
2236447,1985-07-08,2,100656,,Ivan Lendl
2236448,1985-07-08,3,101062,,Mats Wilander
2236449,1985-07-08,4,100284,,Jimmy Connors
2236450,1985-07-08,5,100653,,Andres Gomez
2237474,1985-07-15,1,100581,,John McEnroe
2237475,1985-07-15,2,100656,,Ivan Lendl
2237476,1985-07-15,3,101062,,Mats Wilander
2237477,1985-07-15,4,100284,,Jimmy Connors
2237478,1985-07-15,5,100653,,Andres Gomez
2238551,1985-07-22,1,100581,,John McEnroe
2238552,1985-07-22,2,100656,,Ivan Lendl
2238553,1985-07-22,3,101062,,Mats Wilander
2238554,1985-07-22,4,100284,,Jimmy Connors
2238555,1985-07-22,5,100529,,Kevin Curren
2238556,1985-07-22,5,100757,,Anders Jarryd
2239602,1985-07-29,1,100581,,John McEnroe
2239603,1985-07-29,2,100656,,Ivan Lendl
2239604,1985-07-29,3,101062,,Mats Wilander
2239605,1985-07-29,4,100284,,Jimmy Connors
2239606,1985-07-29,5,100529,,Kevin Curren
2240653,1985-08-12,1,100581,,John McEnroe
2240654,1985-08-12,2,100656,,Ivan Lendl
2240655,1985-08-12,3,101062,,Mats Wilander
2240656,1985-08-12,4,100284,,Jimmy Connors
2240657,1985-08-12,5,100529,,Kevin Curren
2241694,1985-08-19,1,100656,,Ivan Lendl
2241695,1985-08-19,2,100581,,John McEnroe
2241696,1985-08-19,3,101062,,Mats Wilander
2241697,1985-08-19,4,100284,,Jimmy Connors
2241698,1985-08-19,5,100529,,Kevin Curren
2242754,1985-08-26,1,100581,,John McEnroe
2242755,1985-08-26,2,100656,,Ivan Lendl
2242756,1985-08-26,3,101062,,Mats Wilander
2242757,1985-08-26,4,100284,,Jimmy Connors
2242758,1985-08-26,5,100529,,Kevin Curren
2243808,1985-09-09,1,100656,,Ivan Lendl
2243809,1985-09-09,2,100581,,John McEnroe
2243810,1985-09-09,3,101062,,Mats Wilander
2243811,1985-09-09,4,100284,,Jimmy Connors
2243812,1985-09-09,5,100529,,Kevin Curren
2244867,1985-09-16,1,100656,,Ivan Lendl
2244868,1985-09-16,2,100581,,John McEnroe
2244869,1985-09-16,3,101062,,Mats Wilander
2244870,1985-09-16,4,100284,,Jimmy Connors
2244871,1985-09-16,5,100529,,Kevin Curren
2245932,1985-09-23,1,100656,,Ivan Lendl
2245933,1985-09-23,2,100581,,John McEnroe
2245934,1985-09-23,3,101062,,Mats Wilander
2245935,1985-09-23,4,100284,,Jimmy Connors
2245936,1985-09-23,5,100529,,Kevin Curren
2246995,1985-09-30,1,100656,,Ivan Lendl
2246996,1985-09-30,2,100581,,John McEnroe
2246997,1985-09-30,3,101062,,Mats Wilander
2246998,1985-09-30,4,100284,,Jimmy Connors
2246999,1985-09-30,5,100757,,Anders Jarryd
2248061,1985-10-14,1,100656,,Ivan Lendl
2248062,1985-10-14,2,100581,,John McEnroe
2248063,1985-10-14,3,101062,,Mats Wilander
2248064,1985-10-14,4,100284,,Jimmy Connors
2248065,1985-10-14,5,100676,,Yannick Noah
2248066,1985-10-14,5,101414,,Boris Becker
2249120,1985-10-21,1,100656,,Ivan Lendl
2249121,1985-10-21,2,100581,,John McEnroe
2249122,1985-10-21,3,101062,,Mats Wilander
2249123,1985-10-21,4,100284,,Jimmy Connors
2249124,1985-10-21,5,101414,,Boris Becker
2250178,1985-10-28,1,100656,,Ivan Lendl
2250179,1985-10-28,2,100581,,John McEnroe
2250180,1985-10-28,3,101062,,Mats Wilander
2250181,1985-10-28,4,100284,,Jimmy Connors
2250182,1985-10-28,5,101414,,Boris Becker
2251238,1985-11-11,1,100656,,Ivan Lendl
2251239,1985-11-11,2,100581,,John McEnroe
2251240,1985-11-11,3,101062,,Mats Wilander
2251241,1985-11-11,4,100284,,Jimmy Connors
2251242,1985-11-11,5,101414,,Boris Becker
2252297,1985-11-18,1,100656,,Ivan Lendl
2252298,1985-11-18,2,100581,,John McEnroe
2252299,1985-11-18,3,101062,,Mats Wilander
2252300,1985-11-18,4,100284,,Jimmy Connors
2252301,1985-11-18,5,101414,,Boris Becker
2253355,1985-11-25,1,100656,,Ivan Lendl
2253356,1985-11-25,2,100581,,John McEnroe
2253357,1985-11-25,3,101062,,Mats Wilander
2253358,1985-11-25,4,100284,,Jimmy Connors
2253359,1985-11-25,5,101414,,Boris Becker
2254418,1985-12-09,1,100656,,Ivan Lendl
2254419,1985-12-09,2,100581,,John McEnroe
2254420,1985-12-09,3,101062,,Mats Wilander
2254421,1985-12-09,4,100284,,Jimmy Connors
2254422,1985-12-09,5,101222,,Stefan Edberg
2255473,1985-12-16,1,100656,,Ivan Lendl
2255474,1985-12-16,2,100581,,John McEnroe
2255475,1985-12-16,3,101062,,Mats Wilander
2255476,1985-12-16,4,100284,,Jimmy Connors
2255477,1985-12-16,5,101222,,Stefan Edberg
2256515,1985-12-23,1,100656,,Ivan Lendl
2256516,1985-12-23,2,100581,,John McEnroe
2256517,1985-12-23,3,101062,,Mats Wilander
2256518,1985-12-23,4,100284,,Jimmy Connors
2256519,1985-12-23,5,101222,,Stefan Edberg
2257556,1985-12-30,1,100656,,Ivan Lendl
2257557,1985-12-30,2,100581,,John McEnroe
2257558,1985-12-30,3,101062,,Mats Wilander
2257559,1985-12-30,4,100284,,Jimmy Connors
2257560,1985-12-30,5,101222,,Stefan Edberg
2258609,1986-01-20,1,100656,,Ivan Lendl
2258610,1986-01-20,2,100581,,John McEnroe
2258611,1986-01-20,3,101062,,Mats Wilander
2258612,1986-01-20,4,100284,,Jimmy Connors
2258613,1986-01-20,5,101222,,Stefan Edberg
2259651,1986-02-03,1,100656,,Ivan Lendl
2259652,1986-02-03,2,100581,,John McEnroe
2259653,1986-02-03,3,101062,,Mats Wilander
2259654,1986-02-03,4,100284,,Jimmy Connors
2259655,1986-02-03,5,101414,,Boris Becker
2260692,1986-02-10,1,100656,,Ivan Lendl
2260693,1986-02-10,2,100581,,John McEnroe
2260694,1986-02-10,3,101062,,Mats Wilander
2260695,1986-02-10,4,100284,,Jimmy Connors
2260696,1986-02-10,5,101414,,Boris Becker
2261746,1986-02-24,1,100656,,Ivan Lendl
2261747,1986-02-24,2,100581,,John McEnroe
2261748,1986-02-24,3,101062,,Mats Wilander
2261749,1986-02-24,4,100284,,Jimmy Connors
2261750,1986-02-24,5,101414,,Boris Becker
2262782,1986-03-03,1,100656,,Ivan Lendl
2262783,1986-03-03,2,100581,,John McEnroe
2262784,1986-03-03,3,101062,,Mats Wilander
2262785,1986-03-03,4,100284,,Jimmy Connors
2262786,1986-03-03,5,101222,,Stefan Edberg
2263825,1986-03-17,1,100656,,Ivan Lendl
2263826,1986-03-17,2,100581,,John McEnroe
2263827,1986-03-17,3,101062,,Mats Wilander
2263828,1986-03-17,4,100284,,Jimmy Connors
2263829,1986-03-17,5,101414,,Boris Becker
2264862,1986-03-24,1,100656,,Ivan Lendl
2264863,1986-03-24,2,100581,,John McEnroe
2264864,1986-03-24,3,101062,,Mats Wilander
2264865,1986-03-24,4,100284,,Jimmy Connors
2264866,1986-03-24,5,101222,,Stefan Edberg
2265893,1986-03-31,1,100656,,Ivan Lendl
2265894,1986-03-31,2,100581,,John McEnroe
2265895,1986-03-31,3,101062,,Mats Wilander
2265896,1986-03-31,4,100284,,Jimmy Connors
2265897,1986-03-31,5,101414,,Boris Becker
2266926,1986-04-07,1,100656,,Ivan Lendl
2266927,1986-04-07,2,100581,,John McEnroe
2266928,1986-04-07,3,101062,,Mats Wilander
2266929,1986-04-07,4,101414,,Boris Becker
2266930,1986-04-07,5,100284,,Jimmy Connors
2267957,1986-04-14,1,100656,,Ivan Lendl
2267958,1986-04-14,2,100581,,John McEnroe
2267959,1986-04-14,3,101062,,Mats Wilander
2267960,1986-04-14,4,101414,,Boris Becker
2267961,1986-04-14,5,100284,,Jimmy Connors
2268991,1986-04-21,1,100656,,Ivan Lendl
2268992,1986-04-21,2,100581,,John McEnroe
2268993,1986-04-21,3,101062,,Mats Wilander
2268994,1986-04-21,4,101414,,Boris Becker
2268995,1986-04-21,5,100284,,Jimmy Connors
2270029,1986-04-28,1,100656,,Ivan Lendl
2270030,1986-04-28,2,101062,,Mats Wilander
2270031,1986-04-28,3,100581,,John McEnroe
2270032,1986-04-28,4,101414,,Boris Becker
2270033,1986-04-28,5,100284,,Jimmy Connors
2271067,1986-05-05,1,100656,,Ivan Lendl
2271068,1986-05-05,2,101062,,Mats Wilander
2271069,1986-05-05,3,100581,,John McEnroe
2271070,1986-05-05,4,101414,,Boris Becker
2271071,1986-05-05,5,100284,,Jimmy Connors
2272087,1986-05-12,1,100656,,Ivan Lendl
2272088,1986-05-12,2,101062,,Mats Wilander
2272089,1986-05-12,3,100581,,John McEnroe
2272090,1986-05-12,4,100676,,Yannick Noah
2272091,1986-05-12,5,101414,,Boris Becker
2273109,1986-05-19,1,100656,,Ivan Lendl
2273110,1986-05-19,2,101062,,Mats Wilander
2273111,1986-05-19,3,100581,,John McEnroe
2273112,1986-05-19,4,100284,,Jimmy Connors
2273113,1986-05-19,5,101414,,Boris Becker
2274128,1986-05-26,1,100656,,Ivan Lendl
2274129,1986-05-26,2,101062,,Mats Wilander
2274130,1986-05-26,3,100581,,John McEnroe
2274131,1986-05-26,4,100284,,Jimmy Connors
2274132,1986-05-26,5,101414,,Boris Becker
2275154,1986-06-09,1,100656,,Ivan Lendl
2275155,1986-06-09,2,101062,,Mats Wilander
2275156,1986-06-09,3,101414,,Boris Becker
2275157,1986-06-09,4,100581,,John McEnroe
2275158,1986-06-09,5,100676,,Yannick Noah
2276177,1986-06-16,1,100656,,Ivan Lendl
2276178,1986-06-16,2,101062,,Mats Wilander
2276179,1986-06-16,3,100284,,Jimmy Connors
2276180,1986-06-16,4,100581,,John McEnroe
2276181,1986-06-16,5,100676,,Yannick Noah
2277199,1986-06-23,1,100656,,Ivan Lendl
2277200,1986-06-23,2,101062,,Mats Wilander
2277201,1986-06-23,3,100284,,Jimmy Connors
2277202,1986-06-23,4,100581,,John McEnroe
2277203,1986-06-23,5,100676,,Yannick Noah
2278217,1986-07-07,1,100656,,Ivan Lendl
2278218,1986-07-07,2,101062,,Mats Wilander
2278219,1986-07-07,3,100676,,Yannick Noah
2278220,1986-07-07,4,101414,,Boris Becker
2278221,1986-07-07,5,100284,,Jimmy Connors
2279254,1986-07-14,1,100656,,Ivan Lendl
2279255,1986-07-14,2,101062,,Mats Wilander
2279256,1986-07-14,3,100676,,Yannick Noah
2279257,1986-07-14,4,101414,,Boris Becker
2279258,1986-07-14,5,101222,,Stefan Edberg
2280297,1986-07-28,1,100656,,Ivan Lendl
2280298,1986-07-28,2,101062,,Mats Wilander
2280299,1986-07-28,3,101414,,Boris Becker
2280300,1986-07-28,4,100676,,Yannick Noah
2280301,1986-07-28,5,100284,,Jimmy Connors
2281360,1986-08-04,1,100656,,Ivan Lendl
2281361,1986-08-04,2,101062,,Mats Wilander
2281362,1986-08-04,3,101414,,Boris Becker
2281363,1986-08-04,4,100676,,Yannick Noah
2281364,1986-08-04,5,100284,,Jimmy Connors
2282457,1986-08-11,1,100656,,Ivan Lendl
2282458,1986-08-11,2,101062,,Mats Wilander
2282459,1986-08-11,3,101414,,Boris Becker
2282460,1986-08-11,4,100676,,Yannick Noah
2282461,1986-08-11,5,100284,,Jimmy Connors
2283553,1986-08-18,1,100656,,Ivan Lendl
2283554,1986-08-18,2,101062,,Mats Wilander
2283555,1986-08-18,3,101414,,Boris Becker
2283556,1986-08-18,4,101222,,Stefan Edberg
2283557,1986-08-18,5,100676,,Yannick Noah
2284658,1986-08-25,1,100656,,Ivan Lendl
2284659,1986-08-25,2,101062,,Mats Wilander
2284660,1986-08-25,3,101414,,Boris Becker
2284661,1986-08-25,4,101222,,Stefan Edberg
2284662,1986-08-25,5,100284,,Jimmy Connors
2285762,1986-09-08,1,100656,,Ivan Lendl
2285763,1986-09-08,2,101414,,Boris Becker
2285764,1986-09-08,3,101062,,Mats Wilander
2285765,1986-09-08,4,101222,,Stefan Edberg
2285766,1986-09-08,5,100676,,Yannick Noah
2286860,1986-09-15,1,100656,,Ivan Lendl
2286861,1986-09-15,2,101414,,Boris Becker
2286862,1986-09-15,3,101062,,Mats Wilander
2286863,1986-09-15,4,101222,,Stefan Edberg
2286864,1986-09-15,5,100676,,Yannick Noah
2287943,1986-09-22,1,100656,,Ivan Lendl
2287944,1986-09-22,2,101062,,Mats Wilander
2287945,1986-09-22,3,101222,,Stefan Edberg
2287946,1986-09-22,4,101414,,Boris Becker
2287947,1986-09-22,5,100936,,Henri Leconte
2289031,1986-09-29,1,100656,,Ivan Lendl
2289032,1986-09-29,2,101062,,Mats Wilander
2289033,1986-09-29,3,101414,,Boris Becker
2289034,1986-09-29,4,101222,,Stefan Edberg
2289035,1986-09-29,5,100676,,Yannick Noah
2290130,1986-10-06,1,100656,,Ivan Lendl
2290131,1986-10-06,2,101062,,Mats Wilander
2290132,1986-10-06,3,101414,,Boris Becker
2290133,1986-10-06,4,101222,,Stefan Edberg
2290134,1986-10-06,5,100676,,Yannick Noah
2291229,1986-10-13,1,100656,,Ivan Lendl
2291230,1986-10-13,2,101062,,Mats Wilander
2291231,1986-10-13,3,101414,,Boris Becker
2291232,1986-10-13,4,101222,,Stefan Edberg
2291233,1986-10-13,5,100936,,Henri Leconte
2292329,1986-10-20,1,100656,,Ivan Lendl
2292330,1986-10-20,2,101062,,Mats Wilander
2292331,1986-10-20,3,101414,,Boris Becker
2292332,1986-10-20,4,101222,,Stefan Edberg
2292333,1986-10-20,5,100676,,Yannick Noah
2293431,1986-10-27,1,100656,,Ivan Lendl
2293432,1986-10-27,2,101414,,Boris Becker
2293433,1986-10-27,3,101222,,Stefan Edberg
2293434,1986-10-27,4,101062,,Mats Wilander
2293435,1986-10-27,5,100676,,Yannick Noah
2294534,1986-11-03,1,100656,,Ivan Lendl
2294535,1986-11-03,2,101414,,Boris Becker
2294536,1986-11-03,3,101222,,Stefan Edberg
2294537,1986-11-03,4,101062,,Mats Wilander
2294538,1986-11-03,5,100936,,Henri Leconte
2295638,1986-11-10,1,100656,,Ivan Lendl
2295639,1986-11-10,2,101414,,Boris Becker
2295640,1986-11-10,3,101062,,Mats Wilander
2295641,1986-11-10,4,101222,,Stefan Edberg
2295642,1986-11-10,5,100936,,Henri Leconte
2296735,1986-11-17,1,100656,,Ivan Lendl
2296736,1986-11-17,2,101414,,Boris Becker
2296737,1986-11-17,3,101062,,Mats Wilander
2296738,1986-11-17,4,101222,,Stefan Edberg
2296739,1986-11-17,5,100676,,Yannick Noah
2297837,1986-11-24,1,100656,,Ivan Lendl
2297838,1986-11-24,2,101414,,Boris Becker
2297839,1986-11-24,3,101062,,Mats Wilander
2297840,1986-11-24,4,101222,,Stefan Edberg
2297841,1986-11-24,5,100676,,Yannick Noah
2298948,1986-12-01,1,100656,,Ivan Lendl
2298949,1986-12-01,2,101414,,Boris Becker
2298950,1986-12-01,3,101062,,Mats Wilander
2298951,1986-12-01,4,101222,,Stefan Edberg
2298952,1986-12-01,5,100676,,Yannick Noah
2300072,1986-12-08,1,100656,,Ivan Lendl
2300073,1986-12-08,2,101414,,Boris Becker
2300074,1986-12-08,3,101062,,Mats Wilander
2300075,1986-12-08,4,100676,,Yannick Noah
2300076,1986-12-08,5,101222,,Stefan Edberg
2301193,1986-12-29,1,100656,,Ivan Lendl
2301194,1986-12-29,2,101414,,Boris Becker
2301195,1986-12-29,3,101062,,Mats Wilander
2301196,1986-12-29,4,100676,,Yannick Noah
2301197,1986-12-29,5,101222,,Stefan Edberg
2302326,1987-01-05,1,100656,,Ivan Lendl
2302327,1987-01-05,2,101414,,Boris Becker
2302328,1987-01-05,3,101062,,Mats Wilander
2302329,1987-01-05,4,100676,,Yannick Noah
2302330,1987-01-05,5,101222,,Stefan Edberg
2303459,1987-01-12,1,100656,,Ivan Lendl
2303460,1987-01-12,2,101414,,Boris Becker
2303461,1987-01-12,3,101062,,Mats Wilander
2303462,1987-01-12,4,100676,,Yannick Noah
2303463,1987-01-12,5,101222,,Stefan Edberg
2304592,1987-01-26,1,100656,,Ivan Lendl
2304593,1987-01-26,2,101414,,Boris Becker
2304594,1987-01-26,3,101222,,Stefan Edberg
2304595,1987-01-26,4,101062,,Mats Wilander
2304596,1987-01-26,5,100676,,Yannick Noah
2305724,1987-02-02,1,100656,,Ivan Lendl
2305725,1987-02-02,2,101222,,Stefan Edberg
2305726,1987-02-02,3,101414,,Boris Becker
2305727,1987-02-02,4,101062,,Mats Wilander
2305728,1987-02-02,5,100676,,Yannick Noah
2306853,1987-02-09,1,100656,,Ivan Lendl
2306854,1987-02-09,2,101222,,Stefan Edberg
2306855,1987-02-09,3,101414,,Boris Becker
2306856,1987-02-09,4,100676,,Yannick Noah
2306857,1987-02-09,5,101062,,Mats Wilander
2307990,1987-02-16,1,100656,,Ivan Lendl
2307991,1987-02-16,2,101222,,Stefan Edberg
2307992,1987-02-16,3,101414,,Boris Becker
2307993,1987-02-16,4,100676,,Yannick Noah
2307994,1987-02-16,5,101062,,Mats Wilander
2309127,1987-02-23,1,100656,,Ivan Lendl
2309128,1987-02-23,2,101414,,Boris Becker
2309129,1987-02-23,3,101222,,Stefan Edberg
2309130,1987-02-23,4,100676,,Yannick Noah
2309131,1987-02-23,5,101062,,Mats Wilander
2310262,1987-03-09,1,100656,,Ivan Lendl
2310263,1987-03-09,2,101414,,Boris Becker
2310264,1987-03-09,3,101222,,Stefan Edberg
2310265,1987-03-09,4,100676,,Yannick Noah
2310266,1987-03-09,5,101062,,Mats Wilander
2311383,1987-03-23,1,100656,,Ivan Lendl
2311384,1987-03-23,2,101414,,Boris Becker
2311385,1987-03-23,3,101222,,Stefan Edberg
2311386,1987-03-23,4,100676,,Yannick Noah
2311387,1987-03-23,5,101036,,Miloslav Mecir
2312500,1987-03-30,1,100656,,Ivan Lendl
2312501,1987-03-30,2,101414,,Boris Becker
2312502,1987-03-30,3,101222,,Stefan Edberg
2312503,1987-03-30,4,100676,,Yannick Noah
2312504,1987-03-30,5,101062,,Mats Wilander
2313623,1987-04-06,1,100656,,Ivan Lendl
2313624,1987-04-06,2,101414,,Boris Becker
2313625,1987-04-06,3,101222,,Stefan Edberg
2313626,1987-04-06,4,100676,,Yannick Noah
2313627,1987-04-06,5,101036,,Miloslav Mecir
2314753,1987-04-13,1,100656,,Ivan Lendl
2314754,1987-04-13,2,101414,,Boris Becker
2314755,1987-04-13,3,101222,,Stefan Edberg
2314756,1987-04-13,4,100676,,Yannick Noah
2314757,1987-04-13,5,101036,,Miloslav Mecir
2315885,1987-04-20,1,100656,,Ivan Lendl
2315886,1987-04-20,2,101414,,Boris Becker
2315887,1987-04-20,3,101222,,Stefan Edberg
2315888,1987-04-20,4,100676,,Yannick Noah
2315889,1987-04-20,5,101062,,Mats Wilander
2317019,1987-04-27,1,100656,,Ivan Lendl
2317020,1987-04-27,2,101414,,Boris Becker
2317021,1987-04-27,3,101222,,Stefan Edberg
2317022,1987-04-27,4,101062,,Mats Wilander
2317023,1987-04-27,5,101036,,Miloslav Mecir
2318167,1987-05-04,1,100656,,Ivan Lendl
2318168,1987-05-04,2,101414,,Boris Becker
2318169,1987-05-04,3,101222,,Stefan Edberg
2318170,1987-05-04,4,101062,,Mats Wilander
2318171,1987-05-04,5,101036,,Miloslav Mecir
2319315,1987-05-11,1,100656,,Ivan Lendl
2319316,1987-05-11,2,101414,,Boris Becker
2319317,1987-05-11,3,101222,,Stefan Edberg
2319318,1987-05-11,4,101062,,Mats Wilander
2319319,1987-05-11,5,101036,,Miloslav Mecir
2320461,1987-05-18,1,100656,,Ivan Lendl
2320462,1987-05-18,2,101414,,Boris Becker
2320463,1987-05-18,3,101222,,Stefan Edberg
2320464,1987-05-18,4,101062,,Mats Wilander
2320465,1987-05-18,5,101036,,Miloslav Mecir
2321614,1987-05-25,1,100656,,Ivan Lendl
2321615,1987-05-25,2,101414,,Boris Becker
2321616,1987-05-25,3,101222,,Stefan Edberg
2321617,1987-05-25,4,101062,,Mats Wilander
2321618,1987-05-25,5,101036,,Miloslav Mecir
2322757,1987-06-08,1,100656,,Ivan Lendl
2322758,1987-06-08,2,101414,,Boris Becker
2322759,1987-06-08,3,101062,,Mats Wilander
2322760,1987-06-08,4,101222,,Stefan Edberg
2322761,1987-06-08,5,101036,,Miloslav Mecir
2323914,1987-06-15,1,100656,,Ivan Lendl
2323915,1987-06-15,2,101414,,Boris Becker
2323916,1987-06-15,3,101062,,Mats Wilander
2323917,1987-06-15,4,101222,,Stefan Edberg
2323918,1987-06-15,5,101036,,Miloslav Mecir
2325072,1987-06-22,1,100656,,Ivan Lendl
2325073,1987-06-22,2,101414,,Boris Becker
2325074,1987-06-22,3,101062,,Mats Wilander
2325075,1987-06-22,4,101222,,Stefan Edberg
2325076,1987-06-22,5,101036,,Miloslav Mecir
2326231,1987-07-06,1,100656,,Ivan Lendl
2326232,1987-07-06,2,101062,,Mats Wilander
2326233,1987-07-06,3,101222,,Stefan Edberg
2326234,1987-07-06,4,101414,,Boris Becker
2326235,1987-07-06,5,101036,,Miloslav Mecir
2327374,1987-07-13,1,100656,,Ivan Lendl
2327375,1987-07-13,2,101062,,Mats Wilander
2327376,1987-07-13,3,101222,,Stefan Edberg
2327377,1987-07-13,4,101414,,Boris Becker
2327378,1987-07-13,5,101036,,Miloslav Mecir
2328536,1987-07-20,1,100656,,Ivan Lendl
2328537,1987-07-20,2,101062,,Mats Wilander
2328538,1987-07-20,3,101222,,Stefan Edberg
2328539,1987-07-20,4,101414,,Boris Becker
2328540,1987-07-20,5,101036,,Miloslav Mecir
2329702,1987-07-27,1,100656,,Ivan Lendl
2329703,1987-07-27,2,101062,,Mats Wilander
2329704,1987-07-27,3,101222,,Stefan Edberg
2329705,1987-07-27,4,101414,,Boris Becker
2329706,1987-07-27,5,101036,,Miloslav Mecir
2330819,1987-08-03,1,100656,,Ivan Lendl
2330820,1987-08-03,2,101062,,Mats Wilander
2330821,1987-08-03,3,101222,,Stefan Edberg
2330822,1987-08-03,4,101414,,Boris Becker
2330823,1987-08-03,5,101036,,Miloslav Mecir
2331926,1987-08-10,1,100656,,Ivan Lendl
2331927,1987-08-10,2,101062,,Mats Wilander
2331928,1987-08-10,3,101222,,Stefan Edberg
2331929,1987-08-10,4,101414,,Boris Becker
2331930,1987-08-10,5,101036,,Miloslav Mecir
2333040,1987-08-17,1,100656,,Ivan Lendl
2333041,1987-08-17,2,101062,,Mats Wilander
2333042,1987-08-17,3,101222,,Stefan Edberg
2333043,1987-08-17,4,101414,,Boris Becker
2333044,1987-08-17,5,101036,,Miloslav Mecir
2334154,1987-08-24,1,100656,,Ivan Lendl
2334155,1987-08-24,2,101222,,Stefan Edberg
2334156,1987-08-24,3,101062,,Mats Wilander
2334157,1987-08-24,4,101414,,Boris Becker
2334158,1987-08-24,5,101036,,Miloslav Mecir
2335277,1987-08-31,1,100656,,Ivan Lendl
2335278,1987-08-31,2,101222,,Stefan Edberg
2335279,1987-08-31,3,101062,,Mats Wilander
2335280,1987-08-31,4,101414,,Boris Becker
2335281,1987-08-31,5,101036,,Miloslav Mecir
2336416,1987-09-14,1,100656,,Ivan Lendl
2336417,1987-09-14,2,101062,,Mats Wilander
2336418,1987-09-14,3,101222,,Stefan Edberg
2336419,1987-09-14,4,101414,,Boris Becker
2336420,1987-09-14,5,100284,,Jimmy Connors
2337561,1987-09-21,1,100656,,Ivan Lendl
2337562,1987-09-21,2,101222,,Stefan Edberg
2337563,1987-09-21,3,101062,,Mats Wilander
2337564,1987-09-21,4,101414,,Boris Becker
2337565,1987-09-21,5,100284,,Jimmy Connors
2338697,1987-09-28,1,100656,,Ivan Lendl
2338698,1987-09-28,2,101222,,Stefan Edberg
2338699,1987-09-28,3,101062,,Mats Wilander
2338700,1987-09-28,4,101414,,Boris Becker
2338701,1987-09-28,5,100284,,Jimmy Connors
2339825,1987-10-05,1,100656,,Ivan Lendl
2339826,1987-10-05,2,101222,,Stefan Edberg
2339827,1987-10-05,3,101062,,Mats Wilander
2339828,1987-10-05,4,101414,,Boris Becker
2339829,1987-10-05,5,100284,,Jimmy Connors
2340981,1987-10-12,1,100656,,Ivan Lendl
2340982,1987-10-12,2,101222,,Stefan Edberg
2340983,1987-10-12,3,101062,,Mats Wilander
2340984,1987-10-12,4,101414,,Boris Becker
2340985,1987-10-12,5,101036,,Miloslav Mecir
2342134,1987-10-19,1,100656,,Ivan Lendl
2342135,1987-10-19,2,101222,,Stefan Edberg
2342136,1987-10-19,3,101062,,Mats Wilander
2342137,1987-10-19,4,101414,,Boris Becker
2342138,1987-10-19,5,100284,,Jimmy Connors
2343275,1987-10-26,1,100656,,Ivan Lendl
2343276,1987-10-26,2,101222,,Stefan Edberg
2343277,1987-10-26,3,101062,,Mats Wilander
2343278,1987-10-26,4,101414,,Boris Becker
2343279,1987-10-26,5,101036,,Miloslav Mecir
2344426,1987-11-02,1,100656,,Ivan Lendl
2344427,1987-11-02,2,101222,,Stefan Edberg
2344428,1987-11-02,3,101062,,Mats Wilander
2344429,1987-11-02,4,101414,,Boris Becker
2344430,1987-11-02,5,101036,,Miloslav Mecir
2345573,1987-11-09,1,100656,,Ivan Lendl
2345574,1987-11-09,2,101222,,Stefan Edberg
2345575,1987-11-09,3,101062,,Mats Wilander
2345576,1987-11-09,4,101414,,Boris Becker
2345577,1987-11-09,5,100284,,Jimmy Connors
2346739,1987-11-16,1,100656,,Ivan Lendl
2346740,1987-11-16,2,101222,,Stefan Edberg
2346741,1987-11-16,3,101062,,Mats Wilander
2346742,1987-11-16,4,101414,,Boris Becker
2346743,1987-11-16,5,101036,,Miloslav Mecir
2347906,1987-11-23,1,100656,,Ivan Lendl
2347907,1987-11-23,2,101222,,Stefan Edberg
2347908,1987-11-23,3,101062,,Mats Wilander
2347909,1987-11-23,4,100284,,Jimmy Connors
2347910,1987-11-23,5,101414,,Boris Becker
2349062,1987-11-30,1,100656,,Ivan Lendl
2349063,1987-11-30,2,101222,,Stefan Edberg
2349064,1987-11-30,3,101062,,Mats Wilander
2349065,1987-11-30,4,100284,,Jimmy Connors
2349066,1987-11-30,5,101414,,Boris Becker
2350227,1987-12-28,1,100656,,Ivan Lendl
2350228,1987-12-28,2,101222,,Stefan Edberg
2350229,1987-12-28,3,101062,,Mats Wilander
2350230,1987-12-28,4,100284,,Jimmy Connors
2350231,1987-12-28,5,101414,,Boris Becker
2351384,1988-01-04,1,100656,,Ivan Lendl
2351385,1988-01-04,2,101222,,Stefan Edberg
2351386,1988-01-04,3,101062,,Mats Wilander
2351387,1988-01-04,4,100284,,Jimmy Connors
2351388,1988-01-04,5,101414,,Boris Becker
2352541,1988-01-11,1,100656,,Ivan Lendl
2352542,1988-01-11,2,101222,,Stefan Edberg
2352543,1988-01-11,3,101062,,Mats Wilander
2352544,1988-01-11,4,100284,,Jimmy Connors
2352545,1988-01-11,5,101414,,Boris Becker
2353698,1988-01-25,1,100656,,Ivan Lendl
2353699,1988-01-25,2,101222,,Stefan Edberg
2353700,1988-01-25,3,101062,,Mats Wilander
2353701,1988-01-25,4,101414,,Boris Becker
2353702,1988-01-25,5,100284,,Jimmy Connors
2354854,1988-02-01,1,100656,,Ivan Lendl
2354855,1988-02-01,2,101222,,Stefan Edberg
2354856,1988-02-01,3,101062,,Mats Wilander
2354857,1988-02-01,4,101414,,Boris Becker
2354858,1988-02-01,5,100284,,Jimmy Connors
2356010,1988-02-15,1,100656,,Ivan Lendl
2356011,1988-02-15,2,101062,,Mats Wilander
2356012,1988-02-15,3,101222,,Stefan Edberg
2356013,1988-02-15,4,101414,,Boris Becker
2356014,1988-02-15,5,101036,,Miloslav Mecir
2357153,1988-02-22,1,100656,,Ivan Lendl
2357154,1988-02-22,2,101062,,Mats Wilander
2357155,1988-02-22,3,101222,,Stefan Edberg
2357156,1988-02-22,4,101036,,Miloslav Mecir
2357157,1988-02-22,5,100284,,Jimmy Connors
2358297,1988-02-29,1,100656,,Ivan Lendl
2358298,1988-02-29,2,101062,,Mats Wilander
2358299,1988-02-29,3,101222,,Stefan Edberg
2358300,1988-02-29,4,101036,,Miloslav Mecir
2358301,1988-02-29,5,100284,,Jimmy Connors
2359452,1988-03-07,1,100656,,Ivan Lendl
2359453,1988-03-07,2,101062,,Mats Wilander
2359454,1988-03-07,3,101222,,Stefan Edberg
2359455,1988-03-07,4,101414,,Boris Becker
2359456,1988-03-07,5,100284,,Jimmy Connors
2360602,1988-03-14,1,100656,,Ivan Lendl
2360603,1988-03-14,2,101062,,Mats Wilander
2360604,1988-03-14,3,101222,,Stefan Edberg
2360605,1988-03-14,4,101414,,Boris Becker
2360606,1988-03-14,5,101138,,Pat Cash
2361756,1988-03-28,1,100656,,Ivan Lendl
2361757,1988-03-28,2,101062,,Mats Wilander
2361758,1988-03-28,3,101222,,Stefan Edberg
2361759,1988-03-28,4,101414,,Boris Becker
2361760,1988-03-28,5,100284,,Jimmy Connors
2362922,1988-04-18,1,100656,,Ivan Lendl
2362923,1988-04-18,2,101062,,Mats Wilander
2362924,1988-04-18,3,101222,,Stefan Edberg
2362925,1988-04-18,4,100284,,Jimmy Connors
2362926,1988-04-18,5,101138,,Pat Cash
2364087,1988-04-25,1,100656,,Ivan Lendl
2364088,1988-04-25,2,101062,,Mats Wilander
2364089,1988-04-25,3,101222,,Stefan Edberg
2364090,1988-04-25,4,100284,,Jimmy Connors
2364091,1988-04-25,5,101138,,Pat Cash
2365250,1988-05-02,1,100656,,Ivan Lendl
2365251,1988-05-02,2,101062,,Mats Wilander
2365252,1988-05-02,3,101222,,Stefan Edberg
2365253,1988-05-02,4,100284,,Jimmy Connors
2365254,1988-05-02,5,101138,,Pat Cash
2366409,1988-05-09,1,100656,,Ivan Lendl
2366410,1988-05-09,2,101062,,Mats Wilander
2366411,1988-05-09,3,101222,,Stefan Edberg
2366412,1988-05-09,4,101138,,Pat Cash
2366413,1988-05-09,5,100284,,Jimmy Connors
2367578,1988-05-16,1,100656,,Ivan Lendl
2367579,1988-05-16,2,101222,,Stefan Edberg
2367580,1988-05-16,3,101062,,Mats Wilander
2367581,1988-05-16,4,101138,,Pat Cash
2367582,1988-05-16,5,100284,,Jimmy Connors
2368756,1988-05-23,1,100656,,Ivan Lendl
2368757,1988-05-23,2,101222,,Stefan Edberg
2368758,1988-05-23,3,101062,,Mats Wilander
2368759,1988-05-23,4,101138,,Pat Cash
2368760,1988-05-23,5,100284,,Jimmy Connors
2369931,1988-06-06,1,100656,,Ivan Lendl
2369932,1988-06-06,2,101062,,Mats Wilander
2369933,1988-06-06,3,101222,,Stefan Edberg
2369934,1988-06-06,4,101138,,Pat Cash
2369935,1988-06-06,5,100284,,Jimmy Connors
2371121,1988-06-13,1,100656,,Ivan Lendl
2371122,1988-06-13,2,101062,,Mats Wilander
2371123,1988-06-13,3,101222,,Stefan Edberg
2371124,1988-06-13,4,101138,,Pat Cash
2371125,1988-06-13,5,100284,,Jimmy Connors
2372314,1988-06-20,1,100656,,Ivan Lendl
2372315,1988-06-20,2,101062,,Mats Wilander
2372316,1988-06-20,3,101222,,Stefan Edberg
2372317,1988-06-20,4,101138,,Pat Cash
2372318,1988-06-20,5,100284,,Jimmy Connors
2373515,1988-07-04,1,100656,,Ivan Lendl
2373516,1988-07-04,2,101222,,Stefan Edberg
2373517,1988-07-04,3,101062,,Mats Wilander
2373518,1988-07-04,4,101414,,Boris Becker
2373519,1988-07-04,5,101036,,Miloslav Mecir
2374712,1988-07-11,1,100656,,Ivan Lendl
2374713,1988-07-11,2,101222,,Stefan Edberg
2374714,1988-07-11,3,101062,,Mats Wilander
2374715,1988-07-11,4,101414,,Boris Becker
2374716,1988-07-11,5,101036,,Miloslav Mecir
2375897,1988-07-18,1,100656,,Ivan Lendl
2375898,1988-07-18,2,101222,,Stefan Edberg
2375899,1988-07-18,3,101062,,Mats Wilander
2375900,1988-07-18,4,101414,,Boris Becker
2375901,1988-07-18,5,101736,,Andre Agassi
2377090,1988-07-25,1,100656,,Ivan Lendl
2377091,1988-07-25,2,101222,,Stefan Edberg
2377092,1988-07-25,3,101062,,Mats Wilander
2377093,1988-07-25,4,101414,,Boris Becker
2377094,1988-07-25,5,101736,,Andre Agassi
2378281,1988-08-01,1,100656,,Ivan Lendl
2378282,1988-08-01,2,101222,,Stefan Edberg
2378283,1988-08-01,3,101062,,Mats Wilander
2378284,1988-08-01,4,101736,,Andre Agassi
2378285,1988-08-01,5,101414,,Boris Becker
2379488,1988-08-08,1,100656,,Ivan Lendl
2379489,1988-08-08,2,101222,,Stefan Edberg
2379490,1988-08-08,3,101062,,Mats Wilander
2379491,1988-08-08,4,101736,,Andre Agassi
2379492,1988-08-08,5,101414,,Boris Becker
2380693,1988-08-15,1,100656,,Ivan Lendl
2380694,1988-08-15,2,101062,,Mats Wilander
2380695,1988-08-15,3,101222,,Stefan Edberg
2380696,1988-08-15,4,101736,,Andre Agassi
2380697,1988-08-15,5,101414,,Boris Becker
2381883,1988-08-22,1,100656,,Ivan Lendl
2381884,1988-08-22,2,101062,,Mats Wilander
2381885,1988-08-22,3,101222,,Stefan Edberg
2381886,1988-08-22,4,101736,,Andre Agassi
2381887,1988-08-22,5,101414,,Boris Becker
2383073,1988-08-29,1,100656,,Ivan Lendl
2383074,1988-08-29,2,101062,,Mats Wilander
2383075,1988-08-29,3,101222,,Stefan Edberg
2383076,1988-08-29,4,101736,,Andre Agassi
2383077,1988-08-29,5,101414,,Boris Becker
2384265,1988-09-12,1,101062,,Mats Wilander
2384266,1988-09-12,2,100656,,Ivan Lendl
2384267,1988-09-12,3,101222,,Stefan Edberg
2384268,1988-09-12,4,101736,,Andre Agassi
2384269,1988-09-12,5,101414,,Boris Becker
2385467,1988-09-19,1,101062,,Mats Wilander
2385468,1988-09-19,2,100656,,Ivan Lendl
2385469,1988-09-19,3,101222,,Stefan Edberg
2385470,1988-09-19,4,101736,,Andre Agassi
2385471,1988-09-19,5,101414,,Boris Becker
2386674,1988-09-26,1,101062,,Mats Wilander
2386675,1988-09-26,2,100656,,Ivan Lendl
2386676,1988-09-26,3,101222,,Stefan Edberg
2386677,1988-09-26,4,101736,,Andre Agassi
2386678,1988-09-26,5,101414,,Boris Becker
2387903,1988-10-03,1,101062,,Mats Wilander
2387904,1988-10-03,2,100656,,Ivan Lendl
2387905,1988-10-03,3,101222,,Stefan Edberg
2387906,1988-10-03,4,101736,,Andre Agassi
2387907,1988-10-03,5,101414,,Boris Becker
2389115,1988-10-10,1,101062,,Mats Wilander
2389116,1988-10-10,2,100656,,Ivan Lendl
2389117,1988-10-10,3,101222,,Stefan Edberg
2389118,1988-10-10,4,101736,,Andre Agassi
2389119,1988-10-10,5,101414,,Boris Becker
2390326,1988-10-17,1,101062,,Mats Wilander
2390327,1988-10-17,2,100656,,Ivan Lendl
2390328,1988-10-17,3,101222,,Stefan Edberg
2390329,1988-10-17,4,101736,,Andre Agassi
2390330,1988-10-17,5,101414,,Boris Becker
2391534,1988-10-24,1,101062,,Mats Wilander
2391535,1988-10-24,2,100656,,Ivan Lendl
2391536,1988-10-24,3,101222,,Stefan Edberg
2391537,1988-10-24,4,101736,,Andre Agassi
2391538,1988-10-24,5,101414,,Boris Becker
2392744,1988-10-31,1,101062,,Mats Wilander
2392745,1988-10-31,2,100656,,Ivan Lendl
2392746,1988-10-31,3,101222,,Stefan Edberg
2392747,1988-10-31,4,101736,,Andre Agassi
2392748,1988-10-31,5,101414,,Boris Becker
2393955,1988-11-07,1,101062,,Mats Wilander
2393956,1988-11-07,2,100656,,Ivan Lendl
2393957,1988-11-07,3,101736,,Andre Agassi
2393958,1988-11-07,4,101414,,Boris Becker
2393959,1988-11-07,5,101222,,Stefan Edberg
2395149,1988-11-14,1,101062,,Mats Wilander
2395150,1988-11-14,2,100656,,Ivan Lendl
2395151,1988-11-14,3,101736,,Andre Agassi
2395152,1988-11-14,4,101414,,Boris Becker
2395153,1988-11-14,5,101222,,Stefan Edberg
2396364,1988-11-21,1,101062,,Mats Wilander
2396365,1988-11-21,2,100656,,Ivan Lendl
2396366,1988-11-21,3,101736,,Andre Agassi
2396367,1988-11-21,4,101414,,Boris Becker
2396368,1988-11-21,5,101222,,Stefan Edberg
2397597,1988-11-28,1,101062,,Mats Wilander
2397598,1988-11-28,2,100656,,Ivan Lendl
2397599,1988-11-28,3,101736,,Andre Agassi
2397600,1988-11-28,4,101414,,Boris Becker
2397601,1988-11-28,5,101222,,Stefan Edberg
2398819,1988-12-12,1,101062,,Mats Wilander
2398820,1988-12-12,2,100656,,Ivan Lendl
2398821,1988-12-12,3,101736,,Andre Agassi
2398822,1988-12-12,4,101414,,Boris Becker
2398823,1988-12-12,5,101222,,Stefan Edberg
2400061,1988-12-19,1,101062,,Mats Wilander
2400062,1988-12-19,2,100656,,Ivan Lendl
2400063,1988-12-19,3,101736,,Andre Agassi
2400064,1988-12-19,4,101414,,Boris Becker
2400065,1988-12-19,5,101222,,Stefan Edberg
2401308,1989-01-09,1,101062,,Mats Wilander
2401309,1989-01-09,2,100656,,Ivan Lendl
2401310,1989-01-09,3,101736,,Andre Agassi
2401311,1989-01-09,4,101414,,Boris Becker
2401312,1989-01-09,5,101222,,Stefan Edberg
2402558,1989-01-16,1,101062,,Mats Wilander
2402559,1989-01-16,2,100656,,Ivan Lendl
2402560,1989-01-16,3,101736,,Andre Agassi
2402561,1989-01-16,4,101414,,Boris Becker
2402562,1989-01-16,5,101222,,Stefan Edberg
2403807,1989-01-30,1,100656,,Ivan Lendl
2403808,1989-01-30,2,101062,,Mats Wilander
2403809,1989-01-30,3,101736,,Andre Agassi
2403810,1989-01-30,4,101222,,Stefan Edberg
2403811,1989-01-30,5,101414,,Boris Becker
2405056,1989-02-13,1,100656,,Ivan Lendl
2405057,1989-02-13,2,101062,,Mats Wilander
2405058,1989-02-13,3,101736,,Andre Agassi
2405059,1989-02-13,4,101414,,Boris Becker
2405060,1989-02-13,5,101222,,Stefan Edberg
2406308,1989-02-20,1,100656,,Ivan Lendl
2406309,1989-02-20,2,101062,,Mats Wilander
2406310,1989-02-20,3,101414,,Boris Becker
2406311,1989-02-20,4,101736,,Andre Agassi
2406312,1989-02-20,5,101222,,Stefan Edberg
2407560,1989-02-27,1,100656,,Ivan Lendl
2407561,1989-02-27,2,101062,,Mats Wilander
2407562,1989-02-27,3,101414,,Boris Becker
2407563,1989-02-27,4,101736,,Andre Agassi
2407564,1989-02-27,5,101222,,Stefan Edberg
2408811,1989-03-06,1,100656,,Ivan Lendl
2408812,1989-03-06,2,101062,,Mats Wilander
2408813,1989-03-06,3,101414,,Boris Becker
2408814,1989-03-06,4,101222,,Stefan Edberg
2408815,1989-03-06,5,101736,,Andre Agassi
2410070,1989-03-13,1,100656,,Ivan Lendl
2410071,1989-03-13,2,101062,,Mats Wilander
2410072,1989-03-13,3,101414,,Boris Becker
2410073,1989-03-13,4,101736,,Andre Agassi
2410074,1989-03-13,5,101222,,Stefan Edberg
2411329,1989-03-20,1,100656,,Ivan Lendl
2411330,1989-03-20,2,101062,,Mats Wilander
2411331,1989-03-20,3,101222,,Stefan Edberg
2411332,1989-03-20,4,101736,,Andre Agassi
2411333,1989-03-20,5,101414,,Boris Becker
2412589,1989-04-03,1,100656,,Ivan Lendl
2412590,1989-04-03,2,101062,,Mats Wilander
2412591,1989-04-03,3,101222,,Stefan Edberg
2412592,1989-04-03,4,101414,,Boris Becker
2412593,1989-04-03,5,101736,,Andre Agassi
2413843,1989-04-17,1,100656,,Ivan Lendl
2413844,1989-04-17,2,101062,,Mats Wilander
2413845,1989-04-17,3,101414,,Boris Becker
2413846,1989-04-17,4,101736,,Andre Agassi
2413847,1989-04-17,5,101222,,Stefan Edberg
2415090,1989-04-24,1,100656,,Ivan Lendl
2415091,1989-04-24,2,101062,,Mats Wilander
2415092,1989-04-24,3,101414,,Boris Becker
2415093,1989-04-24,4,101222,,Stefan Edberg
2415094,1989-04-24,5,101736,,Andre Agassi
2416343,1989-05-01,1,100656,,Ivan Lendl
2416344,1989-05-01,2,101062,,Mats Wilander
2416345,1989-05-01,3,101414,,Boris Becker
2416346,1989-05-01,4,101222,,Stefan Edberg
2416347,1989-05-01,5,101736,,Andre Agassi
2417597,1989-05-08,1,100656,,Ivan Lendl
2417598,1989-05-08,2,101414,,Boris Becker
2417599,1989-05-08,3,101222,,Stefan Edberg
2417600,1989-05-08,4,101062,,Mats Wilander
2417601,1989-05-08,5,101736,,Andre Agassi
2418848,1989-05-15,1,100656,,Ivan Lendl
2418849,1989-05-15,2,101414,,Boris Becker
2418850,1989-05-15,3,101062,,Mats Wilander
2418851,1989-05-15,4,101222,,Stefan Edberg
2418852,1989-05-15,5,101736,,Andre Agassi
2420088,1989-05-22,1,100656,,Ivan Lendl
2420089,1989-05-22,2,101414,,Boris Becker
2420090,1989-05-22,3,101222,,Stefan Edberg
2420091,1989-05-22,4,101062,,Mats Wilander
2420092,1989-05-22,5,101736,,Andre Agassi
2421333,1989-05-29,1,100656,,Ivan Lendl
2421334,1989-05-29,2,101414,,Boris Becker
2421335,1989-05-29,3,101222,,Stefan Edberg
2421336,1989-05-29,4,101062,,Mats Wilander
2421337,1989-05-29,5,101736,,Andre Agassi
2422595,1989-06-12,1,100656,,Ivan Lendl
2422596,1989-06-12,2,101414,,Boris Becker
2422597,1989-06-12,3,101222,,Stefan Edberg
2422598,1989-06-12,4,101736,,Andre Agassi
2422599,1989-06-12,5,101062,,Mats Wilander
2423848,1989-06-19,1,100656,,Ivan Lendl
2423849,1989-06-19,2,101414,,Boris Becker
2423850,1989-06-19,3,101222,,Stefan Edberg
2423851,1989-06-19,4,101736,,Andre Agassi
2423852,1989-06-19,5,101062,,Mats Wilander
2425100,1989-06-26,1,100656,,Ivan Lendl
2425101,1989-06-26,2,101414,,Boris Becker
2425102,1989-06-26,3,101222,,Stefan Edberg
2425103,1989-06-26,4,101736,,Andre Agassi
2425104,1989-06-26,5,101062,,Mats Wilander
2426352,1989-07-10,1,100656,,Ivan Lendl
2426353,1989-07-10,2,101414,,Boris Becker
2426354,1989-07-10,3,101222,,Stefan Edberg
2426355,1989-07-10,4,101736,,Andre Agassi
2426356,1989-07-10,5,100581,,John McEnroe
2427608,1989-07-17,1,100656,,Ivan Lendl
2427609,1989-07-17,2,101414,,Boris Becker
2427610,1989-07-17,3,101222,,Stefan Edberg
2427611,1989-07-17,4,101062,,Mats Wilander
2427612,1989-07-17,5,100581,,John McEnroe
2428878,1989-07-24,1,100656,,Ivan Lendl
2428879,1989-07-24,2,101414,,Boris Becker
2428880,1989-07-24,3,101222,,Stefan Edberg
2428881,1989-07-24,4,101062,,Mats Wilander
2428882,1989-07-24,5,100581,,John McEnroe
2430146,1989-07-31,1,100656,,Ivan Lendl
2430147,1989-07-31,2,101414,,Boris Becker
2430148,1989-07-31,3,101222,,Stefan Edberg
2430149,1989-07-31,4,101062,,Mats Wilander
2430150,1989-07-31,5,100581,,John McEnroe
2431423,1989-08-07,1,100656,,Ivan Lendl
2431424,1989-08-07,2,101414,,Boris Becker
2431425,1989-08-07,3,101222,,Stefan Edberg
2431426,1989-08-07,4,101062,,Mats Wilander
2431427,1989-08-07,5,102021,,Michael Chang
2432704,1989-08-14,1,100656,,Ivan Lendl
2432705,1989-08-14,2,101414,,Boris Becker
2432706,1989-08-14,3,101222,,Stefan Edberg
2432707,1989-08-14,4,101062,,Mats Wilander
2432708,1989-08-14,5,100581,,John McEnroe
2433998,1989-08-21,1,100656,,Ivan Lendl
2433999,1989-08-21,2,101414,,Boris Becker
2434000,1989-08-21,3,101222,,Stefan Edberg
2434001,1989-08-21,4,100581,,John McEnroe
2434002,1989-08-21,5,101062,,Mats Wilander
2435288,1989-08-28,1,100656,,Ivan Lendl
2435289,1989-08-28,2,101414,,Boris Becker
2435290,1989-08-28,3,101222,,Stefan Edberg
2435291,1989-08-28,4,100581,,John McEnroe
2435292,1989-08-28,5,101062,,Mats Wilander
2436582,1989-09-11,1,100656,,Ivan Lendl
2436583,1989-09-11,2,101414,,Boris Becker
2436584,1989-09-11,3,101222,,Stefan Edberg
2436585,1989-09-11,4,100581,,John McEnroe
2436586,1989-09-11,5,101736,,Andre Agassi
2437875,1989-09-18,1,100656,,Ivan Lendl
2437876,1989-09-18,2,101414,,Boris Becker
2437877,1989-09-18,3,101222,,Stefan Edberg
2437878,1989-09-18,4,100581,,John McEnroe
2437879,1989-09-18,5,101736,,Andre Agassi
2439160,1989-09-25,1,100656,,Ivan Lendl
2439161,1989-09-25,2,101414,,Boris Becker
2439162,1989-09-25,3,101222,,Stefan Edberg
2439163,1989-09-25,4,100581,,John McEnroe
2439164,1989-09-25,5,102021,,Michael Chang
2440427,1989-10-02,1,100656,,Ivan Lendl
2440428,1989-10-02,2,101414,,Boris Becker
2440429,1989-10-02,3,101222,,Stefan Edberg
2440430,1989-10-02,4,100581,,John McEnroe
2440431,1989-10-02,5,100763,,Brad Gilbert
2441699,1989-10-09,1,100656,,Ivan Lendl
2441700,1989-10-09,2,101414,,Boris Becker
2441701,1989-10-09,3,101222,,Stefan Edberg
2441702,1989-10-09,4,100581,,John McEnroe
2441703,1989-10-09,5,101736,,Andre Agassi
2442979,1989-10-16,1,100656,,Ivan Lendl
2442980,1989-10-16,2,101414,,Boris Becker
2442981,1989-10-16,3,101222,,Stefan Edberg
2442982,1989-10-16,4,100581,,John McEnroe
2442983,1989-10-16,5,101736,,Andre Agassi
2444273,1989-10-23,1,100656,,Ivan Lendl
2444274,1989-10-23,2,101414,,Boris Becker
2444275,1989-10-23,3,101222,,Stefan Edberg
2444276,1989-10-23,4,100581,,John McEnroe
2444277,1989-10-23,5,100763,,Brad Gilbert
2445562,1989-10-30,1,100656,,Ivan Lendl
2445563,1989-10-30,2,101414,,Boris Becker
2445564,1989-10-30,3,101222,,Stefan Edberg
2445565,1989-10-30,4,100581,,John McEnroe
2445566,1989-10-30,5,102021,,Michael Chang
2446867,1989-11-06,1,100656,,Ivan Lendl
2446868,1989-11-06,2,101414,,Boris Becker
2446869,1989-11-06,3,101222,,Stefan Edberg
2446870,1989-11-06,4,100581,,John McEnroe
2446871,1989-11-06,5,101736,,Andre Agassi
2448188,1989-11-13,1,100656,,Ivan Lendl
2448189,1989-11-13,2,101414,,Boris Becker
2448190,1989-11-13,3,101222,,Stefan Edberg
2448191,1989-11-13,4,100581,,John McEnroe
2448192,1989-11-13,5,102021,,Michael Chang
2449505,1989-11-20,1,100656,,Ivan Lendl
2449506,1989-11-20,2,101414,,Boris Becker
2449507,1989-11-20,3,101222,,Stefan Edberg
2449508,1989-11-20,4,100581,,John McEnroe
2449509,1989-11-20,5,102021,,Michael Chang
2450810,1989-11-27,1,100656,,Ivan Lendl
2450811,1989-11-27,2,101414,,Boris Becker
2450812,1989-11-27,3,101222,,Stefan Edberg
2450813,1989-11-27,4,100581,,John McEnroe
2450814,1989-11-27,5,102021,,Michael Chang
2452116,1989-12-04,1,100656,,Ivan Lendl
2452117,1989-12-04,2,101414,,Boris Becker
2452118,1989-12-04,3,101222,,Stefan Edberg
2452119,1989-12-04,4,100581,,John McEnroe
2452120,1989-12-04,5,102021,,Michael Chang
2453423,1989-12-11,1,100656,,Ivan Lendl
2453424,1989-12-11,2,101414,,Boris Becker
2453425,1989-12-11,3,101222,,Stefan Edberg
2453426,1989-12-11,4,100581,,John McEnroe
2453427,1989-12-11,5,102021,,Michael Chang
2454729,1989-12-18,1,100656,,Ivan Lendl
2454730,1989-12-18,2,101414,,Boris Becker
2454731,1989-12-18,3,101222,,Stefan Edberg
2454732,1989-12-18,4,100581,,John McEnroe
2454733,1989-12-18,5,102021,,Michael Chang
2456026,1984-01-09,1,100656,,Ivan Lendl
2456027,1984-01-09,2,100581,,John McEnroe
2456028,1984-01-09,3,100284,,Jimmy Connors
2456029,1984-01-09,4,101062,,Mats Wilander
2456030,1984-01-09,5,100676,,Yannick Noah
2456126,1984-01-16,1,100656,,Ivan Lendl
2456127,1984-01-16,2,100581,,John McEnroe
2456128,1984-01-16,3,100284,,Jimmy Connors
2456129,1984-01-16,4,101062,,Mats Wilander
2456130,1984-01-16,5,100676,,Yannick Noah
2456226,1984-01-30,1,100656,,Ivan Lendl
2456227,1984-01-30,2,100581,,John McEnroe
2456228,1984-01-30,3,100284,,Jimmy Connors
2456229,1984-01-30,4,101062,,Mats Wilander
2456230,1984-01-30,5,100676,,Yannick Noah
2456326,1984-02-06,1,100656,,Ivan Lendl
2456327,1984-02-06,2,100581,,John McEnroe
2456328,1984-02-06,3,100284,,Jimmy Connors
2456329,1984-02-06,4,101062,,Mats Wilander
2456330,1984-02-06,5,100676,,Yannick Noah
2456426,1984-02-13,1,100656,,Ivan Lendl
2456427,1984-02-13,2,100581,,John McEnroe
2456428,1984-02-13,3,100284,,Jimmy Connors
2456429,1984-02-13,4,101062,,Mats Wilander
2456430,1984-02-13,5,100676,,Yannick Noah
2456526,1984-02-20,1,100656,,Ivan Lendl
2456527,1984-02-20,2,100581,,John McEnroe
2456528,1984-02-20,3,101062,,Mats Wilander
2456529,1984-02-20,4,100284,,Jimmy Connors
2456530,1984-02-20,5,100676,,Yannick Noah
2456626,1984-03-05,1,100656,,Ivan Lendl
2456627,1984-03-05,2,100581,,John McEnroe
2456628,1984-03-05,3,101062,,Mats Wilander
2456629,1984-03-05,4,100284,,Jimmy Connors
2456630,1984-03-05,5,100676,,Yannick Noah
2456726,1984-03-12,1,100581,,John McEnroe
2456727,1984-03-12,2,100656,,Ivan Lendl
2456728,1984-03-12,3,100284,,Jimmy Connors
2456729,1984-03-12,4,101062,,Mats Wilander
2456730,1984-03-12,5,100676,,Yannick Noah
2456827,1984-03-19,1,100581,,John McEnroe
2456828,1984-03-19,2,100656,,Ivan Lendl
2456829,1984-03-19,3,100284,,Jimmy Connors
2456830,1984-03-19,4,101062,,Mats Wilander
2456831,1984-03-19,5,100676,,Yannick Noah
2456927,1984-03-26,1,100581,,John McEnroe
2456928,1984-03-26,2,100656,,Ivan Lendl
2456929,1984-03-26,3,100284,,Jimmy Connors
2456930,1984-03-26,4,101062,,Mats Wilander
2456931,1984-03-26,5,100676,,Yannick Noah
2457028,1984-04-02,1,100581,,John McEnroe
2457029,1984-04-02,2,100656,,Ivan Lendl
2457030,1984-04-02,3,100284,,Jimmy Connors
2457031,1984-04-02,4,101062,,Mats Wilander
2457032,1984-04-02,5,100676,,Yannick Noah
2457128,1984-04-09,1,100581,,John McEnroe
2457129,1984-04-09,2,100656,,Ivan Lendl
2457130,1984-04-09,3,100284,,Jimmy Connors
2457131,1984-04-09,4,101062,,Mats Wilander
2457132,1984-04-09,5,101061,,Jimmy Arias
2457229,1984-04-16,1,100581,,John McEnroe
2457230,1984-04-16,2,100656,,Ivan Lendl
2457231,1984-04-16,3,100284,,Jimmy Connors
2457232,1984-04-16,4,101062,,Mats Wilander
2457233,1984-04-16,5,101061,,Jimmy Arias
2457329,1984-04-23,1,100581,,John McEnroe
2457330,1984-04-23,2,100656,,Ivan Lendl
2457331,1984-04-23,3,100284,,Jimmy Connors
2457332,1984-04-23,4,101062,,Mats Wilander
2457333,1984-04-23,5,101061,,Jimmy Arias
2457429,1984-04-30,1,100581,,John McEnroe
2457430,1984-04-30,2,100656,,Ivan Lendl
2457431,1984-04-30,3,100284,,Jimmy Connors
2457432,1984-04-30,4,101062,,Mats Wilander
2457433,1984-04-30,5,101061,,Jimmy Arias
2457529,1984-05-14,1,100581,,John McEnroe
2457530,1984-05-14,2,100656,,Ivan Lendl
2457531,1984-05-14,3,100284,,Jimmy Connors
2457532,1984-05-14,4,101062,,Mats Wilander
2457533,1984-05-14,5,101061,,Jimmy Arias
2457629,1984-05-21,1,100581,,John McEnroe
2457630,1984-05-21,2,100656,,Ivan Lendl
2457631,1984-05-21,3,100284,,Jimmy Connors
2457632,1984-05-21,4,101062,,Mats Wilander
2457633,1984-05-21,5,101061,,Jimmy Arias
2457730,1984-06-11,1,100656,,Ivan Lendl
2457731,1984-06-11,2,100581,,John McEnroe
2457732,1984-06-11,3,100284,,Jimmy Connors
2457733,1984-06-11,4,101062,,Mats Wilander
2457734,1984-06-11,5,101061,,Jimmy Arias
2457830,1984-06-18,1,100581,,John McEnroe
2457831,1984-06-18,2,100656,,Ivan Lendl
2457832,1984-06-18,3,100284,,Jimmy Connors
2457833,1984-06-18,4,101062,,Mats Wilander
2457834,1984-06-18,5,101061,,Jimmy Arias
2457930,1983-01-17,1,100581,,John McEnroe
2457931,1983-01-17,2,100284,,Jimmy Connors
2457932,1983-01-17,3,100656,,Ivan Lendl
2457933,1983-01-17,4,100282,,Guillermo Vilas
2457934,1983-01-17,5,100342,,Vitas Gerulaitis
2458030,1983-01-31,1,100284,,Jimmy Connors
2458031,1983-01-31,2,100656,,Ivan Lendl
2458032,1983-01-31,3,100581,,John McEnroe
2458033,1983-01-31,4,100282,,Guillermo Vilas
2458034,1983-01-31,5,100342,,Vitas Gerulaitis
2458130,1983-02-07,1,100581,,John McEnroe
2458131,1983-02-07,2,100284,,Jimmy Connors
2458132,1983-02-07,3,100656,,Ivan Lendl
2458133,1983-02-07,4,100282,,Guillermo Vilas
2458134,1983-02-07,5,100555,,Jose Luis Clerc
2458230,1983-02-14,1,100284,,Jimmy Connors
2458231,1983-02-14,2,100656,,Ivan Lendl
2458232,1983-02-14,3,100581,,John McEnroe
2458233,1983-02-14,4,100282,,Guillermo Vilas
2458234,1983-02-14,5,100342,,Vitas Gerulaitis
2458330,1983-02-21,1,100284,,Jimmy Connors
2458331,1983-02-21,2,100656,,Ivan Lendl
2458332,1983-02-21,3,100581,,John McEnroe
2458333,1983-02-21,4,100282,,Guillermo Vilas
2458334,1983-02-21,5,100342,,Vitas Gerulaitis
2458430,1983-02-28,1,100656,,Ivan Lendl
2458431,1983-02-28,2,100284,,Jimmy Connors
2458432,1983-02-28,3,100581,,John McEnroe
2458433,1983-02-28,4,100282,,Guillermo Vilas
2458434,1983-02-28,5,100555,,Jose Luis Clerc
2458530,1983-03-07,1,100656,,Ivan Lendl
2458531,1983-03-07,2,100284,,Jimmy Connors
2458532,1983-03-07,3,100581,,John McEnroe
2458533,1983-03-07,4,100282,,Guillermo Vilas
2458534,1983-03-07,5,100555,,Jose Luis Clerc
2458630,1983-03-14,1,100656,,Ivan Lendl
2458631,1983-03-14,2,100284,,Jimmy Connors
2458632,1983-03-14,3,100581,,John McEnroe
2458633,1983-03-14,4,100282,,Guillermo Vilas
2458634,1983-03-14,5,100555,,Jose Luis Clerc
2458730,1983-03-21,1,100656,,Ivan Lendl
2458731,1983-03-21,2,100284,,Jimmy Connors
2458732,1983-03-21,3,100581,,John McEnroe
2458733,1983-03-21,4,100282,,Guillermo Vilas
2458734,1983-03-21,5,100428,,Gene Mayer
2458830,1983-03-28,1,100656,,Ivan Lendl
2458831,1983-03-28,2,100284,,Jimmy Connors
2458832,1983-03-28,3,100581,,John McEnroe
2458833,1983-03-28,4,100282,,Guillermo Vilas
2458834,1983-03-28,5,100428,,Gene Mayer
2458931,1983-04-04,1,100656,,Ivan Lendl
2458932,1983-04-04,2,100284,,Jimmy Connors
2458933,1983-04-04,3,100581,,John McEnroe
2458934,1983-04-04,4,100282,,Guillermo Vilas
2458935,1983-04-04,5,100428,,Gene Mayer
2459032,1983-04-11,1,100656,,Ivan Lendl
2459033,1983-04-11,2,100284,,Jimmy Connors
2459034,1983-04-11,3,100581,,John McEnroe
2459035,1983-04-11,4,100282,,Guillermo Vilas
2459036,1983-04-11,5,101062,,Mats Wilander
2459132,1983-04-18,1,100656,,Ivan Lendl
2459133,1983-04-18,2,100581,,John McEnroe
2459134,1983-04-18,3,100284,,Jimmy Connors
2459135,1983-04-18,4,100282,,Guillermo Vilas
2459136,1983-04-18,5,100428,,Gene Mayer
2459232,1983-04-25,1,100656,,Ivan Lendl
2459233,1983-04-25,2,100581,,John McEnroe
2459234,1983-04-25,3,100284,,Jimmy Connors
2459235,1983-04-25,4,100282,,Guillermo Vilas
2459236,1983-04-25,5,101062,,Mats Wilander
2459332,1983-05-02,1,100656,,Ivan Lendl
2459333,1983-05-02,2,100581,,John McEnroe
2459334,1983-05-02,3,100284,,Jimmy Connors
2459335,1983-05-02,4,100282,,Guillermo Vilas
2459336,1983-05-02,5,101062,,Mats Wilander
2459432,1983-05-16,1,100284,,Jimmy Connors
2459433,1983-05-16,2,100581,,John McEnroe
2459434,1983-05-16,3,100656,,Ivan Lendl
2459435,1983-05-16,4,100282,,Guillermo Vilas
2459436,1983-05-16,5,101062,,Mats Wilander
2459532,1983-05-23,1,100284,,Jimmy Connors
2459533,1983-05-23,2,100581,,John McEnroe
2459534,1983-05-23,3,100656,,Ivan Lendl
2459535,1983-05-23,4,100282,,Guillermo Vilas
2459536,1983-05-23,5,101062,,Mats Wilander
2459632,1983-06-06,1,100581,,John McEnroe
2459633,1983-06-06,2,100284,,Jimmy Connors
2459634,1983-06-06,3,100656,,Ivan Lendl
2459635,1983-06-06,4,100676,,Yannick Noah
2459636,1983-06-06,5,100282,,Guillermo Vilas
2459732,1983-06-13,1,100284,,Jimmy Connors
2459733,1983-06-13,2,100581,,John McEnroe
2459734,1983-06-13,3,100656,,Ivan Lendl
2459735,1983-06-13,4,100676,,Yannick Noah
2459736,1983-06-13,5,100282,,Guillermo Vilas
2459832,1983-06-20,1,100284,,Jimmy Connors
2459833,1983-06-20,2,100581,,John McEnroe
2459834,1983-06-20,3,100656,,Ivan Lendl
2459835,1983-06-20,4,100676,,Yannick Noah
2459836,1983-06-20,5,100282,,Guillermo Vilas
2459932,1983-07-04,1,100581,,John McEnroe
2459933,1983-07-04,2,100656,,Ivan Lendl
2459934,1983-07-04,3,100284,,Jimmy Connors
2459935,1983-07-04,4,100676,,Yannick Noah
2459936,1983-07-04,5,100282,,Guillermo Vilas
2460032,1983-07-11,1,100581,,John McEnroe
2460033,1983-07-11,2,100656,,Ivan Lendl
2460034,1983-07-11,3,100284,,Jimmy Connors
2460035,1983-07-11,4,100676,,Yannick Noah
2460036,1983-07-11,5,100282,,Guillermo Vilas
2460132,1983-07-18,1,100581,,John McEnroe
2460133,1983-07-18,2,100656,,Ivan Lendl
2460134,1983-07-18,3,100284,,Jimmy Connors
2460135,1983-07-18,4,100676,,Yannick Noah
2460136,1983-07-18,5,101062,,Mats Wilander
2460232,1983-07-25,1,100581,,John McEnroe
2460233,1983-07-25,2,100656,,Ivan Lendl
2460234,1983-07-25,3,100284,,Jimmy Connors
2460235,1983-07-25,4,100676,,Yannick Noah
2460236,1983-07-25,5,101062,,Mats Wilander
2460333,1983-08-01,1,100581,,John McEnroe
2460334,1983-08-01,2,100656,,Ivan Lendl
2460335,1983-08-01,3,100284,,Jimmy Connors
2460336,1983-08-01,4,100676,,Yannick Noah
2460337,1983-08-01,5,101062,,Mats Wilander
2460433,1983-08-08,1,100581,,John McEnroe
2460434,1983-08-08,2,100656,,Ivan Lendl
2460435,1983-08-08,3,100284,,Jimmy Connors
2460436,1983-08-08,4,100676,,Yannick Noah
2460437,1983-08-08,5,101062,,Mats Wilander
2460533,1983-08-15,1,100581,,John McEnroe
2460534,1983-08-15,2,100656,,Ivan Lendl
2460535,1983-08-15,3,100284,,Jimmy Connors
2460536,1983-08-15,4,100676,,Yannick Noah
2460537,1983-08-15,5,100282,,Guillermo Vilas
2460632,1983-08-22,1,100581,,John McEnroe
2460633,1983-08-22,2,100656,,Ivan Lendl
2460634,1983-08-22,3,100284,,Jimmy Connors
2460635,1983-08-22,4,100676,,Yannick Noah
2460636,1983-08-22,5,101062,,Mats Wilander
2460734,1983-09-12,1,100581,,John McEnroe
2460735,1983-09-12,2,100656,,Ivan Lendl
2460736,1983-09-12,3,100284,,Jimmy Connors
2460737,1983-09-12,4,100676,,Yannick Noah
2460738,1983-09-12,5,101062,,Mats Wilander
2460835,1983-09-19,1,100581,,John McEnroe
2460836,1983-09-19,2,100656,,Ivan Lendl
2460837,1983-09-19,3,100284,,Jimmy Connors
2460838,1983-09-19,4,100676,,Yannick Noah
2460839,1983-09-19,5,101062,,Mats Wilander
2460935,1983-09-26,1,100581,,John McEnroe
2460936,1983-09-26,2,100656,,Ivan Lendl
2460937,1983-09-26,3,100284,,Jimmy Connors
2460938,1983-09-26,4,100676,,Yannick Noah
2460939,1983-09-26,5,101062,,Mats Wilander
2461035,1983-10-03,1,100581,,John McEnroe
2461036,1983-10-03,2,100656,,Ivan Lendl
2461037,1983-10-03,3,100284,,Jimmy Connors
2461038,1983-10-03,4,100676,,Yannick Noah
2461039,1983-10-03,5,101062,,Mats Wilander
2461136,1983-10-10,1,100581,,John McEnroe
2461137,1983-10-10,2,100656,,Ivan Lendl
2461138,1983-10-10,3,100284,,Jimmy Connors
2461139,1983-10-10,4,100676,,Yannick Noah
2461140,1983-10-10,5,101062,,Mats Wilander
2461236,1983-10-17,1,100581,,John McEnroe
2461237,1983-10-17,2,100656,,Ivan Lendl
2461238,1983-10-17,3,100284,,Jimmy Connors
2461239,1983-10-17,4,101062,,Mats Wilander
2461240,1983-10-17,5,100676,,Yannick Noah
2461338,1983-10-24,1,100581,,John McEnroe
2461339,1983-10-24,2,100656,,Ivan Lendl
2461340,1983-10-24,3,100284,,Jimmy Connors
2461341,1983-10-24,4,101062,,Mats Wilander
2461342,1983-10-24,5,100676,,Yannick Noah
2461438,1983-10-31,1,100656,,Ivan Lendl
2461439,1983-10-31,2,100581,,John McEnroe
2461440,1983-10-31,3,100284,,Jimmy Connors
2461441,1983-10-31,4,100676,,Yannick Noah
2461442,1983-10-31,5,101062,,Mats Wilander
2461538,1983-11-07,1,100656,,Ivan Lendl
2461539,1983-11-07,2,100581,,John McEnroe
2461540,1983-11-07,3,100284,,Jimmy Connors
2461541,1983-11-07,4,100676,,Yannick Noah
2461542,1983-11-07,5,101062,,Mats Wilander
2461638,1983-11-14,1,100656,,Ivan Lendl
2461639,1983-11-14,2,100581,,John McEnroe
2461640,1983-11-14,3,100284,,Jimmy Connors
2461641,1983-11-14,4,100676,,Yannick Noah
2461642,1983-11-14,5,101062,,Mats Wilander
2461738,1983-11-21,1,100656,,Ivan Lendl
2461739,1983-11-21,2,100581,,John McEnroe
2461740,1983-11-21,3,100284,,Jimmy Connors
2461741,1983-11-21,4,100676,,Yannick Noah
2461742,1983-11-21,5,101062,,Mats Wilander
2461838,1983-11-28,1,100656,,Ivan Lendl
2461839,1983-11-28,2,100581,,John McEnroe
2461840,1983-11-28,3,100284,,Jimmy Connors
2461841,1983-11-28,4,100676,,Yannick Noah
2461842,1983-11-28,5,101062,,Mats Wilander
2461938,1983-12-12,1,100581,,John McEnroe
2461939,1983-12-12,2,100656,,Ivan Lendl
2461940,1983-12-12,3,100284,,Jimmy Connors
2461941,1983-12-12,4,101062,,Mats Wilander
2461942,1983-12-12,5,100676,,Yannick Noah
2462038,1983-12-19,1,100581,,John McEnroe
2462039,1983-12-19,2,100656,,Ivan Lendl
2462040,1983-12-19,3,100284,,Jimmy Connors
2462041,1983-12-19,4,101062,,Mats Wilander
2462042,1983-12-19,5,100676,,Yannick Noah
2462138,1982-01-11,1,100581,,John McEnroe
2462139,1982-01-11,2,100656,,Ivan Lendl
2462140,1982-01-11,3,100284,,Jimmy Connors
2462141,1982-01-11,4,100437,,Bjorn Borg
2462142,1982-01-11,5,100555,,Jose Luis Clerc
2462240,1982-01-18,1,100581,,John McEnroe
2462241,1982-01-18,2,100656,,Ivan Lendl
2462242,1982-01-18,3,100284,,Jimmy Connors
2462243,1982-01-18,4,100437,,Bjorn Borg
2462244,1982-01-18,5,100555,,Jose Luis Clerc
2462341,1982-02-01,1,100581,,John McEnroe
2462342,1982-02-01,2,100284,,Jimmy Connors
2462343,1982-02-01,3,100656,,Ivan Lendl
2462344,1982-02-01,4,100437,,Bjorn Borg
2462345,1982-02-01,5,100555,,Jose Luis Clerc
2462441,1982-02-08,1,100581,,John McEnroe
2462442,1982-02-08,2,100284,,Jimmy Connors
2462443,1982-02-08,3,100656,,Ivan Lendl
2462444,1982-02-08,4,100437,,Bjorn Borg
2462445,1982-02-08,5,100555,,Jose Luis Clerc
2462541,1982-02-15,1,100581,,John McEnroe
2462542,1982-02-15,2,100284,,Jimmy Connors
2462543,1982-02-15,3,100656,,Ivan Lendl
2462544,1982-02-15,4,100437,,Bjorn Borg
2462545,1982-02-15,5,100555,,Jose Luis Clerc
2462641,1982-02-22,1,100581,,John McEnroe
2462642,1982-02-22,2,100284,,Jimmy Connors
2462643,1982-02-22,3,100656,,Ivan Lendl
2462644,1982-02-22,4,100437,,Bjorn Borg
2462645,1982-02-22,5,100555,,Jose Luis Clerc
2462741,1982-03-01,1,100581,,John McEnroe
2462742,1982-03-01,2,100284,,Jimmy Connors
2462743,1982-03-01,3,100656,,Ivan Lendl
2462744,1982-03-01,4,100437,,Bjorn Borg
2462745,1982-03-01,5,100555,,Jose Luis Clerc
2462841,1982-03-15,1,100581,,John McEnroe
2462842,1982-03-15,2,100284,,Jimmy Connors
2462843,1982-03-15,3,100656,,Ivan Lendl
2462844,1982-03-15,4,100437,,Bjorn Borg
2462845,1982-03-15,5,100555,,Jose Luis Clerc
2462941,1982-03-22,1,100581,,John McEnroe
2462942,1982-03-22,2,100284,,Jimmy Connors
2462943,1982-03-22,3,100656,,Ivan Lendl
2462944,1982-03-22,4,100437,,Bjorn Borg
2462945,1982-03-22,5,100282,,Guillermo Vilas
2463042,1982-03-29,1,100581,,John McEnroe
2463043,1982-03-29,2,100284,,Jimmy Connors
2463044,1982-03-29,3,100656,,Ivan Lendl
2463045,1982-03-29,4,100282,,Guillermo Vilas
2463046,1982-03-29,5,100555,,Jose Luis Clerc
2463142,1982-04-05,1,100581,,John McEnroe
2463143,1982-04-05,2,100656,,Ivan Lendl
2463144,1982-04-05,3,100284,,Jimmy Connors
2463145,1982-04-05,4,100282,,Guillermo Vilas
2463146,1982-04-05,5,100555,,Jose Luis Clerc
2463242,1982-04-12,1,100581,,John McEnroe
2463243,1982-04-12,2,100656,,Ivan Lendl
2463244,1982-04-12,3,100284,,Jimmy Connors
2463245,1982-04-12,4,100282,,Guillermo Vilas
2463246,1982-04-12,5,100555,,Jose Luis Clerc
2463342,1982-04-19,1,100581,,John McEnroe
2463343,1982-04-19,2,100656,,Ivan Lendl
2463344,1982-04-19,3,100284,,Jimmy Connors
2463345,1982-04-19,4,100282,,Guillermo Vilas
2463346,1982-04-19,5,100555,,Jose Luis Clerc
2463442,1982-04-26,1,100581,,John McEnroe
2463443,1982-04-26,2,100284,,Jimmy Connors
2463444,1982-04-26,3,100656,,Ivan Lendl
2463445,1982-04-26,4,100282,,Guillermo Vilas
2463446,1982-04-26,5,100555,,Jose Luis Clerc
2463542,1982-05-03,1,100581,,John McEnroe
2463543,1982-05-03,2,100284,,Jimmy Connors
2463544,1982-05-03,3,100656,,Ivan Lendl
2463545,1982-05-03,4,100282,,Guillermo Vilas
2463546,1982-05-03,5,100555,,Jose Luis Clerc
2463642,1982-05-17,1,100581,,John McEnroe
2463643,1982-05-17,2,100284,,Jimmy Connors
2463644,1982-05-17,3,100656,,Ivan Lendl
2463645,1982-05-17,4,100282,,Guillermo Vilas
2463646,1982-05-17,5,100555,,Jose Luis Clerc
2463742,1982-05-24,1,100581,,John McEnroe
2463743,1982-05-24,2,100284,,Jimmy Connors
2463744,1982-05-24,3,100656,,Ivan Lendl
2463745,1982-05-24,4,100282,,Guillermo Vilas
2463746,1982-05-24,5,100437,,Bjorn Borg
2463842,1982-06-07,1,100581,,John McEnroe
2463843,1982-06-07,2,100282,,Guillermo Vilas
2463844,1982-06-07,3,100284,,Jimmy Connors
2463845,1982-06-07,4,100656,,Ivan Lendl
2463846,1982-06-07,5,100555,,Jose Luis Clerc
2463942,1982-06-14,1,100581,,John McEnroe
2463943,1982-06-14,2,100282,,Guillermo Vilas
2463944,1982-06-14,3,100284,,Jimmy Connors
2463945,1982-06-14,4,100656,,Ivan Lendl
2463946,1982-06-14,5,100555,,Jose Luis Clerc
2464042,1982-06-21,1,100581,,John McEnroe
2464043,1982-06-21,2,100282,,Guillermo Vilas
2464044,1982-06-21,3,100284,,Jimmy Connors
2464045,1982-06-21,4,100656,,Ivan Lendl
2464046,1982-06-21,5,100555,,Jose Luis Clerc
2464142,1982-07-05,1,100581,,John McEnroe
2464143,1982-07-05,2,100282,,Guillermo Vilas
2464144,1982-07-05,3,100284,,Jimmy Connors
2464145,1982-07-05,4,100656,,Ivan Lendl
2464146,1982-07-05,5,100555,,Jose Luis Clerc
2464242,1982-07-12,1,100581,,John McEnroe
2464243,1982-07-12,2,100284,,Jimmy Connors
2464244,1982-07-12,3,100282,,Guillermo Vilas
2464245,1982-07-12,4,100656,,Ivan Lendl
2464246,1982-07-12,5,100555,,Jose Luis Clerc
2464342,1982-07-19,1,100581,,John McEnroe
2464343,1982-07-19,2,100282,,Guillermo Vilas
2464344,1982-07-19,3,100284,,Jimmy Connors
2464345,1982-07-19,4,100656,,Ivan Lendl
2464346,1982-07-19,5,100555,,Jose Luis Clerc
2464442,1982-07-26,1,100581,,John McEnroe
2464443,1982-07-26,2,100282,,Guillermo Vilas
2464444,1982-07-26,3,100284,,Jimmy Connors
2464445,1982-07-26,4,100656,,Ivan Lendl
2464446,1982-07-26,5,100555,,Jose Luis Clerc
2464542,1982-08-02,1,100581,,John McEnroe
2464543,1982-08-02,2,100284,,Jimmy Connors
2464544,1982-08-02,3,100282,,Guillermo Vilas
2464545,1982-08-02,4,100656,,Ivan Lendl
2464546,1982-08-02,5,100342,,Vitas Gerulaitis
2464642,1982-08-09,1,100581,,John McEnroe
2464643,1982-08-09,2,100284,,Jimmy Connors
2464644,1982-08-09,3,100282,,Guillermo Vilas
2464645,1982-08-09,4,100656,,Ivan Lendl
2464646,1982-08-09,5,100342,,Vitas Gerulaitis
2464742,1982-08-16,1,100581,,John McEnroe
2464743,1982-08-16,2,100284,,Jimmy Connors
2464744,1982-08-16,3,100282,,Guillermo Vilas
2464745,1982-08-16,4,100656,,Ivan Lendl
2464746,1982-08-16,5,100342,,Vitas Gerulaitis
2464842,1982-08-23,1,100581,,John McEnroe
2464843,1982-08-23,2,100284,,Jimmy Connors
2464844,1982-08-23,3,100656,,Ivan Lendl
2464845,1982-08-23,4,100282,,Guillermo Vilas
2464846,1982-08-23,5,100342,,Vitas Gerulaitis
2464944,1982-09-13,1,100284,,Jimmy Connors
2464945,1982-09-13,2,100656,,Ivan Lendl
2464946,1982-09-13,3,100581,,John McEnroe
2464947,1982-09-13,4,100282,,Guillermo Vilas
2464948,1982-09-13,5,100342,,Vitas Gerulaitis
2465044,1982-09-20,1,100284,,Jimmy Connors
2465045,1982-09-20,2,100656,,Ivan Lendl
2465046,1982-09-20,3,100581,,John McEnroe
2465047,1982-09-20,4,100282,,Guillermo Vilas
2465048,1982-09-20,5,100342,,Vitas Gerulaitis
2465144,1982-09-27,1,100284,,Jimmy Connors
2465145,1982-09-27,2,100581,,John McEnroe
2465146,1982-09-27,3,100656,,Ivan Lendl
2465147,1982-09-27,4,100282,,Guillermo Vilas
2465148,1982-09-27,5,100342,,Vitas Gerulaitis
2465244,1982-10-04,1,100284,,Jimmy Connors
2465245,1982-10-04,2,100581,,John McEnroe
2465246,1982-10-04,3,100656,,Ivan Lendl
2465247,1982-10-04,4,100282,,Guillermo Vilas
2465248,1982-10-04,5,100342,,Vitas Gerulaitis
2465344,1982-10-11,1,100284,,Jimmy Connors
2465345,1982-10-11,2,100581,,John McEnroe
2465346,1982-10-11,3,100656,,Ivan Lendl
2465347,1982-10-11,4,100282,,Guillermo Vilas
2465348,1982-10-11,5,100342,,Vitas Gerulaitis
2465444,1982-10-18,1,100284,,Jimmy Connors
2465445,1982-10-18,2,100581,,John McEnroe
2465446,1982-10-18,3,100656,,Ivan Lendl
2465447,1982-10-18,4,100282,,Guillermo Vilas
2465448,1982-10-18,5,100428,,Gene Mayer
2465544,1982-10-25,1,100284,,Jimmy Connors
2465545,1982-10-25,2,100581,,John McEnroe
2465546,1982-10-25,3,100656,,Ivan Lendl
2465547,1982-10-25,4,100282,,Guillermo Vilas
2465548,1982-10-25,5,100428,,Gene Mayer
2465644,1982-11-01,1,100581,,John McEnroe
2465645,1982-11-01,2,100284,,Jimmy Connors
2465646,1982-11-01,3,100656,,Ivan Lendl
2465647,1982-11-01,4,100282,,Guillermo Vilas
2465648,1982-11-01,5,100342,,Vitas Gerulaitis
2465744,1982-11-08,1,100284,,Jimmy Connors
2465745,1982-11-08,2,100581,,John McEnroe
2465746,1982-11-08,3,100656,,Ivan Lendl
2465747,1982-11-08,4,100282,,Guillermo Vilas
2465748,1982-11-08,5,100342,,Vitas Gerulaitis
2465844,1982-11-15,1,100581,,John McEnroe
2465845,1982-11-15,2,100284,,Jimmy Connors
2465846,1982-11-15,3,100656,,Ivan Lendl
2465847,1982-11-15,4,100282,,Guillermo Vilas
2465848,1982-11-15,5,100342,,Vitas Gerulaitis
2465944,1982-11-22,1,100581,,John McEnroe
2465945,1982-11-22,2,100284,,Jimmy Connors
2465946,1982-11-22,3,100656,,Ivan Lendl
2465947,1982-11-22,4,100282,,Guillermo Vilas
2465948,1982-11-22,5,100342,,Vitas Gerulaitis
2466045,1982-11-29,1,100581,,John McEnroe
2466046,1982-11-29,2,100284,,Jimmy Connors
2466047,1982-11-29,3,100656,,Ivan Lendl
2466048,1982-11-29,4,100282,,Guillermo Vilas
2466049,1982-11-29,5,100342,,Vitas Gerulaitis
2466095,1982-12-13,1,100581,,John McEnroe
2466096,1982-12-13,2,100284,,Jimmy Connors
2466097,1982-12-13,3,100656,,Ivan Lendl
2466098,1982-12-13,4,100282,,Guillermo Vilas
2466099,1982-12-13,5,100342,,Vitas Gerulaitis
2466195,1982-12-20,1,100581,,John McEnroe
2466196,1982-12-20,2,100284,,Jimmy Connors
2466197,1982-12-20,3,100656,,Ivan Lendl
2466198,1982-12-20,4,100282,,Guillermo Vilas
2466199,1982-12-20,5,100342,,Vitas Gerulaitis
2466295,1982-12-27,1,100581,,John McEnroe
2466296,1982-12-27,2,100284,,Jimmy Connors
2466297,1982-12-27,3,100656,,Ivan Lendl
2466298,1982-12-27,4,100282,,Guillermo Vilas
2466299,1982-12-27,5,100342,,Vitas Gerulaitis
2466395,1981-01-04,1,100437,,Bjorn Borg
2466396,1981-01-04,2,100581,,John McEnroe
2466397,1981-01-04,3,100284,,Jimmy Connors
2466398,1981-01-04,4,100428,,Gene Mayer
2466399,1981-01-04,5,100282,,Guillermo Vilas
2466495,1981-01-05,1,100437,,Bjorn Borg
2466496,1981-01-05,2,100581,,John McEnroe
2466497,1981-01-05,3,100284,,Jimmy Connors
2466498,1981-01-05,4,100282,,Guillermo Vilas
2466499,1981-01-05,5,100428,,Gene Mayer
2466596,1981-01-12,1,100437,,Bjorn Borg
2466597,1981-01-12,2,100581,,John McEnroe
2466598,1981-01-12,3,100284,,Jimmy Connors
2466599,1981-01-12,4,100428,,Gene Mayer
2466600,1981-01-12,5,100282,,Guillermo Vilas
2466696,1981-01-26,1,100437,,Bjorn Borg
2466697,1981-01-26,2,100581,,John McEnroe
2466698,1981-01-26,3,100284,,Jimmy Connors
2466699,1981-01-26,4,100428,,Gene Mayer
2466700,1981-01-26,5,100282,,Guillermo Vilas
2466796,1981-02-02,1,100437,,Bjorn Borg
2466797,1981-02-02,2,100581,,John McEnroe
2466798,1981-02-02,3,100284,,Jimmy Connors
2466799,1981-02-02,4,100428,,Gene Mayer
2466800,1981-02-02,5,100282,,Guillermo Vilas
2466896,1981-02-09,1,100437,,Bjorn Borg
2466897,1981-02-09,2,100581,,John McEnroe
2466898,1981-02-09,3,100284,,Jimmy Connors
2466899,1981-02-09,4,100428,,Gene Mayer
2466900,1981-02-09,5,100282,,Guillermo Vilas
2466996,1981-02-23,1,100437,,Bjorn Borg
2466997,1981-02-23,2,100581,,John McEnroe
2466998,1981-02-23,3,100284,,Jimmy Connors
2466999,1981-02-23,4,100428,,Gene Mayer
2467000,1981-02-23,5,100282,,Guillermo Vilas
2467097,1981-03-02,1,100437,,Bjorn Borg
2467098,1981-03-02,2,100581,,John McEnroe
2467099,1981-03-02,3,100284,,Jimmy Connors
2467100,1981-03-02,4,100428,,Gene Mayer
2467101,1981-03-02,5,100656,,Ivan Lendl
2467197,1981-03-09,1,100437,,Bjorn Borg
2467198,1981-03-09,2,100581,,John McEnroe
2467199,1981-03-09,3,100284,,Jimmy Connors
2467200,1981-03-09,4,100428,,Gene Mayer
2467201,1981-03-09,5,100656,,Ivan Lendl
2467297,1981-03-16,1,100437,,Bjorn Borg
2467298,1981-03-16,2,100581,,John McEnroe
2467299,1981-03-16,3,100284,,Jimmy Connors
2467300,1981-03-16,4,100428,,Gene Mayer
2467301,1981-03-16,5,100656,,Ivan Lendl
2467398,1981-03-23,1,100437,,Bjorn Borg
2467399,1981-03-23,2,100581,,John McEnroe
2467400,1981-03-23,3,100284,,Jimmy Connors
2467401,1981-03-23,4,100428,,Gene Mayer
2467402,1981-03-23,5,100656,,Ivan Lendl
2467500,1981-03-30,1,100437,,Bjorn Borg
2467501,1981-03-30,2,100581,,John McEnroe
2467502,1981-03-30,3,100284,,Jimmy Connors
2467503,1981-03-30,4,100428,,Gene Mayer
2467504,1981-03-30,5,100656,,Ivan Lendl
2467600,1981-04-06,1,100437,,Bjorn Borg
2467601,1981-04-06,2,100581,,John McEnroe
2467602,1981-04-06,3,100284,,Jimmy Connors
2467603,1981-04-06,4,100428,,Gene Mayer
2467604,1981-04-06,5,100282,,Guillermo Vilas
2467700,1981-04-13,1,100437,,Bjorn Borg
2467701,1981-04-13,2,100581,,John McEnroe
2467702,1981-04-13,3,100284,,Jimmy Connors
2467703,1981-04-13,4,100428,,Gene Mayer
2467704,1981-04-13,5,100282,,Guillermo Vilas
2467800,1981-04-20,1,100437,,Bjorn Borg
2467801,1981-04-20,2,100284,,Jimmy Connors
2467802,1981-04-20,3,100581,,John McEnroe
2467803,1981-04-20,4,100282,,Guillermo Vilas
2467804,1981-04-20,5,100428,,Gene Mayer
2467900,1981-04-27,1,100437,,Bjorn Borg
2467901,1981-04-27,2,100581,,John McEnroe
2467902,1981-04-27,3,100284,,Jimmy Connors
2467903,1981-04-27,4,100428,,Gene Mayer
2467904,1981-04-27,5,100282,,Guillermo Vilas
2468000,1981-05-11,1,100437,,Bjorn Borg
2468001,1981-05-11,2,100581,,John McEnroe
2468002,1981-05-11,3,100284,,Jimmy Connors
2468003,1981-05-11,4,100428,,Gene Mayer
2468004,1981-05-11,5,100282,,Guillermo Vilas
2468100,1981-05-18,1,100437,,Bjorn Borg
2468101,1981-05-18,2,100284,,Jimmy Connors
2468102,1981-05-18,3,100581,,John McEnroe
2468103,1981-05-18,4,100428,,Gene Mayer
2468104,1981-05-18,5,100656,,Ivan Lendl
2468201,1981-05-25,1,100437,,Bjorn Borg
2468202,1981-05-25,2,100284,,Jimmy Connors
2468203,1981-05-25,3,100581,,John McEnroe
2468204,1981-05-25,4,100428,,Gene Mayer
2468205,1981-05-25,5,100656,,Ivan Lendl
2468301,1981-06-08,1,100437,,Bjorn Borg
2468302,1981-06-08,2,100581,,John McEnroe
2468303,1981-06-08,3,100284,,Jimmy Connors
2468304,1981-06-08,4,100656,,Ivan Lendl
2468305,1981-06-08,5,100428,,Gene Mayer
2468401,1981-06-15,1,100437,,Bjorn Borg
2468402,1981-06-15,2,100581,,John McEnroe
2468403,1981-06-15,3,100284,,Jimmy Connors
2468404,1981-06-15,4,100656,,Ivan Lendl
2468405,1981-06-15,5,100428,,Gene Mayer
2468501,1981-06-22,1,100437,,Bjorn Borg
2468502,1981-06-22,2,100581,,John McEnroe
2468503,1981-06-22,3,100284,,Jimmy Connors
2468504,1981-06-22,4,100656,,Ivan Lendl
2468505,1981-06-22,5,100428,,Gene Mayer
2468601,1981-07-06,1,100581,,John McEnroe
2468602,1981-07-06,2,100437,,Bjorn Borg
2468603,1981-07-06,3,100284,,Jimmy Connors
2468604,1981-07-06,4,100656,,Ivan Lendl
2468605,1981-07-06,5,100428,,Gene Mayer
2468701,1981-07-13,1,100581,,John McEnroe
2468702,1981-07-13,2,100437,,Bjorn Borg
2468703,1981-07-13,3,100284,,Jimmy Connors
2468704,1981-07-13,4,100656,,Ivan Lendl
2468705,1981-07-13,5,100428,,Gene Mayer
2468801,1981-07-20,1,100437,,Bjorn Borg
2468802,1981-07-20,2,100581,,John McEnroe
2468803,1981-07-20,3,100284,,Jimmy Connors
2468804,1981-07-20,4,100656,,Ivan Lendl
2468805,1981-07-20,5,100555,,Jose Luis Clerc
2468901,1981-07-27,1,100437,,Bjorn Borg
2468902,1981-07-27,2,100581,,John McEnroe
2468903,1981-07-27,3,100284,,Jimmy Connors
2468904,1981-07-27,4,100656,,Ivan Lendl
2468905,1981-07-27,5,100555,,Jose Luis Clerc
2469001,1981-08-03,1,100581,,John McEnroe
2469002,1981-08-03,2,100437,,Bjorn Borg
2469003,1981-08-03,3,100284,,Jimmy Connors
2469004,1981-08-03,4,100555,,Jose Luis Clerc
2469005,1981-08-03,5,100656,,Ivan Lendl
2469101,1981-08-10,1,100581,,John McEnroe
2469102,1981-08-10,2,100437,,Bjorn Borg
2469103,1981-08-10,3,100284,,Jimmy Connors
2469104,1981-08-10,4,100656,,Ivan Lendl
2469105,1981-08-10,5,100555,,Jose Luis Clerc
2469202,1981-08-17,1,100581,,John McEnroe
2469203,1981-08-17,2,100437,,Bjorn Borg
2469204,1981-08-17,3,100284,,Jimmy Connors
2469205,1981-08-17,4,100656,,Ivan Lendl
2469206,1981-08-17,5,100555,,Jose Luis Clerc
2469302,1981-08-24,1,100581,,John McEnroe
2469303,1981-08-24,2,100437,,Bjorn Borg
2469304,1981-08-24,3,100656,,Ivan Lendl
2469305,1981-08-24,4,100284,,Jimmy Connors
2469306,1981-08-24,5,100555,,Jose Luis Clerc
2469402,1981-09-14,1,100581,,John McEnroe
2469403,1981-09-14,2,100437,,Bjorn Borg
2469404,1981-09-14,3,100284,,Jimmy Connors
2469405,1981-09-14,4,100656,,Ivan Lendl
2469406,1981-09-14,5,100555,,Jose Luis Clerc
2469502,1981-09-21,1,100581,,John McEnroe
2469503,1981-09-21,2,100437,,Bjorn Borg
2469504,1981-09-21,3,100284,,Jimmy Connors
2469505,1981-09-21,4,100656,,Ivan Lendl
2469506,1981-09-21,5,100555,,Jose Luis Clerc
2469602,1981-10-05,1,100581,,John McEnroe
2469603,1981-10-05,2,100437,,Bjorn Borg
2469604,1981-10-05,3,100284,,Jimmy Connors
2469605,1981-10-05,4,100656,,Ivan Lendl
2469606,1981-10-05,5,100555,,Jose Luis Clerc
2469702,1981-10-12,1,100581,,John McEnroe
2469703,1981-10-12,2,100437,,Bjorn Borg
2469704,1981-10-12,3,100284,,Jimmy Connors
2469705,1981-10-12,4,100656,,Ivan Lendl
2469706,1981-10-12,5,100555,,Jose Luis Clerc
2469802,1981-10-19,1,100581,,John McEnroe
2469803,1981-10-19,2,100437,,Bjorn Borg
2469804,1981-10-19,3,100284,,Jimmy Connors
2469805,1981-10-19,4,100656,,Ivan Lendl
2469806,1981-10-19,5,100555,,Jose Luis Clerc
2469902,1981-10-26,1,100581,,John McEnroe
2469903,1981-10-26,2,100437,,Bjorn Borg
2469904,1981-10-26,3,100284,,Jimmy Connors
2469905,1981-10-26,4,100656,,Ivan Lendl
2469906,1981-10-26,5,100555,,Jose Luis Clerc
2470002,1981-11-02,1,100581,,John McEnroe
2470003,1981-11-02,2,100437,,Bjorn Borg
2470004,1981-11-02,3,100656,,Ivan Lendl
2470005,1981-11-02,4,100284,,Jimmy Connors
2470006,1981-11-02,5,100555,,Jose Luis Clerc
2470102,1981-11-09,1,100581,,John McEnroe
2470103,1981-11-09,2,100284,,Jimmy Connors
2470104,1981-11-09,3,100437,,Bjorn Borg
2470105,1981-11-09,4,100656,,Ivan Lendl
2470106,1981-11-09,5,100555,,Jose Luis Clerc
2470202,1981-11-16,1,100581,,John McEnroe
2470203,1981-11-16,2,100284,,Jimmy Connors
2470204,1981-11-16,3,100437,,Bjorn Borg
2470205,1981-11-16,4,100656,,Ivan Lendl
2470206,1981-11-16,5,100555,,Jose Luis Clerc
2470302,1981-11-23,1,100581,,John McEnroe
2470303,1981-11-23,2,100284,,Jimmy Connors
2470304,1981-11-23,3,100656,,Ivan Lendl
2470305,1981-11-23,4,100437,,Bjorn Borg
2470306,1981-11-23,5,100555,,Jose Luis Clerc
2470402,1981-11-30,1,100581,,John McEnroe
2470403,1981-11-30,2,100284,,Jimmy Connors
2470404,1981-11-30,3,100656,,Ivan Lendl
2470405,1981-11-30,4,100437,,Bjorn Borg
2470406,1981-11-30,5,100555,,Jose Luis Clerc
2470502,1981-12-21,1,100581,,John McEnroe
2470503,1981-12-21,2,100284,,Jimmy Connors
2470504,1981-12-21,3,100656,,Ivan Lendl
2470505,1981-12-21,4,100437,,Bjorn Borg
2470506,1981-12-21,5,100555,,Jose Luis Clerc
2470602,1980-01-07,1,100437,,Bjorn Borg
2470603,1980-01-07,2,100284,,Jimmy Connors
2470604,1980-01-07,3,100581,,John McEnroe
2470605,1980-01-07,4,100342,,Vitas Gerulaitis
2470606,1980-01-07,5,100255,,Roscoe Tanner
2470694,1980-01-21,1,100437,,Bjorn Borg
2470695,1980-01-21,2,100284,,Jimmy Connors
2470696,1980-01-21,3,100581,,John McEnroe
2470697,1980-01-21,4,100342,,Vitas Gerulaitis
2470698,1980-01-21,5,100255,,Roscoe Tanner
2470794,1980-01-28,1,100437,,Bjorn Borg
2470795,1980-01-28,2,100284,,Jimmy Connors
2470796,1980-01-28,3,100581,,John McEnroe
2470797,1980-01-28,4,100255,,Roscoe Tanner
2470798,1980-01-28,5,100342,,Vitas Gerulaitis
2470894,1980-02-04,1,100437,,Bjorn Borg
2470895,1980-02-04,2,100581,,John McEnroe
2470896,1980-02-04,3,100284,,Jimmy Connors
2470897,1980-02-04,4,100255,,Roscoe Tanner
2470898,1980-02-04,5,100342,,Vitas Gerulaitis
2470995,1980-02-18,1,100437,,Bjorn Borg
2470996,1980-02-18,2,100581,,John McEnroe
2470997,1980-02-18,3,100284,,Jimmy Connors
2470998,1980-02-18,4,100342,,Vitas Gerulaitis
2470999,1980-02-18,5,100282,,Guillermo Vilas
2471096,1980-02-25,1,100437,,Bjorn Borg
2471097,1980-02-25,2,100581,,John McEnroe
2471098,1980-02-25,3,100284,,Jimmy Connors
2471099,1980-02-25,4,100342,,Vitas Gerulaitis
2471100,1980-02-25,5,100282,,Guillermo Vilas
2471196,1980-03-03,1,100581,,John McEnroe
2471197,1980-03-03,2,100437,,Bjorn Borg
2471198,1980-03-03,3,100284,,Jimmy Connors
2471199,1980-03-03,4,100342,,Vitas Gerulaitis
2471200,1980-03-03,5,100282,,Guillermo Vilas
2471296,1980-03-10,1,100581,,John McEnroe
2471297,1980-03-10,2,100437,,Bjorn Borg
2471298,1980-03-10,3,100284,,Jimmy Connors
2471299,1980-03-10,4,100282,,Guillermo Vilas
2471300,1980-03-10,5,100342,,Vitas Gerulaitis
2471397,1980-03-17,1,100581,,John McEnroe
2471398,1980-03-17,2,100437,,Bjorn Borg
2471399,1980-03-17,3,100284,,Jimmy Connors
2471400,1980-03-17,4,100282,,Guillermo Vilas
2471401,1980-03-17,5,100342,,Vitas Gerulaitis
2471497,1980-03-24,1,100437,,Bjorn Borg
2471498,1980-03-24,2,100581,,John McEnroe
2471499,1980-03-24,3,100284,,Jimmy Connors
2471500,1980-03-24,4,100342,,Vitas Gerulaitis
2471501,1980-03-24,5,100282,,Guillermo Vilas
2471597,1980-03-31,1,100437,,Bjorn Borg
2471598,1980-03-31,2,100581,,John McEnroe
2471599,1980-03-31,3,100284,,Jimmy Connors
2471600,1980-03-31,4,100282,,Guillermo Vilas
2471601,1980-03-31,5,100342,,Vitas Gerulaitis
2471697,1980-04-07,1,100437,,Bjorn Borg
2471698,1980-04-07,2,100581,,John McEnroe
2471699,1980-04-07,3,100284,,Jimmy Connors
2471700,1980-04-07,4,100282,,Guillermo Vilas
2471701,1980-04-07,5,100342,,Vitas Gerulaitis
2471797,1980-04-14,1,100437,,Bjorn Borg
2471798,1980-04-14,2,100581,,John McEnroe
2471799,1980-04-14,3,100284,,Jimmy Connors
2471800,1980-04-14,4,100282,,Guillermo Vilas
2471801,1980-04-14,5,100342,,Vitas Gerulaitis
2471897,1980-04-21,1,100437,,Bjorn Borg
2471898,1980-04-21,2,100581,,John McEnroe
2471899,1980-04-21,3,100284,,Jimmy Connors
2471900,1980-04-21,4,100282,,Guillermo Vilas
2471901,1980-04-21,5,100342,,Vitas Gerulaitis
2471997,1980-04-28,1,100437,,Bjorn Borg
2471998,1980-04-28,2,100581,,John McEnroe
2471999,1980-04-28,3,100284,,Jimmy Connors
2472000,1980-04-28,4,100282,,Guillermo Vilas
2472001,1980-04-28,5,100342,,Vitas Gerulaitis
2472097,1980-05-05,1,100437,,Bjorn Borg
2472098,1980-05-05,2,100581,,John McEnroe
2472099,1980-05-05,3,100284,,Jimmy Connors
2472100,1980-05-05,4,100282,,Guillermo Vilas
2472101,1980-05-05,5,100342,,Vitas Gerulaitis
2472197,1980-05-19,1,100437,,Bjorn Borg
2472198,1980-05-19,2,100581,,John McEnroe
2472199,1980-05-19,3,100284,,Jimmy Connors
2472200,1980-05-19,4,100282,,Guillermo Vilas
2472201,1980-05-19,5,100342,,Vitas Gerulaitis
2472297,1980-05-26,1,100437,,Bjorn Borg
2472298,1980-05-26,2,100581,,John McEnroe
2472299,1980-05-26,3,100284,,Jimmy Connors
2472300,1980-05-26,4,100282,,Guillermo Vilas
2472301,1980-05-26,5,100342,,Vitas Gerulaitis
2472397,1980-06-09,1,100437,,Bjorn Borg
2472398,1980-06-09,2,100581,,John McEnroe
2472399,1980-06-09,3,100284,,Jimmy Connors
2472400,1980-06-09,4,100282,,Guillermo Vilas
2472401,1980-06-09,5,100342,,Vitas Gerulaitis
2472498,1980-06-16,1,100437,,Bjorn Borg
2472499,1980-06-16,2,100581,,John McEnroe
2472500,1980-06-16,3,100284,,Jimmy Connors
2472501,1980-06-16,4,100282,,Guillermo Vilas
2472502,1980-06-16,5,100342,,Vitas Gerulaitis
2472598,1980-06-23,1,100437,,Bjorn Borg
2472599,1980-06-23,2,100581,,John McEnroe
2472600,1980-06-23,3,100284,,Jimmy Connors
2472601,1980-06-23,4,100282,,Guillermo Vilas
2472602,1980-06-23,5,100342,,Vitas Gerulaitis
2472698,1980-06-30,1,100437,,Bjorn Borg
2472699,1980-06-30,2,100581,,John McEnroe
2472700,1980-06-30,3,100284,,Jimmy Connors
2472701,1980-06-30,4,100282,,Guillermo Vilas
2472702,1980-06-30,5,100342,,Vitas Gerulaitis
2472798,1980-07-07,1,100437,,Bjorn Borg
2472799,1980-07-07,2,100581,,John McEnroe
2472800,1980-07-07,3,100284,,Jimmy Connors
2472801,1980-07-07,4,100282,,Guillermo Vilas
2472802,1980-07-07,5,100342,,Vitas Gerulaitis
2472898,1980-07-14,1,100437,,Bjorn Borg
2472899,1980-07-14,2,100581,,John McEnroe
2472900,1980-07-14,3,100284,,Jimmy Connors
2472901,1980-07-14,4,100282,,Guillermo Vilas
2472902,1980-07-14,5,100342,,Vitas Gerulaitis
2472999,1980-07-21,1,100437,,Bjorn Borg
2473000,1980-07-21,2,100581,,John McEnroe
2473001,1980-07-21,3,100284,,Jimmy Connors
2473002,1980-07-21,4,100282,,Guillermo Vilas
2473003,1980-07-21,5,100342,,Vitas Gerulaitis
2473099,1980-07-28,1,100437,,Bjorn Borg
2473100,1980-07-28,2,100581,,John McEnroe
2473101,1980-07-28,3,100284,,Jimmy Connors
2473102,1980-07-28,4,100282,,Guillermo Vilas
2473103,1980-07-28,5,100342,,Vitas Gerulaitis
2473199,1980-08-04,1,100437,,Bjorn Borg
2473200,1980-08-04,2,100581,,John McEnroe
2473201,1980-08-04,3,100284,,Jimmy Connors
2473202,1980-08-04,4,100282,,Guillermo Vilas
2473203,1980-08-04,5,100342,,Vitas Gerulaitis
2473299,1980-08-11,1,100581,,John McEnroe
2473300,1980-08-11,2,100437,,Bjorn Borg
2473301,1980-08-11,3,100284,,Jimmy Connors
2473302,1980-08-11,4,100282,,Guillermo Vilas
2473303,1980-08-11,5,100342,,Vitas Gerulaitis
2473399,1980-08-18,1,100437,,Bjorn Borg
2473400,1980-08-18,2,100581,,John McEnroe
2473401,1980-08-18,3,100284,,Jimmy Connors
2473402,1980-08-18,4,100282,,Guillermo Vilas
2473403,1980-08-18,5,100342,,Vitas Gerulaitis
2473499,1980-08-25,1,100437,,Bjorn Borg
2473500,1980-08-25,2,100581,,John McEnroe
2473501,1980-08-25,3,100284,,Jimmy Connors
2473502,1980-08-25,4,100282,,Guillermo Vilas
2473503,1980-08-25,5,100342,,Vitas Gerulaitis
2473599,1980-09-08,1,100437,,Bjorn Borg
2473600,1980-09-08,2,100581,,John McEnroe
2473601,1980-09-08,3,100284,,Jimmy Connors
2473602,1980-09-08,4,100282,,Guillermo Vilas
2473603,1980-09-08,5,100286,,Harold Solomon
2473699,1980-09-15,1,100437,,Bjorn Borg
2473700,1980-09-15,2,100581,,John McEnroe
2473701,1980-09-15,3,100284,,Jimmy Connors
2473702,1980-09-15,4,100282,,Guillermo Vilas
2473703,1980-09-15,5,100286,,Harold Solomon
2473799,1980-09-22,1,100437,,Bjorn Borg
2473800,1980-09-22,2,100581,,John McEnroe
2473801,1980-09-22,3,100284,,Jimmy Connors
2473802,1980-09-22,4,100282,,Guillermo Vilas
2473803,1980-09-22,5,100286,,Harold Solomon
2473899,1980-09-29,1,100437,,Bjorn Borg
2473900,1980-09-29,2,100581,,John McEnroe
2473901,1980-09-29,3,100284,,Jimmy Connors
2473902,1980-09-29,4,100282,,Guillermo Vilas
2473903,1980-09-29,5,100428,,Gene Mayer
2473999,1980-10-06,1,100437,,Bjorn Borg
2474000,1980-10-06,2,100581,,John McEnroe
2474001,1980-10-06,3,100284,,Jimmy Connors
2474002,1980-10-06,4,100428,,Gene Mayer
2474003,1980-10-06,5,100282,,Guillermo Vilas
2474099,1980-10-13,1,100437,,Bjorn Borg
2474100,1980-10-13,2,100581,,John McEnroe
2474101,1980-10-13,3,100284,,Jimmy Connors
2474102,1980-10-13,4,100282,,Guillermo Vilas
2474103,1980-10-13,5,100428,,Gene Mayer
2474199,1980-10-20,1,100437,,Bjorn Borg
2474200,1980-10-20,2,100581,,John McEnroe
2474201,1980-10-20,3,100284,,Jimmy Connors
2474202,1980-10-20,4,100282,,Guillermo Vilas
2474203,1980-10-20,5,100428,,Gene Mayer
2474299,1980-10-27,1,100437,,Bjorn Borg
2474300,1980-10-27,2,100581,,John McEnroe
2474301,1980-10-27,3,100284,,Jimmy Connors
2474302,1980-10-27,4,100282,,Guillermo Vilas
2474303,1980-10-27,5,100428,,Gene Mayer
2474399,1980-11-03,1,100437,,Bjorn Borg
2474400,1980-11-03,2,100581,,John McEnroe
2474401,1980-11-03,3,100284,,Jimmy Connors
2474402,1980-11-03,4,100282,,Guillermo Vilas
2474403,1980-11-03,5,100428,,Gene Mayer
2474499,1980-11-10,1,100437,,Bjorn Borg
2474500,1980-11-10,2,100284,,Jimmy Connors
2474501,1980-11-10,3,100581,,John McEnroe
2474502,1980-11-10,4,100282,,Guillermo Vilas
2474503,1980-11-10,5,100428,,Gene Mayer
2474599,1980-11-17,1,100437,,Bjorn Borg
2474600,1980-11-17,2,100581,,John McEnroe
2474601,1980-11-17,3,100284,,Jimmy Connors
2474602,1980-11-17,4,100282,,Guillermo Vilas
2474603,1980-11-17,5,100428,,Gene Mayer
2474699,1980-11-24,1,100437,,Bjorn Borg
2474700,1980-11-24,2,100581,,John McEnroe
2474701,1980-11-24,3,100284,,Jimmy Connors
2474702,1980-11-24,4,100282,,Guillermo Vilas
2474703,1980-11-24,5,100428,,Gene Mayer
2474800,1980-12-01,1,100437,,Bjorn Borg
2474801,1980-12-01,2,100581,,John McEnroe
2474802,1980-12-01,3,100284,,Jimmy Connors
2474803,1980-12-01,4,100282,,Guillermo Vilas
2474804,1980-12-01,5,100428,,Gene Mayer
2474901,1980-12-29,1,100437,,Bjorn Borg
2474902,1980-12-29,2,100581,,John McEnroe
2474903,1980-12-29,3,100284,,Jimmy Connors
2474904,1980-12-29,4,100282,,Guillermo Vilas
2474905,1980-12-29,5,100428,,Gene Mayer
2475002,1990-01-01,1,100656,2913.0,Ivan Lendl
2475003,1990-01-01,2,101414,2279.0,Boris Becker
2475004,1990-01-01,3,101222,2111.0,Stefan Edberg
2475005,1990-01-01,4,100763,1398.0,Brad Gilbert
2475006,1990-01-01,5,100581,1354.0,John McEnroe
2476277,1990-01-08,1,100656,2913.0,Ivan Lendl
2476278,1990-01-08,2,101414,2279.0,Boris Becker
2476279,1990-01-08,3,101222,2111.0,Stefan Edberg
2476280,1990-01-08,4,100763,1398.0,Brad Gilbert
2476281,1990-01-08,5,100581,1354.0,John McEnroe
2477568,1990-01-15,1,100656,2913.0,Ivan Lendl
2477569,1990-01-15,2,101414,2320.0,Boris Becker
2477570,1990-01-15,3,101222,2111.0,Stefan Edberg
2477571,1990-01-15,4,100763,1398.0,Brad Gilbert
2477572,1990-01-15,5,100581,1354.0,John McEnroe
2478855,1990-01-22,1,100656,,Ivan Lendl
2478856,1990-01-22,2,101414,,Boris Becker
2478857,1990-01-22,3,101222,,Stefan Edberg
2478858,1990-01-22,4,100763,,Brad Gilbert
2478859,1990-01-22,5,100581,,John McEnroe
2480142,1990-01-29,1,100656,3030.0,Ivan Lendl
2480143,1990-01-29,2,101414,2410.0,Boris Becker
2480144,1990-01-29,3,101222,2357.0,Stefan Edberg
2480145,1990-01-29,4,100763,1398.0,Brad Gilbert
2480146,1990-01-29,5,102021,1328.0,Michael Chang
2481425,1990-02-05,1,100656,,Ivan Lendl
2481426,1990-02-05,2,101414,,Boris Becker
2481427,1990-02-05,3,101222,,Stefan Edberg
2481428,1990-02-05,4,100763,,Brad Gilbert
2481429,1990-02-05,5,102021,,Michael Chang
2482708,1990-02-12,1,100656,3141.0,Ivan Lendl
2482709,1990-02-12,2,101414,2410.0,Boris Becker
2482710,1990-02-12,3,101222,2357.0,Stefan Edberg
2482711,1990-02-12,4,100581,1412.0,John McEnroe
2482712,1990-02-12,5,100763,1398.0,Brad Gilbert
2483999,1990-02-19,1,100656,3338.0,Ivan Lendl
2484000,1990-02-19,2,101414,2435.0,Boris Becker
2484001,1990-02-19,3,101222,2357.0,Stefan Edberg
2484002,1990-02-19,4,100581,1506.0,John McEnroe
2484003,1990-02-19,5,100763,1382.0,Brad Gilbert
2485289,1990-02-26,1,100656,3420.0,Ivan Lendl
2485290,1990-02-26,2,101414,2594.0,Boris Becker
2485291,1990-02-26,3,101222,2357.0,Stefan Edberg
2485292,1990-02-26,4,100763,1371.0,Brad Gilbert
2485293,1990-02-26,5,100581,1359.0,John McEnroe
2486571,1990-03-05,1,100656,3420.0,Ivan Lendl
2486572,1990-03-05,2,101414,2594.0,Boris Becker
2486573,1990-03-05,3,101222,2357.0,Stefan Edberg
2486574,1990-03-05,4,100763,1510.0,Brad Gilbert
2486575,1990-03-05,5,100581,1359.0,John McEnroe
2487847,1990-03-12,1,100656,3377.0,Ivan Lendl
2487848,1990-03-12,2,101414,2781.0,Boris Becker
2487849,1990-03-12,3,101222,2546.0,Stefan Edberg
2487850,1990-03-12,4,100763,1510.0,Brad Gilbert
2487851,1990-03-12,5,101736,1474.0,Andre Agassi
2489123,1990-03-19,1,100656,,Ivan Lendl
2489124,1990-03-19,2,101414,,Boris Becker
2489125,1990-03-19,3,101222,,Stefan Edberg
2489126,1990-03-19,4,100763,,Brad Gilbert
2489127,1990-03-19,5,101736,,Andre Agassi
2490400,1990-03-26,1,100656,3377.0,Ivan Lendl
2490401,1990-03-26,2,101222,2782.0,Stefan Edberg
2490402,1990-03-26,3,101414,2776.0,Boris Becker
2490403,1990-03-26,4,101736,1825.0,Andre Agassi
2490404,1990-03-26,5,100763,1476.0,Brad Gilbert
2491685,1990-04-02,1,100656,,Ivan Lendl
2491686,1990-04-02,2,101222,,Stefan Edberg
2491687,1990-04-02,3,101414,,Boris Becker
2491688,1990-04-02,4,101736,,Andre Agassi
2491689,1990-04-02,5,100763,,Brad Gilbert
2492970,1990-04-09,1,100656,3206.0,Ivan Lendl
2492971,1990-04-09,2,101222,2782.0,Stefan Edberg
2492972,1990-04-09,3,101414,2776.0,Boris Becker
2492973,1990-04-09,4,101736,1825.0,Andre Agassi
2492974,1990-04-09,5,100763,1566.0,Brad Gilbert
2494245,1990-04-16,1,100656,3201.0,Ivan Lendl
2494246,1990-04-16,2,101222,2891.0,Stefan Edberg
2494247,1990-04-16,3,101414,2776.0,Boris Becker
2494248,1990-04-16,4,101736,1825.0,Andre Agassi
2494249,1990-04-16,5,100763,1650.0,Brad Gilbert
2495510,1990-04-23,1,100656,3201.0,Ivan Lendl
2495511,1990-04-23,2,101222,2891.0,Stefan Edberg
2495512,1990-04-23,3,101414,2776.0,Boris Becker
2495513,1990-04-23,4,101736,1825.0,Andre Agassi
2495514,1990-04-23,5,100763,1650.0,Brad Gilbert
2496787,1990-04-30,1,100656,3201.0,Ivan Lendl
2496788,1990-04-30,2,101222,2891.0,Stefan Edberg
2496789,1990-04-30,3,101414,2692.0,Boris Becker
2496790,1990-04-30,4,101736,1825.0,Andre Agassi
2496791,1990-04-30,5,100763,1650.0,Brad Gilbert
2498055,1990-05-07,1,100656,3073.0,Ivan Lendl
2498056,1990-05-07,2,101222,2861.0,Stefan Edberg
2498057,1990-05-07,3,101414,2692.0,Boris Becker
2498058,1990-05-07,4,101736,1720.0,Andre Agassi
2498059,1990-05-07,5,100763,1630.0,Brad Gilbert
2499320,1990-05-14,1,100656,2932.0,Ivan Lendl
2499321,1990-05-14,2,101222,2861.0,Stefan Edberg
2499322,1990-05-14,3,101414,2796.0,Boris Becker
2499323,1990-05-14,4,101736,1751.0,Andre Agassi
2499324,1990-05-14,5,100763,1630.0,Brad Gilbert
2500583,1990-05-21,1,100656,2932.0,Ivan Lendl
2500584,1990-05-21,2,101222,2861.0,Stefan Edberg
2500585,1990-05-21,3,101414,2796.0,Boris Becker
2500586,1990-05-21,4,100763,1639.0,Brad Gilbert
2500587,1990-05-21,5,101736,1557.0,Andre Agassi
2501846,1990-05-28,1,100656,2932.0,Ivan Lendl
2501847,1990-05-28,2,101222,2861.0,Stefan Edberg
2501848,1990-05-28,3,101414,2796.0,Boris Becker
2501849,1990-05-28,4,100763,1639.0,Brad Gilbert
2501850,1990-05-28,5,101736,1557.0,Andre Agassi
2503108,1990-06-04,1,100656,,Ivan Lendl
2503109,1990-06-04,2,101222,,Stefan Edberg
2503110,1990-06-04,3,101414,,Boris Becker
2503111,1990-06-04,4,100763,,Brad Gilbert
2503112,1990-06-04,5,101736,,Andre Agassi
2504368,1990-06-11,1,100656,2909.0,Ivan Lendl
2504369,1990-06-11,2,101414,2578.0,Boris Becker
2504370,1990-06-11,3,101222,2544.0,Stefan Edberg
2504371,1990-06-11,4,100653,2005.0,Andres Gomez
2504372,1990-06-11,5,101736,1896.0,Andre Agassi
2505627,1990-06-18,1,100656,2976.0,Ivan Lendl
2505628,1990-06-18,2,101414,2752.0,Boris Becker
2505629,1990-06-18,3,101222,2606.0,Stefan Edberg
2505630,1990-06-18,4,100653,2005.0,Andres Gomez
2505631,1990-06-18,5,101736,1896.0,Andre Agassi
2506883,1990-06-25,1,100656,2976.0,Ivan Lendl
2506884,1990-06-25,2,101414,2752.0,Boris Becker
2506885,1990-06-25,3,101222,2606.0,Stefan Edberg
2506886,1990-06-25,4,100653,2005.0,Andres Gomez
2506887,1990-06-25,5,101736,1896.0,Andre Agassi
2508150,1990-07-02,1,100656,,Ivan Lendl
2508151,1990-07-02,2,101414,,Boris Becker
2508152,1990-07-02,3,101222,,Stefan Edberg
2508153,1990-07-02,4,100653,,Andres Gomez
2508154,1990-07-02,5,101736,,Andre Agassi
2509416,1990-07-09,1,100656,2995.0,Ivan Lendl
2509417,1990-07-09,2,101222,2783.0,Stefan Edberg
2509418,1990-07-09,3,101414,2639.0,Boris Becker
2509419,1990-07-09,4,100653,2005.0,Andres Gomez
2509420,1990-07-09,5,101736,1896.0,Andre Agassi
2510665,1990-07-16,1,100656,2995.0,Ivan Lendl
2510666,1990-07-16,2,101222,2783.0,Stefan Edberg
2510667,1990-07-16,3,101414,2639.0,Boris Becker
2510668,1990-07-16,4,101736,1825.0,Andre Agassi
2510669,1990-07-16,5,100653,1822.0,Andres Gomez
2511906,1990-07-23,1,100656,2995.0,Ivan Lendl
2511907,1990-07-23,2,101222,2783.0,Stefan Edberg
2511908,1990-07-23,3,101414,2639.0,Boris Becker
2511909,1990-07-23,4,101736,2056.0,Andre Agassi
2511910,1990-07-23,5,100653,1843.0,Andres Gomez
2513147,1990-07-30,1,100656,2995.0,Ivan Lendl
2513148,1990-07-30,2,101222,2783.0,Stefan Edberg
2513149,1990-07-30,3,101414,2639.0,Boris Becker
2513150,1990-07-30,4,101736,2126.0,Andre Agassi
2513151,1990-07-30,5,100653,1843.0,Andres Gomez
2514371,1990-08-06,1,100656,2995.0,Ivan Lendl
2514372,1990-08-06,2,101222,2905.0,Stefan Edberg
2514373,1990-08-06,3,101414,2653.0,Boris Becker
2514374,1990-08-06,4,101736,2101.0,Andre Agassi
2514375,1990-08-06,5,100653,1843.0,Andres Gomez
2515593,1990-08-13,1,101222,3209.0,Stefan Edberg
2515594,1990-08-13,2,100656,2995.0,Ivan Lendl
2515595,1990-08-13,3,101414,2653.0,Boris Becker
2515596,1990-08-13,4,101736,2145.0,Andre Agassi
2515597,1990-08-13,5,100653,1982.0,Andres Gomez
2516810,1990-08-20,1,101222,3070.0,Stefan Edberg
2516811,1990-08-20,2,101414,2844.0,Boris Becker
2516812,1990-08-20,3,100656,2813.0,Ivan Lendl
2516813,1990-08-20,4,101736,2103.0,Andre Agassi
2516814,1990-08-20,5,100653,1943.0,Andres Gomez
2518015,1990-08-27,1,101222,3216.0,Stefan Edberg
2518016,1990-08-27,2,101414,2844.0,Boris Becker
2518017,1990-08-27,3,100656,2813.0,Ivan Lendl
2518018,1990-08-27,4,101736,2103.0,Andre Agassi
2518019,1990-08-27,5,100653,1949.0,Andres Gomez
2519207,1990-09-10,1,101222,3195.0,Stefan Edberg
2519208,1990-09-10,2,101414,2665.0,Boris Becker
2519209,1990-09-10,3,100656,2567.0,Ivan Lendl
2519210,1990-09-10,4,101736,2292.0,Andre Agassi
2519211,1990-09-10,5,100653,1949.0,Andres Gomez
2520370,1990-09-17,1,101222,3195.0,Stefan Edberg
2520371,1990-09-17,2,101414,2665.0,Boris Becker
2520372,1990-09-17,3,100656,2567.0,Ivan Lendl
2520373,1990-09-17,4,101736,2292.0,Andre Agassi
2520374,1990-09-17,5,100653,1949.0,Andres Gomez
2521547,1990-09-24,1,101222,3195.0,Stefan Edberg
2521548,1990-09-24,2,101414,2665.0,Boris Becker
2521549,1990-09-24,3,100656,2484.0,Ivan Lendl
2521550,1990-09-24,4,101736,2292.0,Andre Agassi
2521551,1990-09-24,5,100653,1754.0,Andres Gomez
2522725,1990-10-01,1,101222,3195.0,Stefan Edberg
2522726,1990-10-01,2,101414,2665.0,Boris Becker
2522727,1990-10-01,3,100656,2359.0,Ivan Lendl
2522728,1990-10-01,4,101736,2292.0,Andre Agassi
2522729,1990-10-01,5,100653,1754.0,Andres Gomez
2523898,1990-10-08,1,101222,3314.0,Stefan Edberg
2523899,1990-10-08,2,101414,2945.0,Boris Becker
2523900,1990-10-08,3,100656,2492.0,Ivan Lendl
2523901,1990-10-08,4,101736,2129.0,Andre Agassi
2523902,1990-10-08,5,101948,1718.0,Pete Sampras
2525075,1990-10-15,1,101222,3436.0,Stefan Edberg
2525076,1990-10-15,2,101414,3121.0,Boris Becker
2525077,1990-10-15,3,100656,2712.0,Ivan Lendl
2525078,1990-10-15,4,101736,2129.0,Andre Agassi
2525079,1990-10-15,5,101948,1718.0,Pete Sampras
2526258,1990-10-22,1,101222,3384.0,Stefan Edberg
2526259,1990-10-22,2,101414,3121.0,Boris Becker
2526260,1990-10-22,3,100656,2712.0,Ivan Lendl
2526261,1990-10-22,4,101736,2107.0,Andre Agassi
2526262,1990-10-22,5,101948,1718.0,Pete Sampras
2527436,1990-10-29,1,101222,3600.0,Stefan Edberg
2527437,1990-10-29,2,101414,3453.0,Boris Becker
2527438,1990-10-29,3,100656,2712.0,Ivan Lendl
2527439,1990-10-29,4,101736,2108.0,Andre Agassi
2527440,1990-10-29,5,101948,1839.0,Pete Sampras
2528615,1990-11-05,1,101222,3770.0,Stefan Edberg
2528616,1990-11-05,2,101414,3449.0,Boris Becker
2528617,1990-11-05,3,100656,2755.0,Ivan Lendl
2528618,1990-11-05,4,101736,2108.0,Andre Agassi
2528619,1990-11-05,5,101948,1864.0,Pete Sampras
2529790,1990-11-12,1,101222,3674.0,Stefan Edberg
2529791,1990-11-12,2,101414,3449.0,Boris Becker
2529792,1990-11-12,3,100656,2482.0,Ivan Lendl
2529793,1990-11-12,4,101736,2048.0,Andre Agassi
2529794,1990-11-12,5,101948,1864.0,Pete Sampras
2530960,1990-11-19,1,101222,3889.0,Stefan Edberg
2530961,1990-11-19,2,101414,3528.0,Boris Becker
2530962,1990-11-19,3,100656,2581.0,Ivan Lendl
2530963,1990-11-19,4,101736,2398.0,Andre Agassi
2530964,1990-11-19,5,101948,1888.0,Pete Sampras
2532131,1990-11-26,1,101222,3889.0,Stefan Edberg
2532132,1990-11-26,2,101414,3528.0,Boris Becker
2532133,1990-11-26,3,100656,2581.0,Ivan Lendl
2532134,1990-11-26,4,101736,2398.0,Andre Agassi
2532135,1990-11-26,5,101948,1888.0,Pete Sampras
2533299,1990-12-03,1,101222,3889.0,Stefan Edberg
2533300,1990-12-03,2,101414,3528.0,Boris Becker
2533301,1990-12-03,3,100656,2581.0,Ivan Lendl
2533302,1990-12-03,4,101736,2398.0,Andre Agassi
2533303,1990-12-03,5,101948,1888.0,Pete Sampras
2534477,1990-12-10,1,101222,3889.0,Stefan Edberg
2534478,1990-12-10,2,101414,3528.0,Boris Becker
2534479,1990-12-10,3,100656,2581.0,Ivan Lendl
2534480,1990-12-10,4,101736,2398.0,Andre Agassi
2534481,1990-12-10,5,101948,1888.0,Pete Sampras
2535648,1990-12-17,1,101222,,Stefan Edberg
2535649,1990-12-17,2,101414,,Boris Becker
2535650,1990-12-17,3,100656,,Ivan Lendl
2535651,1990-12-17,4,101736,,Andre Agassi
2535652,1990-12-17,5,101948,,Pete Sampras
2536819,1990-12-24,1,101222,3889.0,Stefan Edberg
2536820,1990-12-24,2,101414,3528.0,Boris Becker
2536821,1990-12-24,3,100656,2581.0,Ivan Lendl
2536822,1990-12-24,4,101736,2398.0,Andre Agassi
2536823,1990-12-24,5,101948,1888.0,Pete Sampras
2537985,1990-12-31,1,101222,,Stefan Edberg
2537986,1990-12-31,2,101414,,Boris Becker
2537987,1990-12-31,3,100656,,Ivan Lendl
2537988,1990-12-31,4,101736,,Andre Agassi
2537989,1990-12-31,5,101948,,Pete Sampras
2539150,1991-01-07,1,101222,3889.0,Stefan Edberg
2539151,1991-01-07,2,101414,3528.0,Boris Becker
2539152,1991-01-07,3,100656,2581.0,Ivan Lendl
2539153,1991-01-07,4,101736,2398.0,Andre Agassi
2539154,1991-01-07,5,101948,1888.0,Pete Sampras
2540316,1991-01-14,1,101222,3889.0,Stefan Edberg
2540317,1991-01-14,2,101414,3528.0,Boris Becker
2540318,1991-01-14,3,100656,2541.0,Ivan Lendl
2540319,1991-01-14,4,101736,2398.0,Andre Agassi
2540320,1991-01-14,5,101948,1855.0,Pete Sampras
2541482,1991-01-21,1,101222,,Stefan Edberg
2541483,1991-01-21,2,101414,,Boris Becker
2541484,1991-01-21,3,100656,,Ivan Lendl
2541485,1991-01-21,4,101736,,Andre Agassi
2541486,1991-01-21,5,101948,,Pete Sampras
2542647,1991-01-28,1,101414,3935.0,Boris Becker
2542648,1991-01-28,2,101222,3802.0,Stefan Edberg
2542649,1991-01-28,3,100656,2519.0,Ivan Lendl
2542650,1991-01-28,4,101736,2398.0,Andre Agassi
2542651,1991-01-28,5,101948,1773.0,Pete Sampras
2543814,1991-02-04,1,101414,,Boris Becker
2543815,1991-02-04,2,101222,,Stefan Edberg
2543816,1991-02-04,3,100656,,Ivan Lendl
2543817,1991-02-04,4,101736,,Andre Agassi
2543818,1991-02-04,5,101948,,Pete Sampras
2544980,1991-02-11,1,101414,3935.0,Boris Becker
2544981,1991-02-11,2,101222,3802.0,Stefan Edberg
2544982,1991-02-11,3,100656,2353.0,Ivan Lendl
2544983,1991-02-11,4,101736,2318.0,Andre Agassi
2544984,1991-02-11,5,101948,1689.0,Pete Sampras
2546164,1991-02-18,1,101222,3853.0,Stefan Edberg
2546165,1991-02-18,2,101414,3836.0,Boris Becker
2546166,1991-02-18,3,100656,2369.0,Ivan Lendl
2546167,1991-02-18,4,101736,2319.0,Andre Agassi
2546168,1991-02-18,5,101948,1903.0,Pete Sampras
2547354,1991-02-25,1,101222,3997.0,Stefan Edberg
2547355,1991-02-25,2,101414,3382.0,Boris Becker
2547356,1991-02-25,3,100656,2416.0,Ivan Lendl
2547357,1991-02-25,4,101736,2278.0,Andre Agassi
2547358,1991-02-25,5,101098,1730.0,Guy Forget
2548543,1991-03-04,1,101222,3997.0,Stefan Edberg
2548544,1991-03-04,2,101414,3523.0,Boris Becker
2548545,1991-03-04,3,100656,2557.0,Ivan Lendl
2548546,1991-03-04,4,101736,2278.0,Andre Agassi
2548547,1991-03-04,5,101098,1730.0,Guy Forget
2549736,1991-03-11,1,101222,3846.0,Stefan Edberg
2549737,1991-03-11,2,101414,3407.0,Boris Becker
2549738,1991-03-11,3,100656,2557.0,Ivan Lendl
2549739,1991-03-11,4,101736,2069.0,Andre Agassi
2549740,1991-03-11,5,101098,1927.0,Guy Forget
2550936,1991-03-18,1,101222,,Stefan Edberg
2550937,1991-03-18,2,101414,,Boris Becker
2550938,1991-03-18,3,100656,,Ivan Lendl
2550939,1991-03-18,4,101736,,Andre Agassi
2550940,1991-03-18,5,101098,,Guy Forget
2552136,1991-03-25,1,101222,3786.0,Stefan Edberg
2552137,1991-03-25,2,101414,3440.0,Boris Becker
2552138,1991-03-25,3,100656,2509.0,Ivan Lendl
2552139,1991-03-25,4,101098,1927.0,Guy Forget
2552140,1991-03-25,5,101736,1713.0,Andre Agassi
2553337,1991-04-01,1,101222,3786.0,Stefan Edberg
2553338,1991-04-01,2,101414,3440.0,Boris Becker
2553339,1991-04-01,3,100656,2509.0,Ivan Lendl
2553340,1991-04-01,4,101098,1927.0,Guy Forget
2553341,1991-04-01,5,101736,1713.0,Andre Agassi
2554541,1991-04-08,1,101222,3786.0,Stefan Edberg
2554542,1991-04-08,2,101414,3440.0,Boris Becker
2554543,1991-04-08,3,100656,2509.0,Ivan Lendl
2554544,1991-04-08,4,101098,1927.0,Guy Forget
2554545,1991-04-08,5,101736,1843.0,Andre Agassi
2555744,1991-04-15,1,101222,3783.0,Stefan Edberg
2555745,1991-04-15,2,101414,3440.0,Boris Becker
2555746,1991-04-15,3,100656,2624.0,Ivan Lendl
2555747,1991-04-15,4,101098,1927.0,Guy Forget
2555748,1991-04-15,5,101736,1902.0,Andre Agassi
2556944,1991-04-22,1,101222,3783.0,Stefan Edberg
2556945,1991-04-22,2,101414,3440.0,Boris Becker
2556946,1991-04-22,3,100656,2624.0,Ivan Lendl
2556947,1991-04-22,4,101736,1902.0,Andre Agassi
2556948,1991-04-22,5,101098,1865.0,Guy Forget
2558131,1991-04-29,1,101222,3783.0,Stefan Edberg
2558132,1991-04-29,2,101414,3599.0,Boris Becker
2558133,1991-04-29,3,100656,2624.0,Ivan Lendl
2558134,1991-04-29,4,101736,1902.0,Andre Agassi
2558135,1991-04-29,5,101098,1849.0,Guy Forget
2559315,1991-05-06,1,101222,3783.0,Stefan Edberg
2559316,1991-05-06,2,101414,3599.0,Boris Becker
2559317,1991-05-06,3,100656,2696.0,Ivan Lendl
2559318,1991-05-06,4,101736,1902.0,Andre Agassi
2559319,1991-05-06,5,101098,1849.0,Guy Forget
2560500,1991-05-13,1,101222,3783.0,Stefan Edberg
2560501,1991-05-13,2,101414,3425.0,Boris Becker
2560502,1991-05-13,3,100656,2696.0,Ivan Lendl
2560503,1991-05-13,4,101736,1872.0,Andre Agassi
2560504,1991-05-13,5,101098,1673.0,Guy Forget
2561698,1991-05-20,1,101222,3783.0,Stefan Edberg
2561699,1991-05-20,2,101414,3425.0,Boris Becker
2561700,1991-05-20,3,100656,2696.0,Ivan Lendl
2561701,1991-05-20,4,101736,1872.0,Andre Agassi
2561702,1991-05-20,5,101843,1659.0,Sergi Bruguera
2562893,1991-05-27,1,101222,3783.0,Stefan Edberg
2562894,1991-05-27,2,101414,3425.0,Boris Becker
2562895,1991-05-27,3,100656,2696.0,Ivan Lendl
2562896,1991-05-27,4,101736,1872.0,Andre Agassi
2562897,1991-05-27,5,101843,1659.0,Sergi Bruguera
2564091,1991-06-03,1,101222,,Stefan Edberg
2564092,1991-06-03,2,101414,,Boris Becker
2564093,1991-06-03,3,100656,,Ivan Lendl
2564094,1991-06-03,4,101736,,Andre Agassi
2564095,1991-06-03,5,101843,,Sergi Bruguera
2565289,1991-06-10,1,101222,3814.0,Stefan Edberg
2565290,1991-06-10,2,101414,3721.0,Boris Becker
2565291,1991-06-10,3,100656,2696.0,Ivan Lendl
2565292,1991-06-10,4,101793,2070.0,Jim Courier
2565293,1991-06-10,5,101736,1982.0,Andre Agassi
2566493,1991-06-17,1,101222,3818.0,Stefan Edberg
2566494,1991-06-17,2,101414,3572.0,Boris Becker
2566495,1991-06-17,3,100656,2473.0,Ivan Lendl
2566496,1991-06-17,4,101793,2070.0,Jim Courier
2566497,1991-06-17,5,101736,1982.0,Andre Agassi
2567723,1991-06-24,1,101222,3818.0,Stefan Edberg
2567724,1991-06-24,2,101414,3572.0,Boris Becker
2567725,1991-06-24,3,100656,2473.0,Ivan Lendl
2567726,1991-06-24,4,101793,2070.0,Jim Courier
2567727,1991-06-24,5,101736,1982.0,Andre Agassi
2568961,1991-07-01,1,101222,,Stefan Edberg
2568962,1991-07-01,2,101414,,Boris Becker
2568963,1991-07-01,3,100656,,Ivan Lendl
2568964,1991-07-01,4,101793,,Jim Courier
2568965,1991-07-01,5,101736,,Andre Agassi
2570195,1991-07-08,1,101414,3658.0,Boris Becker
2570196,1991-07-08,2,101222,3575.0,Stefan Edberg
2570197,1991-07-08,3,100656,2283.0,Ivan Lendl
2570198,1991-07-08,4,101529,2258.0,Michael Stich
2570199,1991-07-08,5,101793,2197.0,Jim Courier
2571444,1991-07-15,1,101414,3658.0,Boris Becker
2571445,1991-07-15,2,101222,3575.0,Stefan Edberg
2571446,1991-07-15,3,100656,2283.0,Ivan Lendl
2571447,1991-07-15,4,101529,2258.0,Michael Stich
2571448,1991-07-15,5,101793,2181.0,Jim Courier
2572705,1991-07-22,1,101414,3658.0,Boris Becker
2572706,1991-07-22,2,101222,3575.0,Stefan Edberg
2572707,1991-07-22,3,101529,2479.0,Michael Stich
2572708,1991-07-22,4,100656,2283.0,Ivan Lendl
2572709,1991-07-22,5,101793,2181.0,Jim Courier
2573972,1991-07-29,1,101414,3658.0,Boris Becker
2573973,1991-07-29,2,101222,3575.0,Stefan Edberg
2573974,1991-07-29,3,101529,2479.0,Michael Stich
2573975,1991-07-29,4,100656,2407.0,Ivan Lendl
2573976,1991-07-29,5,101793,2301.0,Jim Courier
2575246,1991-08-05,1,101414,3642.0,Boris Becker
2575247,1991-08-05,2,101222,3575.0,Stefan Edberg
2575248,1991-08-05,3,101529,2479.0,Michael Stich
2575249,1991-08-05,4,100656,2407.0,Ivan Lendl
2575250,1991-08-05,5,101793,2301.0,Jim Courier
2576529,1991-08-12,1,101414,3786.0,Boris Becker
2576530,1991-08-12,2,101222,3353.0,Stefan Edberg
2576531,1991-08-12,3,101529,2479.0,Michael Stich
2576532,1991-08-12,4,100656,2422.0,Ivan Lendl
2576533,1991-08-12,5,101793,2375.0,Jim Courier
2577801,1991-08-19,1,101414,3728.0,Boris Becker
2577802,1991-08-19,2,101222,3353.0,Stefan Edberg
2577803,1991-08-19,3,101529,2479.0,Michael Stich
2577804,1991-08-19,4,101793,2463.0,Jim Courier
2577805,1991-08-19,5,100656,2422.0,Ivan Lendl
2579074,1991-08-26,1,101414,3728.0,Boris Becker
2579075,1991-08-26,2,101222,3310.0,Stefan Edberg
2579076,1991-08-26,3,100656,2575.0,Ivan Lendl
2579077,1991-08-26,4,101529,2573.0,Michael Stich
2579078,1991-08-26,5,101793,2463.0,Jim Courier
2580347,1991-09-02,1,101414,,Boris Becker
2580348,1991-09-02,2,101222,,Stefan Edberg
2580349,1991-09-02,3,100656,,Ivan Lendl
2580350,1991-09-02,4,101529,,Michael Stich
2580351,1991-09-02,5,101793,,Jim Courier
2581617,1991-09-09,1,101222,3778.0,Stefan Edberg
2581618,1991-09-09,2,101414,3501.0,Boris Becker
2581619,1991-09-09,3,101793,2885.0,Jim Courier
2581620,1991-09-09,4,100656,2789.0,Ivan Lendl
2581621,1991-09-09,5,101529,2666.0,Michael Stich
2582899,1991-09-16,1,101222,3778.0,Stefan Edberg
2582900,1991-09-16,2,101414,3501.0,Boris Becker
2582901,1991-09-16,3,101793,2885.0,Jim Courier
2582902,1991-09-16,4,100656,2789.0,Ivan Lendl
2582903,1991-09-16,5,101529,2666.0,Michael Stich
2584179,1991-09-23,1,101222,3778.0,Stefan Edberg
2584180,1991-09-23,2,101414,3501.0,Boris Becker
2584181,1991-09-23,3,101793,2885.0,Jim Courier
2584182,1991-09-23,4,100656,2789.0,Ivan Lendl
2584183,1991-09-23,5,101529,2666.0,Michael Stich
2585466,1991-09-30,1,101222,3778.0,Stefan Edberg
2585467,1991-09-30,2,101414,3501.0,Boris Becker
2585468,1991-09-30,3,101793,2885.0,Jim Courier
2585469,1991-09-30,4,100656,2789.0,Ivan Lendl
2585470,1991-09-30,5,101529,2666.0,Michael Stich
2586754,1991-10-07,1,101222,3833.0,Stefan Edberg
2586755,1991-10-07,2,101414,3208.0,Boris Becker
2586756,1991-10-07,3,101793,2885.0,Jim Courier
2586757,1991-10-07,4,100656,2696.0,Ivan Lendl
2586758,1991-10-07,5,101529,2666.0,Michael Stich
2588039,1991-10-14,1,101222,3980.0,Stefan Edberg
2588040,1991-10-14,2,101414,3069.0,Boris Becker
2588041,1991-10-14,3,101793,2885.0,Jim Courier
2588042,1991-10-14,4,101529,2666.0,Michael Stich
2588043,1991-10-14,5,100656,2497.0,Ivan Lendl
2589326,1991-10-21,1,101222,3980.0,Stefan Edberg
2589327,1991-10-21,2,101414,3069.0,Boris Becker
2589328,1991-10-21,3,101793,2885.0,Jim Courier
2589329,1991-10-21,4,101529,2766.0,Michael Stich
2589330,1991-10-21,5,100656,2497.0,Ivan Lendl
2590616,1991-10-28,1,101222,3952.0,Stefan Edberg
2590617,1991-10-28,2,101414,3093.0,Boris Becker
2590618,1991-10-28,3,101793,3028.0,Jim Courier
2590619,1991-10-28,4,101529,2766.0,Michael Stich
2590620,1991-10-28,5,100656,2497.0,Ivan Lendl
2591919,1991-11-04,1,101222,3679.0,Stefan Edberg
2591920,1991-11-04,2,101793,3010.0,Jim Courier
2591921,1991-11-04,3,101414,2852.0,Boris Becker
2591922,1991-11-04,4,101529,2675.0,Michael Stich
2591923,1991-11-04,5,100656,2485.0,Ivan Lendl
2593211,1991-11-11,1,101222,3679.0,Stefan Edberg
2593212,1991-11-11,2,101793,3010.0,Jim Courier
2593213,1991-11-11,3,101414,2852.0,Boris Becker
2593214,1991-11-11,4,101529,2675.0,Michael Stich
2593215,1991-11-11,5,100656,2485.0,Ivan Lendl
2594493,1991-11-18,1,101222,3515.0,Stefan Edberg
2594494,1991-11-18,2,101793,3205.0,Jim Courier
2594495,1991-11-18,3,101414,2822.0,Boris Becker
2594496,1991-11-18,4,101529,2675.0,Michael Stich
2594497,1991-11-18,5,100656,2565.0,Ivan Lendl
2595779,1991-11-25,1,101222,3515.0,Stefan Edberg
2595780,1991-11-25,2,101793,3205.0,Jim Courier
2595781,1991-11-25,3,101414,2822.0,Boris Becker
2595782,1991-11-25,4,101529,2675.0,Michael Stich
2595783,1991-11-25,5,100656,2565.0,Ivan Lendl
2597070,1991-12-02,1,101222,3515.0,Stefan Edberg
2597071,1991-12-02,2,101793,3205.0,Jim Courier
2597072,1991-12-02,3,101414,2822.0,Boris Becker
2597073,1991-12-02,4,101529,2675.0,Michael Stich
2597074,1991-12-02,5,100656,2565.0,Ivan Lendl
2598363,1991-12-09,1,101222,,Stefan Edberg
2598364,1991-12-09,2,101793,,Jim Courier
2598365,1991-12-09,3,101414,,Boris Becker
2598366,1991-12-09,4,101529,,Michael Stich
2598367,1991-12-09,5,100656,,Ivan Lendl
2599657,1991-12-16,1,101222,,Stefan Edberg
2599658,1991-12-16,2,101793,,Jim Courier
2599659,1991-12-16,3,101414,,Boris Becker
2599660,1991-12-16,4,101529,,Michael Stich
2599661,1991-12-16,5,100656,,Ivan Lendl
2600951,1991-12-23,1,101222,3515.0,Stefan Edberg
2600952,1991-12-23,2,101793,3205.0,Jim Courier
2600953,1991-12-23,3,101414,2822.0,Boris Becker
2600954,1991-12-23,4,101529,2675.0,Michael Stich
2600955,1991-12-23,5,100656,2565.0,Ivan Lendl
2602255,1991-12-30,1,101222,,Stefan Edberg
2602256,1991-12-30,2,101793,,Jim Courier
2602257,1991-12-30,3,101414,,Boris Becker
2602258,1991-12-30,4,101529,,Michael Stich
2602259,1991-12-30,5,100656,,Ivan Lendl
2603559,1992-01-06,1,101222,3515.0,Stefan Edberg
2603560,1992-01-06,2,101793,3199.0,Jim Courier
2603561,1992-01-06,3,101414,2822.0,Boris Becker
2603562,1992-01-06,4,101529,2623.0,Michael Stich
2603563,1992-01-06,5,100656,2565.0,Ivan Lendl
2604863,1992-01-13,1,101222,3515.0,Stefan Edberg
2604864,1992-01-13,2,101793,3199.0,Jim Courier
2604865,1992-01-13,3,101414,2822.0,Boris Becker
2604866,1992-01-13,4,100656,2565.0,Ivan Lendl
2604867,1992-01-13,5,101529,2540.0,Michael Stich
2606169,1992-01-20,1,101222,,Stefan Edberg
2606170,1992-01-20,2,101793,,Jim Courier
2606171,1992-01-20,3,101414,,Boris Becker
2606172,1992-01-20,4,100656,,Ivan Lendl
2606173,1992-01-20,5,101529,,Michael Stich
2607475,1992-01-27,1,101222,3671.0,Stefan Edberg
2607476,1992-01-27,2,101793,3652.0,Jim Courier
2607477,1992-01-27,3,101529,2648.0,Michael Stich
2607478,1992-01-27,4,101948,2492.0,Pete Sampras
2607479,1992-01-27,5,101414,2324.0,Boris Becker
2608773,1992-02-03,1,101222,,Stefan Edberg
2608774,1992-02-03,2,101793,,Jim Courier
2608775,1992-02-03,3,101529,,Michael Stich
2608776,1992-02-03,4,101948,,Pete Sampras
2608777,1992-02-03,5,101414,,Boris Becker
2610071,1992-02-10,1,101793,3721.0,Jim Courier
2610072,1992-02-10,2,101222,3671.0,Stefan Edberg
2610073,1992-02-10,3,101529,2648.0,Michael Stich
2610074,1992-02-10,4,101948,2492.0,Pete Sampras
2610075,1992-02-10,5,101414,2324.0,Boris Becker
2611358,1992-02-17,1,101793,3884.0,Jim Courier
2611359,1992-02-17,2,101222,3698.0,Stefan Edberg
2611360,1992-02-17,3,101529,2627.0,Michael Stich
2611361,1992-02-17,4,101414,2518.0,Boris Becker
2611362,1992-02-17,5,101948,2336.0,Pete Sampras
2612641,1992-02-24,1,101793,3884.0,Jim Courier
2612642,1992-02-24,2,101222,3642.0,Stefan Edberg
2612643,1992-02-24,3,101948,2580.0,Pete Sampras
2612644,1992-02-24,4,101414,2542.0,Boris Becker
2612645,1992-02-24,5,101529,2460.0,Michael Stich
2613925,1992-03-02,1,101793,3884.0,Jim Courier
2613926,1992-03-02,2,101222,3642.0,Stefan Edberg
2613927,1992-03-02,3,101414,2738.0,Boris Becker
2613928,1992-03-02,4,101948,2580.0,Pete Sampras
2613929,1992-03-02,5,101529,2460.0,Michael Stich
2615212,1992-03-09,1,101793,3585.0,Jim Courier
2615213,1992-03-09,2,101222,3552.0,Stefan Edberg
2615214,1992-03-09,3,101414,2738.0,Boris Becker
2615215,1992-03-09,4,101948,2580.0,Pete Sampras
2615216,1992-03-09,5,101529,2499.0,Michael Stich
2616487,1992-03-16,1,101793,,Jim Courier
2616488,1992-03-16,2,101222,,Stefan Edberg
2616489,1992-03-16,3,101414,,Boris Becker
2616490,1992-03-16,4,101948,,Pete Sampras
2616491,1992-03-16,5,101529,,Michael Stich
2617763,1992-03-23,1,101222,3419.0,Stefan Edberg
2617764,1992-03-23,2,101793,3397.0,Jim Courier
2617765,1992-03-23,3,101414,2757.0,Boris Becker
2617766,1992-03-23,4,101948,2624.0,Pete Sampras
2617767,1992-03-23,5,101529,2476.0,Michael Stich
2619031,1992-03-30,1,101222,,Stefan Edberg
2619032,1992-03-30,2,101793,,Jim Courier
2619033,1992-03-30,3,101414,,Boris Becker
2619034,1992-03-30,4,101948,,Pete Sampras
2619035,1992-03-30,5,101529,,Michael Stich
2620300,1992-04-06,1,101222,3419.0,Stefan Edberg
2620301,1992-04-06,2,101793,3397.0,Jim Courier
2620302,1992-04-06,3,101414,2757.0,Boris Becker
2620303,1992-04-06,4,101948,2611.0,Pete Sampras
2620304,1992-04-06,5,101529,2476.0,Michael Stich
2621576,1992-04-13,1,101793,3553.0,Jim Courier
2621577,1992-04-13,2,101222,3241.0,Stefan Edberg
2621578,1992-04-13,3,101414,2757.0,Boris Becker
2621579,1992-04-13,4,101948,2611.0,Pete Sampras
2621580,1992-04-13,5,101529,2470.0,Michael Stich
2622855,1992-04-20,1,101793,3655.0,Jim Courier
2622856,1992-04-20,2,101222,3241.0,Stefan Edberg
2622857,1992-04-20,3,101414,2757.0,Boris Becker
2622858,1992-04-20,4,101948,2633.0,Pete Sampras
2622859,1992-04-20,5,101529,2470.0,Michael Stich
2624130,1992-04-27,1,101793,3655.0,Jim Courier
2624131,1992-04-27,2,101222,3241.0,Stefan Edberg
2624132,1992-04-27,3,101948,2633.0,Pete Sampras
2624133,1992-04-27,4,101414,2561.0,Boris Becker
2624134,1992-04-27,5,101529,2522.0,Michael Stich
2625402,1992-05-04,1,101793,3655.0,Jim Courier
2625403,1992-05-04,2,101222,3241.0,Stefan Edberg
2625404,1992-05-04,3,101948,2679.0,Pete Sampras
2625405,1992-05-04,4,101414,2561.0,Boris Becker
2625406,1992-05-04,5,101529,2531.0,Michael Stich
2626669,1992-05-11,1,101793,3655.0,Jim Courier
2626670,1992-05-11,2,101222,3523.0,Stefan Edberg
2626671,1992-05-11,3,101414,2694.0,Boris Becker
2626672,1992-05-11,4,101948,2679.0,Pete Sampras
2626673,1992-05-11,5,101529,2626.0,Michael Stich
2627930,1992-05-18,1,101793,3898.0,Jim Courier
2627931,1992-05-18,2,101222,3523.0,Stefan Edberg
2627932,1992-05-18,3,101948,2710.0,Pete Sampras
2627933,1992-05-18,4,101414,2694.0,Boris Becker
2627934,1992-05-18,5,101529,2626.0,Michael Stich
2629194,1992-05-25,1,101793,3898.0,Jim Courier
2629195,1992-05-25,2,101222,3523.0,Stefan Edberg
2629196,1992-05-25,3,101948,2710.0,Pete Sampras
2629197,1992-05-25,4,101414,2694.0,Boris Becker
2629198,1992-05-25,5,101529,2626.0,Michael Stich
2630300,1992-06-01,1,101793,,Jim Courier
2630301,1992-06-01,2,101222,,Stefan Edberg
2630302,1992-06-01,3,101948,,Pete Sampras
2630303,1992-06-01,4,101414,,Boris Becker
2630304,1992-06-01,5,101529,,Michael Stich
2631557,1992-06-08,1,101793,3885.0,Jim Courier
2631558,1992-06-08,2,101222,3404.0,Stefan Edberg
2631559,1992-06-08,3,101948,2793.0,Pete Sampras
2631560,1992-06-08,4,101414,2406.0,Boris Becker
2631561,1992-06-08,5,101529,2393.0,Michael Stich
2632809,1992-06-15,1,101793,3885.0,Jim Courier
2632810,1992-06-15,2,101222,3327.0,Stefan Edberg
2632811,1992-06-15,3,101948,2793.0,Pete Sampras
2632812,1992-06-15,4,101529,2455.0,Michael Stich
2632813,1992-06-15,5,101414,2406.0,Boris Becker
2634078,1992-06-22,1,101793,3885.0,Jim Courier
2634079,1992-06-22,2,101222,3327.0,Stefan Edberg
2634080,1992-06-22,3,101948,2760.0,Pete Sampras
2634081,1992-06-22,4,101529,2455.0,Michael Stich
2634082,1992-06-22,5,101414,2406.0,Boris Becker
2635341,1992-06-29,1,101793,,Jim Courier
2635342,1992-06-29,2,101222,,Stefan Edberg
2635343,1992-06-29,3,101948,,Pete Sampras
2635344,1992-06-29,4,101529,,Michael Stich
2635345,1992-06-29,5,101414,,Boris Becker
2636601,1992-07-06,1,101793,3848.0,Jim Courier
2636602,1992-07-06,2,101222,3165.0,Stefan Edberg
2636603,1992-07-06,3,101948,3028.0,Pete Sampras
2636604,1992-07-06,4,101964,2325.0,Goran Ivanisevic
2636605,1992-07-06,5,101434,2209.0,Petr Korda
2637846,1992-07-13,1,101793,3848.0,Jim Courier
2637847,1992-07-13,2,101222,3165.0,Stefan Edberg
2637848,1992-07-13,3,101948,3028.0,Pete Sampras
2637849,1992-07-13,4,101964,2267.0,Goran Ivanisevic
2637850,1992-07-13,5,101434,2209.0,Petr Korda
2639090,1992-07-20,1,101793,3848.0,Jim Courier
2639091,1992-07-20,2,101222,3172.0,Stefan Edberg
2639092,1992-07-20,3,101948,3028.0,Pete Sampras
2639093,1992-07-20,4,101964,2319.0,Goran Ivanisevic
2639094,1992-07-20,5,101434,2271.0,Petr Korda
2640329,1992-07-27,1,101793,3781.0,Jim Courier
2640330,1992-07-27,2,101222,3172.0,Stefan Edberg
2640331,1992-07-27,3,101948,3105.0,Pete Sampras
2640332,1992-07-27,4,101964,2319.0,Goran Ivanisevic
2640333,1992-07-27,5,101414,2114.0,Boris Becker
2641577,1992-08-03,1,101793,3781.0,Jim Courier
2641578,1992-08-03,2,101222,3169.0,Stefan Edberg
2641579,1992-08-03,3,101948,3051.0,Pete Sampras
2641580,1992-08-03,4,101964,2319.0,Goran Ivanisevic
2641581,1992-08-03,5,101414,2114.0,Boris Becker
2642815,1992-08-10,1,101793,3664.0,Jim Courier
2642816,1992-08-10,2,101222,3146.0,Stefan Edberg
2642817,1992-08-10,3,101948,2830.0,Pete Sampras
2642818,1992-08-10,4,101964,2319.0,Goran Ivanisevic
2642819,1992-08-10,5,102021,2078.0,Michael Chang
2644068,1992-08-17,1,101793,3553.0,Jim Courier
2644069,1992-08-17,2,101222,3263.0,Stefan Edberg
2644070,1992-08-17,3,101948,2864.0,Pete Sampras
2644071,1992-08-17,4,102021,2147.0,Michael Chang
2644072,1992-08-17,5,101964,2120.0,Goran Ivanisevic
2645330,1992-08-24,1,101793,3696.0,Jim Courier
2645331,1992-08-24,2,101222,3503.0,Stefan Edberg
2645332,1992-08-24,3,101948,3116.0,Pete Sampras
2645333,1992-08-24,4,102021,2179.0,Michael Chang
2645334,1992-08-24,5,101964,2154.0,Goran Ivanisevic
2646608,1992-08-31,1,101793,3696.0,Jim Courier
2646609,1992-08-31,2,101222,3503.0,Stefan Edberg
2646610,1992-08-31,3,101948,3116.0,Pete Sampras
2646611,1992-08-31,4,102021,2222.0,Michael Chang
2646612,1992-08-31,5,101964,2154.0,Goran Ivanisevic
2647886,1992-09-07,1,101793,,Jim Courier
2647887,1992-09-07,2,101222,,Stefan Edberg
2647888,1992-09-07,3,101948,,Pete Sampras
2647889,1992-09-07,4,102021,,Michael Chang
2647890,1992-09-07,5,101964,,Goran Ivanisevic
2649164,1992-09-14,1,101222,3577.0,Stefan Edberg
2649165,1992-09-14,2,101793,3574.0,Jim Courier
2649166,1992-09-14,3,101948,3442.0,Pete Sampras
2649167,1992-09-14,4,102021,2447.0,Michael Chang
2649168,1992-09-14,5,101964,2103.0,Goran Ivanisevic
2650446,1992-09-21,1,101222,3577.0,Stefan Edberg
2650447,1992-09-21,2,101793,3574.0,Jim Courier
2650448,1992-09-21,3,101948,3442.0,Pete Sampras
2650449,1992-09-21,4,102021,2447.0,Michael Chang
2650450,1992-09-21,5,101964,2103.0,Goran Ivanisevic
2651725,1992-09-28,1,101222,3577.0,Stefan Edberg
2651726,1992-09-28,2,101793,3574.0,Jim Courier
2651727,1992-09-28,3,101948,3442.0,Pete Sampras
2651728,1992-09-28,4,102021,2435.0,Michael Chang
2651729,1992-09-28,5,101964,2103.0,Goran Ivanisevic
2653012,1992-10-05,1,101793,3574.0,Jim Courier
2653013,1992-10-05,2,101948,3366.0,Pete Sampras
2653014,1992-10-05,3,101222,3345.0,Stefan Edberg
2653015,1992-10-05,4,102021,2428.0,Michael Chang
2653016,1992-10-05,5,101434,2215.0,Petr Korda
2654299,1992-10-12,1,101793,3574.0,Jim Courier
2654300,1992-10-12,2,101948,3366.0,Pete Sampras
2654301,1992-10-12,3,101222,3252.0,Stefan Edberg
2654302,1992-10-12,4,102021,2400.0,Michael Chang
2654303,1992-10-12,5,101434,2170.0,Petr Korda
2655588,1992-10-19,1,101793,3574.0,Jim Courier
2655589,1992-10-19,2,101222,3254.0,Stefan Edberg
2655590,1992-10-19,3,101948,3239.0,Pete Sampras
2655591,1992-10-19,4,102021,2470.0,Michael Chang
2655592,1992-10-19,5,101964,2155.0,Goran Ivanisevic
2656878,1992-10-26,1,101793,3439.0,Jim Courier
2656879,1992-10-26,2,101948,3402.0,Pete Sampras
2656880,1992-10-26,3,101222,3093.0,Stefan Edberg
2656881,1992-10-26,4,102021,2470.0,Michael Chang
2656882,1992-10-26,5,101434,2161.0,Petr Korda
2658148,1992-11-02,1,101793,3424.0,Jim Courier
2658149,1992-11-02,2,101948,3299.0,Pete Sampras
2658150,1992-11-02,3,101222,3204.0,Stefan Edberg
2658151,1992-11-02,4,101964,2408.0,Goran Ivanisevic
2658152,1992-11-02,5,102021,2294.0,Michael Chang
2659439,1992-11-09,1,101793,3500.0,Jim Courier
2659440,1992-11-09,2,101948,3299.0,Pete Sampras
2659441,1992-11-09,3,101222,3236.0,Stefan Edberg
2659442,1992-11-09,4,101964,2564.0,Goran Ivanisevic
2659443,1992-11-09,5,101414,2215.0,Boris Becker
2660735,1992-11-16,1,101793,3379.0,Jim Courier
2660736,1992-11-16,2,101222,3236.0,Stefan Edberg
2660737,1992-11-16,3,101948,2937.0,Pete Sampras
2660738,1992-11-16,4,101964,2564.0,Goran Ivanisevic
2660739,1992-11-16,5,102021,2277.0,Michael Chang
2662043,1992-11-23,1,101793,3599.0,Jim Courier
2662044,1992-11-23,2,101222,3236.0,Stefan Edberg
2662045,1992-11-23,3,101948,3074.0,Pete Sampras
2662046,1992-11-23,4,101964,2718.0,Goran Ivanisevic
2662047,1992-11-23,5,101414,2530.0,Boris Becker
2663339,1992-11-30,1,101793,3599.0,Jim Courier
2663340,1992-11-30,2,101222,3236.0,Stefan Edberg
2663341,1992-11-30,3,101948,3074.0,Pete Sampras
2663342,1992-11-30,4,101964,2718.0,Goran Ivanisevic
2663343,1992-11-30,5,101414,2530.0,Boris Becker
2664620,1992-12-07,1,101793,3599.0,Jim Courier
2664621,1992-12-07,2,101222,3236.0,Stefan Edberg
2664622,1992-12-07,3,101948,3074.0,Pete Sampras
2664623,1992-12-07,4,101964,2718.0,Goran Ivanisevic
2664624,1992-12-07,5,101414,2530.0,Boris Becker
2665916,1992-12-14,1,101793,3599.0,Jim Courier
2665917,1992-12-14,2,101222,3236.0,Stefan Edberg
2665918,1992-12-14,3,101948,3074.0,Pete Sampras
2665919,1992-12-14,4,101964,2718.0,Goran Ivanisevic
2665920,1992-12-14,5,101414,2530.0,Boris Becker
2667214,1992-12-21,1,101793,3599.0,Jim Courier
2667215,1992-12-21,2,101222,3236.0,Stefan Edberg
2667216,1992-12-21,3,101948,3074.0,Pete Sampras
2667217,1992-12-21,4,101964,2718.0,Goran Ivanisevic
2667218,1992-12-21,5,101414,2530.0,Boris Becker
2668500,1992-12-28,1,101793,,Jim Courier
2668501,1992-12-28,2,101222,,Stefan Edberg
2668502,1992-12-28,3,101948,,Pete Sampras
2668503,1992-12-28,4,101964,,Goran Ivanisevic
2668504,1992-12-28,5,101414,,Boris Becker
2669785,1993-01-04,1,101793,,Jim Courier
2669786,1993-01-04,2,101222,,Stefan Edberg
2669787,1993-01-04,3,101948,,Pete Sampras
2669788,1993-01-04,4,101964,,Goran Ivanisevic
2669789,1993-01-04,5,101414,,Boris Becker
2671070,1993-01-11,1,101793,3599.0,Jim Courier
2671071,1993-01-11,2,101222,3244.0,Stefan Edberg
2671072,1993-01-11,3,101948,3074.0,Pete Sampras
2671073,1993-01-11,4,101414,2751.0,Boris Becker
2671074,1993-01-11,5,101964,2716.0,Goran Ivanisevic
2672359,1993-01-18,1,101793,3599.0,Jim Courier
2672360,1993-01-18,2,101222,3244.0,Stefan Edberg
2672361,1993-01-18,3,101948,3203.0,Pete Sampras
2672362,1993-01-18,4,101414,2751.0,Boris Becker
2672363,1993-01-18,5,101964,2716.0,Goran Ivanisevic
2673649,1993-01-25,1,101793,,Jim Courier
2673650,1993-01-25,2,101222,,Stefan Edberg
2673651,1993-01-25,3,101948,,Pete Sampras
2673652,1993-01-25,4,101414,,Boris Becker
2673653,1993-01-25,5,101964,,Goran Ivanisevic
2674939,1993-02-01,1,101793,3667.0,Jim Courier
2674940,1993-02-01,2,101948,3399.0,Pete Sampras
2674941,1993-02-01,3,101222,3271.0,Stefan Edberg
2674942,1993-02-01,4,101414,2751.0,Boris Becker
2674943,1993-02-01,5,101964,2716.0,Goran Ivanisevic
2676237,1993-02-08,1,101793,3588.0,Jim Courier
2676238,1993-02-08,2,101948,3399.0,Pete Sampras
2676239,1993-02-08,3,101222,3271.0,Stefan Edberg
2676240,1993-02-08,4,101414,2751.0,Boris Becker
2676241,1993-02-08,5,101964,2610.0,Goran Ivanisevic
2677529,1993-02-15,1,101793,3615.0,Jim Courier
2677530,1993-02-15,2,101948,3399.0,Pete Sampras
2677531,1993-02-15,3,101222,3182.0,Stefan Edberg
2677532,1993-02-15,4,101414,2728.0,Boris Becker
2677533,1993-02-15,5,101964,2595.0,Goran Ivanisevic
2678824,1993-02-22,1,101793,3572.0,Jim Courier
2678825,1993-02-22,2,101948,3241.0,Pete Sampras
2678826,1993-02-22,3,101222,3021.0,Stefan Edberg
2678827,1993-02-22,4,101414,2888.0,Boris Becker
2678828,1993-02-22,5,102021,2326.0,Michael Chang
2680115,1993-03-01,1,101793,3572.0,Jim Courier
2680116,1993-03-01,2,101948,3241.0,Pete Sampras
2680117,1993-03-01,3,101222,3021.0,Stefan Edberg
2680118,1993-03-01,4,101414,2701.0,Boris Becker
2680119,1993-03-01,5,102021,2326.0,Michael Chang
2681405,1993-03-08,1,101793,3916.0,Jim Courier
2681406,1993-03-08,2,101948,3241.0,Pete Sampras
2681407,1993-03-08,3,101222,3021.0,Stefan Edberg
2681408,1993-03-08,4,101414,2701.0,Boris Becker
2681409,1993-03-08,5,101434,2347.0,Petr Korda
2682701,1993-03-15,1,101793,,Jim Courier
2682702,1993-03-15,2,101948,,Pete Sampras
2682703,1993-03-15,3,101222,,Stefan Edberg
2682704,1993-03-15,4,101414,,Boris Becker
2682705,1993-03-15,5,101434,,Petr Korda
2683996,1993-03-22,1,101793,3781.0,Jim Courier
2683997,1993-03-22,2,101948,3559.0,Pete Sampras
2683998,1993-03-22,3,101222,3054.0,Stefan Edberg
2683999,1993-03-22,4,101414,2680.0,Boris Becker
2684000,1993-03-22,5,101434,2452.0,Petr Korda
2685285,1993-03-29,1,101793,,Jim Courier
2685286,1993-03-29,2,101948,,Pete Sampras
2685287,1993-03-29,3,101222,,Stefan Edberg
2685288,1993-03-29,4,101414,,Boris Becker
2685289,1993-03-29,5,101434,,Petr Korda
2686573,1993-04-05,1,101793,3829.0,Jim Courier
2686574,1993-04-05,2,101948,3559.0,Pete Sampras
2686575,1993-04-05,3,101222,3054.0,Stefan Edberg
2686576,1993-04-05,4,101414,2680.0,Boris Becker
2686577,1993-04-05,5,101434,2452.0,Petr Korda
2687871,1993-04-12,1,101948,3736.0,Pete Sampras
2687872,1993-04-12,2,101793,3563.0,Jim Courier
2687873,1993-04-12,3,101222,2972.0,Stefan Edberg
2687874,1993-04-12,4,101414,2680.0,Boris Becker
2687875,1993-04-12,5,101434,2452.0,Petr Korda
2689169,1993-04-19,1,101948,3826.0,Pete Sampras
2689170,1993-04-19,2,101793,3517.0,Jim Courier
2689171,1993-04-19,3,101222,2985.0,Stefan Edberg
2689172,1993-04-19,4,101414,2680.0,Boris Becker
2689173,1993-04-19,5,101434,2452.0,Petr Korda
2690467,1993-04-26,1,101948,3826.0,Pete Sampras
2690468,1993-04-26,2,101793,3517.0,Jim Courier
2690469,1993-04-26,3,101222,3091.0,Stefan Edberg
2690470,1993-04-26,4,101414,2675.0,Boris Becker
2690471,1993-04-26,5,101434,2452.0,Petr Korda
2691767,1993-05-03,1,101948,3826.0,Pete Sampras
2691768,1993-05-03,2,101793,3517.0,Jim Courier
2691769,1993-05-03,3,101222,3259.0,Stefan Edberg
2691770,1993-05-03,4,101414,2675.0,Boris Becker
2691771,1993-05-03,5,101434,2443.0,Petr Korda
2693067,1993-05-10,1,101948,3826.0,Pete Sampras
2693068,1993-05-10,2,101793,3517.0,Jim Courier
2693069,1993-05-10,3,101222,2982.0,Stefan Edberg
2693070,1993-05-10,4,101414,2555.0,Boris Becker
2693071,1993-05-10,5,101434,2443.0,Petr Korda
2694362,1993-05-17,1,101948,3849.0,Pete Sampras
2694363,1993-05-17,2,101793,3565.0,Jim Courier
2694364,1993-05-17,3,101222,2982.0,Stefan Edberg
2694365,1993-05-17,4,101414,2577.0,Boris Becker
2694366,1993-05-17,5,101964,2566.0,Goran Ivanisevic
2695656,1993-05-24,1,101948,3849.0,Pete Sampras
2695657,1993-05-24,2,101793,3565.0,Jim Courier
2695658,1993-05-24,3,101222,2982.0,Stefan Edberg
2695659,1993-05-24,4,101414,2577.0,Boris Becker
2695660,1993-05-24,5,101964,2566.0,Goran Ivanisevic
2696945,1993-05-31,1,101948,,Pete Sampras
2696946,1993-05-31,2,101793,,Jim Courier
2696947,1993-05-31,3,101222,,Stefan Edberg
2696948,1993-05-31,4,101414,,Boris Becker
2696949,1993-05-31,5,101964,,Goran Ivanisevic
2698233,1993-06-07,1,101948,3880.0,Pete Sampras
2698234,1993-06-07,2,101793,3385.0,Jim Courier
2698235,1993-06-07,3,101222,3061.0,Stefan Edberg
2698236,1993-06-07,4,101414,2577.0,Boris Becker
2698237,1993-06-07,5,101843,2550.0,Sergi Bruguera
2699533,1993-06-14,1,101948,3880.0,Pete Sampras
2699534,1993-06-14,2,101793,3385.0,Jim Courier
2699535,1993-06-14,3,101222,3055.0,Stefan Edberg
2699536,1993-06-14,4,101414,2600.0,Boris Becker
2699537,1993-06-14,5,101843,2550.0,Sergi Bruguera
2700823,1993-06-21,1,101948,3880.0,Pete Sampras
2700824,1993-06-21,2,101793,3385.0,Jim Courier
2700825,1993-06-21,3,101222,3055.0,Stefan Edberg
2700826,1993-06-21,4,101414,2600.0,Boris Becker
2700827,1993-06-21,5,101843,2550.0,Sergi Bruguera
2702119,1993-06-28,1,101948,,Pete Sampras
2702120,1993-06-28,2,101793,,Jim Courier
2702121,1993-06-28,3,101222,,Stefan Edberg
2702122,1993-06-28,4,101414,,Boris Becker
2702123,1993-06-28,5,101843,,Sergi Bruguera
2703414,1993-07-05,1,101948,4197.0,Pete Sampras
2703415,1993-07-05,2,101793,3842.0,Jim Courier
2703416,1993-07-05,3,101222,3230.0,Stefan Edberg
2703417,1993-07-05,4,101414,2786.0,Boris Becker
2703418,1993-07-05,5,101843,2550.0,Sergi Bruguera
2704697,1993-07-12,1,101948,4197.0,Pete Sampras
2704698,1993-07-12,2,101793,3842.0,Jim Courier
2704699,1993-07-12,3,101222,3230.0,Stefan Edberg
2704700,1993-07-12,4,101414,2786.0,Boris Becker
2704701,1993-07-12,5,101843,2551.0,Sergi Bruguera
2706013,1993-07-19,1,101948,4197.0,Pete Sampras
2706014,1993-07-19,2,101793,3842.0,Jim Courier
2706015,1993-07-19,3,101222,3230.0,Stefan Edberg
2706016,1993-07-19,4,101414,2786.0,Boris Becker
2706017,1993-07-19,5,101843,2531.0,Sergi Bruguera
2707330,1993-07-26,1,101948,4197.0,Pete Sampras
2707331,1993-07-26,2,101793,3842.0,Jim Courier
2707332,1993-07-26,3,101222,3230.0,Stefan Edberg
2707333,1993-07-26,4,101414,2786.0,Boris Becker
2707334,1993-07-26,5,101843,2531.0,Sergi Bruguera
2708456,1993-08-02,1,101948,4197.0,Pete Sampras
2708457,1993-08-02,2,101793,3845.0,Jim Courier
2708458,1993-08-02,3,101222,3230.0,Stefan Edberg
2708459,1993-08-02,4,101414,2786.0,Boris Becker
2708460,1993-08-02,5,101843,2531.0,Sergi Bruguera
2709776,1993-08-09,1,101948,4197.0,Pete Sampras
2709777,1993-08-09,2,101793,3845.0,Jim Courier
2709778,1993-08-09,3,101222,3230.0,Stefan Edberg
2709779,1993-08-09,4,101414,2786.0,Boris Becker
2709780,1993-08-09,5,101843,2661.0,Sergi Bruguera
2711097,1993-08-16,1,101948,3973.0,Pete Sampras
2711098,1993-08-16,2,101793,3845.0,Jim Courier
2711099,1993-08-16,3,101222,3375.0,Stefan Edberg
2711100,1993-08-16,4,101414,2786.0,Boris Becker
2711101,1993-08-16,5,101843,2661.0,Sergi Bruguera
2712443,1993-08-23,1,101793,3973.0,Jim Courier
2712444,1993-08-23,2,101948,3766.0,Pete Sampras
2712445,1993-08-23,3,101222,3114.0,Stefan Edberg
2712446,1993-08-23,4,101414,2844.0,Boris Becker
2712447,1993-08-23,5,101843,2661.0,Sergi Bruguera
2713786,1993-08-30,1,101793,3973.0,Jim Courier
2713787,1993-08-30,2,101948,3766.0,Pete Sampras
2713788,1993-08-30,3,101222,3145.0,Stefan Edberg
2713789,1993-08-30,4,101414,2823.0,Boris Becker
2713790,1993-08-30,5,101843,2661.0,Sergi Bruguera
2715131,1993-09-06,1,101793,,Jim Courier
2715132,1993-09-06,2,101948,,Pete Sampras
2715133,1993-09-06,3,101222,,Stefan Edberg
2715134,1993-09-06,4,101414,,Boris Becker
2715135,1993-09-06,5,101843,,Sergi Bruguera
2716475,1993-09-13,1,101948,3925.0,Pete Sampras
2716476,1993-09-13,2,101793,3729.0,Jim Courier
2716477,1993-09-13,3,101414,2827.0,Boris Becker
2716478,1993-09-13,4,101843,2661.0,Sergi Bruguera
2716479,1993-09-13,5,101222,2530.0,Stefan Edberg
2717820,1993-09-20,1,101948,3925.0,Pete Sampras
2717821,1993-09-20,2,101793,3729.0,Jim Courier
2717822,1993-09-20,3,101414,2827.0,Boris Becker
2717823,1993-09-20,4,101843,2714.0,Sergi Bruguera
2717824,1993-09-20,5,101222,2530.0,Stefan Edberg
2719168,1993-09-27,1,101948,3925.0,Pete Sampras
2719169,1993-09-27,2,101793,3729.0,Jim Courier
2719170,1993-09-27,3,101414,2827.0,Boris Becker
2719171,1993-09-27,4,101843,2714.0,Sergi Bruguera
2719172,1993-09-27,5,101222,2530.0,Stefan Edberg
2720501,1993-10-04,1,101948,3925.0,Pete Sampras
2720502,1993-10-04,2,101793,3729.0,Jim Courier
2720503,1993-10-04,3,101222,2649.0,Stefan Edberg
2720504,1993-10-04,4,101843,2638.0,Sergi Bruguera
2720505,1993-10-04,5,101414,2617.0,Boris Becker
2721814,1993-10-11,1,101948,3925.0,Pete Sampras
2721815,1993-10-11,2,101793,3759.0,Jim Courier
2721816,1993-10-11,3,101414,2617.0,Boris Becker
2721817,1993-10-11,4,101529,2598.0,Michael Stich
2721818,1993-10-11,5,101843,2578.0,Sergi Bruguera
2723136,1993-10-18,1,101948,3925.0,Pete Sampras
2723137,1993-10-18,2,101793,3759.0,Jim Courier
2723138,1993-10-18,3,101414,2648.0,Boris Becker
2723139,1993-10-18,4,101529,2598.0,Michael Stich
2723140,1993-10-18,5,101843,2578.0,Sergi Bruguera
2724477,1993-10-25,1,101948,3918.0,Pete Sampras
2724478,1993-10-25,2,101793,3759.0,Jim Courier
2724479,1993-10-25,3,101414,2648.0,Boris Becker
2724480,1993-10-25,4,101529,2598.0,Michael Stich
2724481,1993-10-25,5,101843,2578.0,Sergi Bruguera
2725825,1993-11-01,1,101948,3790.0,Pete Sampras
2725826,1993-11-01,2,101793,3759.0,Jim Courier
2725827,1993-11-01,3,101529,2960.0,Michael Stich
2725828,1993-11-01,4,101414,2608.0,Boris Becker
2725829,1993-11-01,5,101843,2590.0,Sergi Bruguera
2727163,1993-11-08,1,101948,3834.0,Pete Sampras
2727164,1993-11-08,2,101793,3695.0,Jim Courier
2727165,1993-11-08,3,101529,3026.0,Michael Stich
2727166,1993-11-08,4,101843,2590.0,Sergi Bruguera
2727167,1993-11-08,5,101222,2571.0,Stefan Edberg
2728497,1993-11-15,1,101948,3917.0,Pete Sampras
2728498,1993-11-15,2,101793,3390.0,Jim Courier
2728499,1993-11-15,3,101529,3003.0,Michael Stich
2728500,1993-11-15,4,101843,2590.0,Sergi Bruguera
2728501,1993-11-15,5,101222,2571.0,Stefan Edberg
2729831,1993-11-22,1,101948,4128.0,Pete Sampras
2729832,1993-11-22,2,101529,3445.0,Michael Stich
2729833,1993-11-22,3,101793,3390.0,Jim Courier
2729834,1993-11-22,4,101843,2590.0,Sergi Bruguera
2729835,1993-11-22,5,101222,2571.0,Stefan Edberg
2731174,1993-11-29,1,101948,4128.0,Pete Sampras
2731175,1993-11-29,2,101529,3445.0,Michael Stich
2731176,1993-11-29,3,101793,3390.0,Jim Courier
2731177,1993-11-29,4,101843,2590.0,Sergi Bruguera
2731178,1993-11-29,5,101222,2571.0,Stefan Edberg
2732520,1993-12-06,1,101948,4128.0,Pete Sampras
2732521,1993-12-06,2,101529,3445.0,Michael Stich
2732522,1993-12-06,3,101793,3390.0,Jim Courier
2732523,1993-12-06,4,101843,2590.0,Sergi Bruguera
2732524,1993-12-06,5,101222,2571.0,Stefan Edberg
2733861,1993-12-13,1,101948,4128.0,Pete Sampras
2733862,1993-12-13,2,101529,3445.0,Michael Stich
2733863,1993-12-13,3,101793,3390.0,Jim Courier
2733864,1993-12-13,4,101843,2590.0,Sergi Bruguera
2733865,1993-12-13,5,101222,2571.0,Stefan Edberg
2735205,1993-12-20,1,101948,4128.0,Pete Sampras
2735206,1993-12-20,2,101529,3445.0,Michael Stich
2735207,1993-12-20,3,101793,3390.0,Jim Courier
2735208,1993-12-20,4,101843,2590.0,Sergi Bruguera
2735209,1993-12-20,5,101222,2571.0,Stefan Edberg
2736455,1993-12-27,1,101948,,Pete Sampras
2736456,1993-12-27,2,101529,,Michael Stich
2736457,1993-12-27,3,101793,,Jim Courier
2736458,1993-12-27,4,101843,,Sergi Bruguera
2736459,1993-12-27,5,101222,,Stefan Edberg
2737790,1994-01-03,1,101948,,Pete Sampras
2737791,1994-01-03,2,101529,,Michael Stich
2737792,1994-01-03,3,101793,,Jim Courier
2737793,1994-01-03,4,101843,,Sergi Bruguera
2737794,1994-01-03,5,101222,,Stefan Edberg
2739125,1994-01-10,1,101948,4128.0,Pete Sampras
2739126,1994-01-10,2,101529,3445.0,Michael Stich
2739127,1994-01-10,3,101793,3390.0,Jim Courier
2739128,1994-01-10,4,101222,2680.0,Stefan Edberg
2739129,1994-01-10,5,101843,2590.0,Sergi Bruguera
2740465,1994-01-17,1,101948,4154.0,Pete Sampras
2740466,1994-01-17,2,101529,3445.0,Michael Stich
2740467,1994-01-17,3,101793,3390.0,Jim Courier
2740468,1994-01-17,4,101222,2680.0,Stefan Edberg
2740469,1994-01-17,5,101843,2590.0,Sergi Bruguera
2741808,1994-01-24,1,101948,,Pete Sampras
2741809,1994-01-24,2,101529,,Michael Stich
2741810,1994-01-24,3,101793,,Jim Courier
2741811,1994-01-24,4,101222,,Stefan Edberg
2741812,1994-01-24,5,101843,,Sergi Bruguera
2743150,1994-01-31,1,101948,4573.0,Pete Sampras
2743151,1994-01-31,2,101529,3243.0,Michael Stich
2743152,1994-01-31,3,101793,3115.0,Jim Courier
2743153,1994-01-31,4,101843,2544.0,Sergi Bruguera
2743154,1994-01-31,5,101222,2542.0,Stefan Edberg
2744486,1994-02-07,1,101948,4573.0,Pete Sampras
2744487,1994-02-07,2,101529,3262.0,Michael Stich
2744488,1994-02-07,3,101793,3115.0,Jim Courier
2744489,1994-02-07,4,101843,2704.0,Sergi Bruguera
2744490,1994-02-07,5,101222,2542.0,Stefan Edberg
2745822,1994-02-14,1,101948,4573.0,Pete Sampras
2745823,1994-02-14,2,101529,3229.0,Michael Stich
2745824,1994-02-14,3,101793,2925.0,Jim Courier
2745825,1994-02-14,4,101843,2631.0,Sergi Bruguera
2745826,1994-02-14,5,101222,2542.0,Stefan Edberg
2747159,1994-02-21,1,101948,4573.0,Pete Sampras
2747160,1994-02-21,2,101793,3007.0,Jim Courier
2747161,1994-02-21,3,101222,2993.0,Stefan Edberg
2747162,1994-02-21,4,101529,2928.0,Michael Stich
2747163,1994-02-21,5,101843,2797.0,Sergi Bruguera
2748496,1994-02-28,1,101948,4573.0,Pete Sampras
2748497,1994-02-28,2,101529,3094.0,Michael Stich
2748498,1994-02-28,3,101793,3007.0,Jim Courier
2748499,1994-02-28,4,101222,2993.0,Stefan Edberg
2748500,1994-02-28,5,101843,2797.0,Sergi Bruguera
2749831,1994-03-07,1,101948,4916.0,Pete Sampras
2749832,1994-03-07,2,101529,3094.0,Michael Stich
2749833,1994-03-07,3,101222,3061.0,Stefan Edberg
2749834,1994-03-07,4,101843,2797.0,Sergi Bruguera
2749835,1994-03-07,5,101793,2666.0,Jim Courier
2751166,1994-03-14,1,101948,,Pete Sampras
2751167,1994-03-14,2,101529,,Michael Stich
2751168,1994-03-14,3,101222,,Stefan Edberg
2751169,1994-03-14,4,101843,,Sergi Bruguera
2751170,1994-03-14,5,101793,,Jim Courier
2752500,1994-03-21,1,101948,4949.0,Pete Sampras
2752501,1994-03-21,2,101529,3094.0,Michael Stich
2752502,1994-03-21,3,101222,3070.0,Stefan Edberg
2752503,1994-03-21,4,101793,2830.0,Jim Courier
2752504,1994-03-21,5,101843,2797.0,Sergi Bruguera
2753831,1994-03-28,1,101948,4949.0,Pete Sampras
2753832,1994-03-28,2,101529,3094.0,Michael Stich
2753833,1994-03-28,3,101222,3070.0,Stefan Edberg
2753834,1994-03-28,4,101793,2830.0,Jim Courier
2753835,1994-03-28,5,101843,2797.0,Sergi Bruguera
2755164,1994-04-04,1,101948,5022.0,Pete Sampras
2755165,1994-04-04,2,101529,3094.0,Michael Stich
2755166,1994-04-04,3,101222,3070.0,Stefan Edberg
2755167,1994-04-04,4,101843,2791.0,Sergi Bruguera
2755168,1994-04-04,5,101793,2776.0,Jim Courier
2756488,1994-04-11,1,101948,5090.0,Pete Sampras
2756489,1994-04-11,2,101529,3094.0,Michael Stich
2756490,1994-04-11,3,101222,3070.0,Stefan Edberg
2756491,1994-04-11,4,101793,2759.0,Jim Courier
2756492,1994-04-11,5,101964,2662.0,Goran Ivanisevic
2757810,1994-04-18,1,101948,5035.0,Pete Sampras
2757811,1994-04-18,2,101529,3094.0,Michael Stich
2757812,1994-04-18,3,101222,3070.0,Stefan Edberg
2757813,1994-04-18,4,101793,2791.0,Jim Courier
2757814,1994-04-18,5,101964,2662.0,Goran Ivanisevic
2759123,1994-04-25,1,101948,5035.0,Pete Sampras
2759124,1994-04-25,2,101529,3094.0,Michael Stich
2759125,1994-04-25,3,101222,3067.0,Stefan Edberg
2759126,1994-04-25,4,101793,2876.0,Jim Courier
2759127,1994-04-25,5,101964,2706.0,Goran Ivanisevic
2760436,1994-05-02,1,101948,5035.0,Pete Sampras
2760437,1994-05-02,2,101529,3223.0,Michael Stich
2760438,1994-05-02,3,101222,2897.0,Stefan Edberg
2760439,1994-05-02,4,101793,2876.0,Jim Courier
2760440,1994-05-02,5,101964,2706.0,Goran Ivanisevic
2761752,1994-05-09,1,101948,5035.0,Pete Sampras
2761753,1994-05-09,2,101529,3041.0,Michael Stich
2761754,1994-05-09,3,101222,2897.0,Stefan Edberg
2761755,1994-05-09,4,101793,2876.0,Jim Courier
2761756,1994-05-09,5,102446,2755.0,Andrei Medvedev
2763086,1994-05-16,1,101948,5304.0,Pete Sampras
2763087,1994-05-16,2,101529,3064.0,Michael Stich
2763088,1994-05-16,3,101222,2897.0,Stefan Edberg
2763089,1994-05-16,4,102446,2747.0,Andrei Medvedev
2763090,1994-05-16,5,101964,2611.0,Goran Ivanisevic
2764419,1994-05-23,1,101948,5304.0,Pete Sampras
2764420,1994-05-23,2,101529,3064.0,Michael Stich
2764421,1994-05-23,3,101222,2897.0,Stefan Edberg
2764422,1994-05-23,4,102446,2747.0,Andrei Medvedev
2764423,1994-05-23,5,101964,2611.0,Goran Ivanisevic
2765758,1994-05-30,1,101948,,Pete Sampras
2765759,1994-05-30,2,101529,,Michael Stich
2765760,1994-05-30,3,101222,,Stefan Edberg
2765761,1994-05-30,4,102446,,Andrei Medvedev
2765762,1994-05-30,5,101964,,Goran Ivanisevic
2767096,1994-06-06,1,101948,5258.0,Pete Sampras
2767097,1994-06-06,2,101529,3048.0,Michael Stich
2767098,1994-06-06,3,101222,2805.0,Stefan Edberg
2767099,1994-06-06,4,101843,2703.0,Sergi Bruguera
2767100,1994-06-06,5,101964,2684.0,Goran Ivanisevic
2768449,1994-06-13,1,101948,5272.0,Pete Sampras
2768450,1994-06-13,2,101529,2860.0,Michael Stich
2768451,1994-06-13,3,101222,2805.0,Stefan Edberg
2768452,1994-06-13,4,101843,2703.0,Sergi Bruguera
2768453,1994-06-13,5,101964,2684.0,Goran Ivanisevic
2769815,1994-06-20,1,101948,5272.0,Pete Sampras
2769816,1994-06-20,2,101529,3012.0,Michael Stich
2769817,1994-06-20,3,101222,2805.0,Stefan Edberg
2769818,1994-06-20,4,101843,2703.0,Sergi Bruguera
2769819,1994-06-20,5,101964,2684.0,Goran Ivanisevic
2770935,1994-06-27,1,101948,,Pete Sampras
2770936,1994-06-27,2,101529,,Michael Stich
2770937,1994-06-27,3,101222,,Stefan Edberg
2770938,1994-06-27,4,101843,,Sergi Bruguera
2770939,1994-06-27,5,101964,,Goran Ivanisevic
2772296,1994-07-04,1,101948,5405.0,Pete Sampras
2772297,1994-07-04,2,101964,3105.0,Goran Ivanisevic
2772298,1994-07-04,3,101529,2895.0,Michael Stich
2772299,1994-07-04,4,101843,2757.0,Sergi Bruguera
2772300,1994-07-04,5,101774,2563.0,Todd Martin
2773664,1994-07-11,1,101948,5405.0,Pete Sampras
2773665,1994-07-11,2,101964,3105.0,Goran Ivanisevic
2773666,1994-07-11,3,101529,2895.0,Michael Stich
2773667,1994-07-11,4,101843,2775.0,Sergi Bruguera
2773668,1994-07-11,5,102446,2585.0,Andrei Medvedev
2775024,1994-07-18,1,101948,5405.0,Pete Sampras
2775025,1994-07-18,2,101964,3105.0,Goran Ivanisevic
2775026,1994-07-18,3,101529,2895.0,Michael Stich
2775027,1994-07-18,4,101843,2775.0,Sergi Bruguera
2775028,1994-07-18,5,102446,2585.0,Andrei Medvedev
2776395,1994-07-25,1,101948,5405.0,Pete Sampras
2776396,1994-07-25,2,101964,3105.0,Goran Ivanisevic
2776397,1994-07-25,3,101222,2794.0,Stefan Edberg
2776398,1994-07-25,4,101843,2775.0,Sergi Bruguera
2776399,1994-07-25,5,101529,2720.0,Michael Stich
2777753,1994-08-01,1,101948,5405.0,Pete Sampras
2777754,1994-08-01,2,101964,3105.0,Goran Ivanisevic
2777755,1994-08-01,3,101843,2812.0,Sergi Bruguera
2777756,1994-08-01,4,101222,2794.0,Stefan Edberg
2777757,1994-08-01,5,101529,2720.0,Michael Stich
2779133,1994-08-08,1,101948,5405.0,Pete Sampras
2779134,1994-08-08,2,101964,3182.0,Goran Ivanisevic
2779135,1994-08-08,3,101843,2860.0,Sergi Bruguera
2779136,1994-08-08,4,101222,2794.0,Stefan Edberg
2779137,1994-08-08,5,101529,2720.0,Michael Stich
2780531,1994-08-15,1,101948,5405.0,Pete Sampras
2780532,1994-08-15,2,101964,3182.0,Goran Ivanisevic
2780533,1994-08-15,3,101843,2860.0,Sergi Bruguera
2780534,1994-08-15,4,101222,2790.0,Stefan Edberg
2780535,1994-08-15,5,101529,2770.0,Michael Stich
2781926,1994-08-22,1,101948,5405.0,Pete Sampras
2781927,1994-08-22,2,101964,3182.0,Goran Ivanisevic
2781928,1994-08-22,3,101843,2860.0,Sergi Bruguera
2781929,1994-08-22,4,101529,2853.0,Michael Stich
2781930,1994-08-22,5,101222,2798.0,Stefan Edberg
2783321,1994-08-29,1,101948,5405.0,Pete Sampras
2783322,1994-08-29,2,101964,3182.0,Goran Ivanisevic
2783323,1994-08-29,3,101843,2860.0,Sergi Bruguera
2783324,1994-08-29,4,101529,2853.0,Michael Stich
2783325,1994-08-29,5,101222,2767.0,Stefan Edberg
2784718,1994-09-05,1,101948,,Pete Sampras
2784719,1994-09-05,2,101964,,Goran Ivanisevic
2784720,1994-09-05,3,101843,,Sergi Bruguera
2784721,1994-09-05,4,101529,,Michael Stich
2784722,1994-09-05,5,101222,,Stefan Edberg
2786114,1994-09-12,1,101948,4884.0,Pete Sampras
2786115,1994-09-12,2,101529,3272.0,Michael Stich
2786116,1994-09-12,3,101964,3182.0,Goran Ivanisevic
2786117,1994-09-12,4,101843,2880.0,Sergi Bruguera
2786118,1994-09-12,5,101222,2767.0,Stefan Edberg
2787517,1994-09-19,1,101948,4884.0,Pete Sampras
2787518,1994-09-19,2,101529,3272.0,Michael Stich
2787519,1994-09-19,3,101964,3170.0,Goran Ivanisevic
2787520,1994-09-19,4,101843,2776.0,Sergi Bruguera
2787521,1994-09-19,5,101222,2767.0,Stefan Edberg
2788935,1994-09-26,1,101948,4884.0,Pete Sampras
2788936,1994-09-26,2,101529,3272.0,Michael Stich
2788937,1994-09-26,3,101964,3170.0,Goran Ivanisevic
2788938,1994-09-26,4,101843,2776.0,Sergi Bruguera
2788939,1994-09-26,5,101222,2767.0,Stefan Edberg
2790350,1994-10-03,1,101948,4884.0,Pete Sampras
2790351,1994-10-03,2,101964,3170.0,Goran Ivanisevic
2790352,1994-10-03,3,101529,3092.0,Michael Stich
2790353,1994-10-03,4,101843,2727.0,Sergi Bruguera
2790354,1994-10-03,5,101222,2642.0,Stefan Edberg
2791766,1994-10-10,1,101948,4884.0,Pete Sampras
2791767,1994-10-10,2,101964,3125.0,Goran Ivanisevic
2791768,1994-10-10,3,101529,3092.0,Michael Stich
2791769,1994-10-10,4,101843,2727.0,Sergi Bruguera
2791770,1994-10-10,5,101222,2642.0,Stefan Edberg
2793178,1994-10-17,1,101948,4884.0,Pete Sampras
2793179,1994-10-17,2,101964,3420.0,Goran Ivanisevic
2793180,1994-10-17,3,101529,3092.0,Michael Stich
2793181,1994-10-17,4,101843,2727.0,Sergi Bruguera
2793182,1994-10-17,5,101222,2697.0,Stefan Edberg
2794603,1994-10-24,1,101948,4740.0,Pete Sampras
2794604,1994-10-24,2,101964,3317.0,Goran Ivanisevic
2794605,1994-10-24,3,101529,3189.0,Michael Stich
2794606,1994-10-24,4,101843,2727.0,Sergi Bruguera
2794607,1994-10-24,5,101222,2697.0,Stefan Edberg
2796029,1994-10-31,1,101948,4832.0,Pete Sampras
2796030,1994-10-31,2,101964,3363.0,Goran Ivanisevic
2796031,1994-10-31,3,101414,2980.0,Boris Becker
2796032,1994-10-31,4,101529,2883.0,Michael Stich
2796033,1994-10-31,5,101843,2774.0,Sergi Bruguera
2797453,1994-11-07,1,101948,4841.0,Pete Sampras
2797454,1994-11-07,2,101736,3065.0,Andre Agassi
2797455,1994-11-07,3,101414,2977.0,Boris Becker
2797456,1994-11-07,4,101964,2977.0,Goran Ivanisevic
2797457,1994-11-07,5,101843,2937.0,Sergi Bruguera
2798859,1994-11-14,1,101948,4579.0,Pete Sampras
2798860,1994-11-14,2,101736,3065.0,Andre Agassi
2798861,1994-11-14,3,101843,2937.0,Sergi Bruguera
2798862,1994-11-14,4,101964,2936.0,Goran Ivanisevic
2798863,1994-11-14,5,101414,2848.0,Boris Becker
2800241,1994-11-21,1,101948,5097.0,Pete Sampras
2800242,1994-11-21,2,101736,3249.0,Andre Agassi
2800243,1994-11-21,3,101414,3237.0,Boris Becker
2800244,1994-11-21,4,101843,3007.0,Sergi Bruguera
2800245,1994-11-21,5,101964,2936.0,Goran Ivanisevic
2801621,1994-11-28,1,101948,5097.0,Pete Sampras
2801622,1994-11-28,2,101736,3249.0,Andre Agassi
2801623,1994-11-28,3,101414,3237.0,Boris Becker
2801624,1994-11-28,4,101843,3007.0,Sergi Bruguera
2801625,1994-11-28,5,101964,2936.0,Goran Ivanisevic
2802993,1994-12-05,1,101948,,Pete Sampras
2802994,1994-12-05,2,101736,,Andre Agassi
2802995,1994-12-05,3,101414,,Boris Becker
2802996,1994-12-05,4,101843,,Sergi Bruguera
2802997,1994-12-05,5,101964,,Goran Ivanisevic
2804364,1994-12-12,1,101948,5097.0,Pete Sampras
2804365,1994-12-12,2,101736,3249.0,Andre Agassi
2804366,1994-12-12,3,101414,3237.0,Boris Becker
2804367,1994-12-12,4,101843,3007.0,Sergi Bruguera
2804368,1994-12-12,5,101964,2936.0,Goran Ivanisevic
2805741,1994-12-19,1,101948,5097.0,Pete Sampras
2805742,1994-12-19,2,101736,3249.0,Andre Agassi
2805743,1994-12-19,3,101414,3237.0,Boris Becker
2805744,1994-12-19,4,101843,3007.0,Sergi Bruguera
2805745,1994-12-19,5,101964,2936.0,Goran Ivanisevic
2807119,1994-12-26,1,101948,,Pete Sampras
2807120,1994-12-26,2,101736,,Andre Agassi
2807121,1994-12-26,3,101414,,Boris Becker
2807122,1994-12-26,4,101843,,Sergi Bruguera
2807123,1994-12-26,5,101964,,Goran Ivanisevic
2808496,1995-01-02,1,101948,,Pete Sampras
2808497,1995-01-02,2,101736,,Andre Agassi
2808498,1995-01-02,3,101414,,Boris Becker
2808499,1995-01-02,4,101843,,Sergi Bruguera
2808500,1995-01-02,5,101964,,Goran Ivanisevic
2809873,1995-01-09,1,101948,5097.0,Pete Sampras
2809874,1995-01-09,2,101736,3249.0,Andre Agassi
2809875,1995-01-09,3,101414,3237.0,Boris Becker
2809876,1995-01-09,4,101843,3007.0,Sergi Bruguera
2809877,1995-01-09,5,101964,2927.0,Goran Ivanisevic
2811246,1995-01-16,1,101948,4945.0,Pete Sampras
2811247,1995-01-16,2,101736,3249.0,Andre Agassi
2811248,1995-01-16,3,101414,3237.0,Boris Becker
2811249,1995-01-16,4,101843,3007.0,Sergi Bruguera
2811250,1995-01-16,5,101964,2927.0,Goran Ivanisevic
2812617,1995-01-23,1,101948,,Pete Sampras
2812618,1995-01-23,2,101736,,Andre Agassi
2812619,1995-01-23,3,101414,,Boris Becker
2812620,1995-01-23,4,101843,,Sergi Bruguera
2812621,1995-01-23,5,101964,,Goran Ivanisevic
2813987,1995-01-30,1,101948,4725.0,Pete Sampras
2813988,1995-01-30,2,101736,3908.0,Andre Agassi
2813989,1995-01-30,3,101414,3237.0,Boris Becker
2813990,1995-01-30,4,101843,3007.0,Sergi Bruguera
2813991,1995-01-30,5,101964,2845.0,Goran Ivanisevic
2815355,1995-02-06,1,101948,4725.0,Pete Sampras
2815356,1995-02-06,2,101736,3908.0,Andre Agassi
2815357,1995-02-06,3,101414,3216.0,Boris Becker
2815358,1995-02-06,4,101843,2873.0,Sergi Bruguera
2815359,1995-02-06,5,101964,2845.0,Goran Ivanisevic
2816726,1995-02-13,1,101948,4725.0,Pete Sampras
2816727,1995-02-13,2,101736,4082.0,Andre Agassi
2816728,1995-02-13,3,101414,3054.0,Boris Becker
2816729,1995-02-13,4,101964,2805.0,Goran Ivanisevic
2816730,1995-02-13,5,102021,2803.0,Michael Chang
2818098,1995-02-20,1,101948,4776.0,Pete Sampras
2818099,1995-02-20,2,101736,4082.0,Andre Agassi
2818100,1995-02-20,3,101414,3033.0,Boris Becker
2818101,1995-02-20,4,101843,2619.0,Sergi Bruguera
2818102,1995-02-20,5,101964,2595.0,Goran Ivanisevic
2819477,1995-02-27,1,101948,4776.0,Pete Sampras
2819478,1995-02-27,2,101736,4017.0,Andre Agassi
2819479,1995-02-27,3,101414,3251.0,Boris Becker
2819480,1995-02-27,4,102021,2697.0,Michael Chang
2819481,1995-02-27,5,101843,2619.0,Sergi Bruguera
2820855,1995-03-06,1,101948,4389.0,Pete Sampras
2820856,1995-03-06,2,101736,4017.0,Andre Agassi
2820857,1995-03-06,3,101414,3251.0,Boris Becker
2820858,1995-03-06,4,102021,2697.0,Michael Chang
2820859,1995-03-06,5,101843,2619.0,Sergi Bruguera
2822235,1995-03-13,1,101948,4780.0,Pete Sampras
2822236,1995-03-13,2,101736,4310.0,Andre Agassi
2822237,1995-03-13,3,101414,3410.0,Boris Becker
2822238,1995-03-13,4,102021,2697.0,Michael Chang
2822239,1995-03-13,5,101843,2619.0,Sergi Bruguera
2823617,1995-03-20,1,101948,,Pete Sampras
2823618,1995-03-20,2,101736,,Andre Agassi
2823619,1995-03-20,3,101414,,Boris Becker
2823620,1995-03-20,4,102021,,Michael Chang
2823621,1995-03-20,5,101843,,Sergi Bruguera
2824998,1995-03-27,1,101948,4684.0,Pete Sampras
2824999,1995-03-27,2,101736,4457.0,Andre Agassi
2825000,1995-03-27,3,101414,3410.0,Boris Becker
2825001,1995-03-27,4,102021,2697.0,Michael Chang
2825002,1995-03-27,5,101843,2619.0,Sergi Bruguera
2826390,1995-04-03,1,101948,4534.0,Pete Sampras
2826391,1995-04-03,2,101736,4403.0,Andre Agassi
2826392,1995-04-03,3,101414,3410.0,Boris Becker
2826393,1995-04-03,4,102021,2697.0,Michael Chang
2826394,1995-04-03,5,101843,2598.0,Sergi Bruguera
2827783,1995-04-10,1,101736,4403.0,Andre Agassi
2827784,1995-04-10,2,101948,4216.0,Pete Sampras
2827785,1995-04-10,3,101414,3274.0,Boris Becker
2827786,1995-04-10,4,101843,2556.0,Sergi Bruguera
2827787,1995-04-10,5,102338,2538.0,Yevgeny Kafelnikov
2829176,1995-04-17,1,101736,4603.0,Andre Agassi
2829177,1995-04-17,2,101948,4216.0,Pete Sampras
2829178,1995-04-17,3,101414,3274.0,Boris Becker
2829179,1995-04-17,4,102338,2590.0,Yevgeny Kafelnikov
2829180,1995-04-17,5,101964,2557.0,Goran Ivanisevic
2830571,1995-04-24,1,101736,4603.0,Andre Agassi
2830572,1995-04-24,2,101948,4216.0,Pete Sampras
2830573,1995-04-24,3,101414,3274.0,Boris Becker
2830574,1995-04-24,4,102021,2607.0,Michael Chang
2830575,1995-04-24,5,102338,2521.0,Yevgeny Kafelnikov
2831961,1995-05-01,1,101736,4597.0,Andre Agassi
2831962,1995-05-01,2,101948,4216.0,Pete Sampras
2831963,1995-05-01,3,101414,3612.0,Boris Becker
2831964,1995-05-01,4,101964,2638.0,Goran Ivanisevic
2831965,1995-05-01,5,102338,2521.0,Yevgeny Kafelnikov
2833348,1995-05-08,1,101736,4705.0,Andre Agassi
2833349,1995-05-08,2,101948,4216.0,Pete Sampras
2833350,1995-05-08,3,101414,3612.0,Boris Becker
2833351,1995-05-08,4,102021,2639.0,Michael Chang
2833352,1995-05-08,5,101964,2638.0,Goran Ivanisevic
2834721,1995-05-15,1,101736,4705.0,Andre Agassi
2834722,1995-05-15,2,101948,3965.0,Pete Sampras
2834723,1995-05-15,3,101414,3265.0,Boris Becker
2834724,1995-05-15,4,101964,2728.0,Goran Ivanisevic
2834725,1995-05-15,5,102021,2639.0,Michael Chang
2836088,1995-05-22,1,101736,4705.0,Andre Agassi
2836089,1995-05-22,2,101948,3965.0,Pete Sampras
2836090,1995-05-22,3,101414,3265.0,Boris Becker
2836091,1995-05-22,4,101964,2921.0,Goran Ivanisevic
2836092,1995-05-22,5,101404,2675.0,Thomas Muster
2837458,1995-05-29,1,101736,4705.0,Andre Agassi
2837459,1995-05-29,2,101948,3965.0,Pete Sampras
2837460,1995-05-29,3,101414,3265.0,Boris Becker
2837461,1995-05-29,4,101964,2921.0,Goran Ivanisevic
2837462,1995-05-29,5,101404,2675.0,Thomas Muster
2838841,1995-06-05,1,101736,,Andre Agassi
2838842,1995-06-05,2,101948,,Pete Sampras
2838843,1995-06-05,3,101414,,Boris Becker
2838844,1995-06-05,4,101964,,Goran Ivanisevic
2838845,1995-06-05,5,101404,,Thomas Muster
2840223,1995-06-12,1,101736,4779.0,Andre Agassi
2840224,1995-06-12,2,101948,3651.0,Pete Sampras
2840225,1995-06-12,3,101404,3402.0,Thomas Muster
2840226,1995-06-12,4,101414,3314.0,Boris Becker
2840227,1995-06-12,5,102021,3134.0,Michael Chang
2841621,1995-06-19,1,101736,4779.0,Andre Agassi
2841622,1995-06-19,2,101948,3873.0,Pete Sampras
2841623,1995-06-19,3,101414,3387.0,Boris Becker
2841624,1995-06-19,4,101404,3294.0,Thomas Muster
2841625,1995-06-19,5,102021,3134.0,Michael Chang
2843026,1995-06-26,1,101736,4779.0,Andre Agassi
2843027,1995-06-26,2,101948,3873.0,Pete Sampras
2843028,1995-06-26,3,101404,3401.0,Thomas Muster
2843029,1995-06-26,4,101414,3387.0,Boris Becker
2843030,1995-06-26,5,102021,3134.0,Michael Chang
2844431,1995-07-03,1,101736,,Andre Agassi
2844432,1995-07-03,2,101948,,Pete Sampras
2844433,1995-07-03,3,101404,,Thomas Muster
2844434,1995-07-03,4,101414,,Boris Becker
2844435,1995-07-03,5,102021,,Michael Chang
2845834,1995-07-10,1,101736,4980.0,Andre Agassi
2845835,1995-07-10,2,101948,3834.0,Pete Sampras
2845836,1995-07-10,3,101414,3598.0,Boris Becker
2845837,1995-07-10,4,101404,3401.0,Thomas Muster
2845838,1995-07-10,5,102021,3025.0,Michael Chang
2847233,1995-07-17,1,101736,4980.0,Andre Agassi
2847234,1995-07-17,2,101948,3834.0,Pete Sampras
2847235,1995-07-17,3,101414,3598.0,Boris Becker
2847236,1995-07-17,4,101404,3401.0,Thomas Muster
2847237,1995-07-17,5,102021,3025.0,Michael Chang
2848629,1995-07-24,1,101736,5176.0,Andre Agassi
2848630,1995-07-24,2,101948,3834.0,Pete Sampras
2848631,1995-07-24,3,101404,3667.0,Thomas Muster
2848632,1995-07-24,4,101414,3598.0,Boris Becker
2848633,1995-07-24,5,102021,3025.0,Michael Chang
2850025,1995-07-31,1,101736,5161.0,Andre Agassi
2850026,1995-07-31,2,101948,4145.0,Pete Sampras
2850027,1995-07-31,3,101404,3667.0,Thomas Muster
2850028,1995-07-31,4,101414,3598.0,Boris Becker
2850029,1995-07-31,5,102021,3064.0,Michael Chang
2851420,1995-08-07,1,101736,5161.0,Andre Agassi
2851421,1995-08-07,2,101948,4145.0,Pete Sampras
2851422,1995-08-07,3,101404,3736.0,Thomas Muster
2851423,1995-08-07,4,101414,3450.0,Boris Becker
2851424,1995-08-07,5,102021,3064.0,Michael Chang
2852828,1995-08-14,1,101736,5465.0,Andre Agassi
2852829,1995-08-14,2,101948,4223.0,Pete Sampras
2852830,1995-08-14,3,101404,3842.0,Thomas Muster
2852831,1995-08-14,4,101414,3415.0,Boris Becker
2852832,1995-08-14,5,102021,2951.0,Michael Chang
2854223,1995-08-21,1,101736,5652.0,Andre Agassi
2854224,1995-08-21,2,101948,4299.0,Pete Sampras
2854225,1995-08-21,3,101404,3842.0,Thomas Muster
2854226,1995-08-21,4,101414,3114.0,Boris Becker
2854227,1995-08-21,5,102021,2951.0,Michael Chang
2855622,1995-08-28,1,101736,5652.0,Andre Agassi
2855623,1995-08-28,2,101948,4299.0,Pete Sampras
2855624,1995-08-28,3,101404,3965.0,Thomas Muster
2855625,1995-08-28,4,101414,3114.0,Boris Becker
2855626,1995-08-28,5,102021,2951.0,Michael Chang
2857024,1995-09-04,1,101736,,Andre Agassi
2857025,1995-09-04,2,101948,,Pete Sampras
2857026,1995-09-04,3,101404,,Thomas Muster
2857027,1995-09-04,4,101414,,Boris Becker
2857028,1995-09-04,5,102021,,Michael Chang
2858426,1995-09-11,1,101736,5400.0,Andre Agassi
2858427,1995-09-11,2,101948,4959.0,Pete Sampras
2858428,1995-09-11,3,101404,3866.0,Thomas Muster
2858429,1995-09-11,4,101414,3420.0,Boris Becker
2858430,1995-09-11,5,102021,3015.0,Michael Chang
2859829,1995-09-18,1,101736,5400.0,Andre Agassi
2859830,1995-09-18,2,101948,4959.0,Pete Sampras
2859831,1995-09-18,3,101404,4072.0,Thomas Muster
2859832,1995-09-18,4,101414,3420.0,Boris Becker
2859833,1995-09-18,5,102021,3015.0,Michael Chang
2861242,1995-09-25,1,101736,5400.0,Andre Agassi
2861243,1995-09-25,2,101948,4959.0,Pete Sampras
2861244,1995-09-25,3,101404,4072.0,Thomas Muster
2861245,1995-09-25,4,101414,3420.0,Boris Becker
2861246,1995-09-25,5,102021,3015.0,Michael Chang
2862668,1995-10-02,1,101736,5400.0,Andre Agassi
2862669,1995-10-02,2,101948,4959.0,Pete Sampras
2862670,1995-10-02,3,101404,4072.0,Thomas Muster
2862671,1995-10-02,4,101414,3506.0,Boris Becker
2862672,1995-10-02,5,102021,3015.0,Michael Chang
2864094,1995-10-09,1,101736,5400.0,Andre Agassi
2864095,1995-10-09,2,101948,4959.0,Pete Sampras
2864096,1995-10-09,3,101404,4072.0,Thomas Muster
2864097,1995-10-09,4,101414,3331.0,Boris Becker
2864098,1995-10-09,5,102021,3015.0,Michael Chang
2865523,1995-10-16,1,101736,5400.0,Andre Agassi
2865524,1995-10-16,2,101948,4959.0,Pete Sampras
2865525,1995-10-16,3,101404,4072.0,Thomas Muster
2865526,1995-10-16,4,101414,3331.0,Boris Becker
2865527,1995-10-16,5,102021,3078.0,Michael Chang
2866940,1995-10-23,1,101736,5279.0,Andre Agassi
2866941,1995-10-23,2,101948,4997.0,Pete Sampras
2866942,1995-10-23,3,101404,4131.0,Thomas Muster
2866943,1995-10-23,4,101414,3331.0,Boris Becker
2866944,1995-10-23,5,102021,3095.0,Michael Chang
2868342,1995-10-30,1,101736,5279.0,Andre Agassi
2868343,1995-10-30,2,101948,5048.0,Pete Sampras
2868344,1995-10-30,3,101404,4474.0,Thomas Muster
2868345,1995-10-30,4,102021,3095.0,Michael Chang
2868346,1995-10-30,5,101414,2879.0,Boris Becker
2869755,1995-11-06,1,101948,5438.0,Pete Sampras
2869756,1995-11-06,2,101736,4867.0,Andre Agassi
2869757,1995-11-06,3,101404,4474.0,Thomas Muster
2869758,1995-11-06,4,101414,3135.0,Boris Becker
2869759,1995-11-06,5,102021,2980.0,Michael Chang
2871188,1995-11-13,1,101948,4811.0,Pete Sampras
2871189,1995-11-13,2,101736,4765.0,Andre Agassi
2871190,1995-11-13,3,101404,4474.0,Thomas Muster
2871191,1995-11-13,4,102021,2980.0,Michael Chang
2871192,1995-11-13,5,101414,2746.0,Boris Becker
2872640,1995-11-20,1,101948,4842.0,Pete Sampras
2872641,1995-11-20,2,101736,4765.0,Andre Agassi
2872642,1995-11-20,3,101404,4474.0,Thomas Muster
2872643,1995-11-20,4,101414,3325.0,Boris Becker
2872644,1995-11-20,5,102021,3211.0,Michael Chang
2874086,1995-11-27,1,101948,4842.0,Pete Sampras
2874087,1995-11-27,2,101736,4765.0,Andre Agassi
2874088,1995-11-27,3,101404,4474.0,Thomas Muster
2874089,1995-11-27,4,101414,3325.0,Boris Becker
2874090,1995-11-27,5,102021,3211.0,Michael Chang
2875543,1995-12-04,1,101948,4842.0,Pete Sampras
2875544,1995-12-04,2,101736,4765.0,Andre Agassi
2875545,1995-12-04,3,101404,4474.0,Thomas Muster
2875546,1995-12-04,4,101414,3325.0,Boris Becker
2875547,1995-12-04,5,102021,3211.0,Michael Chang
2877013,1995-12-11,1,101948,,Pete Sampras
2877014,1995-12-11,2,101736,,Andre Agassi
2877015,1995-12-11,3,101404,,Thomas Muster
2877016,1995-12-11,4,101414,,Boris Becker
2877017,1995-12-11,5,102021,,Michael Chang
2878482,1995-12-18,1,101948,4842.0,Pete Sampras
2878483,1995-12-18,2,101736,4765.0,Andre Agassi
2878484,1995-12-18,3,101404,4474.0,Thomas Muster
2878485,1995-12-18,4,101414,3325.0,Boris Becker
2878486,1995-12-18,5,102021,3211.0,Michael Chang
2879941,1995-12-25,1,101948,,Pete Sampras
2879942,1995-12-25,2,101736,,Andre Agassi
2879943,1995-12-25,3,101404,,Thomas Muster
2879944,1995-12-25,4,101414,,Boris Becker
2879945,1995-12-25,5,102021,,Michael Chang
2881399,1996-01-01,1,101948,,Pete Sampras
2881400,1996-01-01,2,101736,,Andre Agassi
2881401,1996-01-01,3,101404,,Thomas Muster
2881402,1996-01-01,4,101414,,Boris Becker
2881403,1996-01-01,5,102021,,Michael Chang
2882857,1996-01-08,1,101948,4842.0,Pete Sampras
2882858,1996-01-08,2,101736,4765.0,Andre Agassi
2882859,1996-01-08,3,101404,4474.0,Thomas Muster
2882860,1996-01-08,4,101414,3325.0,Boris Becker
2882861,1996-01-08,5,102021,3211.0,Michael Chang
2884316,1996-01-15,1,101948,4842.0,Pete Sampras
2884317,1996-01-15,2,101736,4765.0,Andre Agassi
2884318,1996-01-15,3,101404,4474.0,Thomas Muster
2884319,1996-01-15,4,101414,3325.0,Boris Becker
2884320,1996-01-15,5,102021,3211.0,Michael Chang
2885775,1996-01-22,1,101948,,Pete Sampras
2885776,1996-01-22,2,101736,,Andre Agassi
2885777,1996-01-22,3,101404,,Thomas Muster
2885778,1996-01-22,4,101414,,Boris Becker
2885779,1996-01-22,5,102021,,Michael Chang
2887233,1996-01-29,1,101736,4495.0,Andre Agassi
2887234,1996-01-29,2,101404,4474.0,Thomas Muster
2887235,1996-01-29,3,101948,4465.0,Pete Sampras
2887236,1996-01-29,4,101414,4297.0,Boris Becker
2887237,1996-01-29,5,102021,3592.0,Michael Chang
2888690,1996-02-05,1,101736,4495.0,Andre Agassi
2888691,1996-02-05,2,101404,4474.0,Thomas Muster
2888692,1996-02-05,3,101948,4465.0,Pete Sampras
2888693,1996-02-05,4,101414,4297.0,Boris Becker
2888694,1996-02-05,5,102021,3592.0,Michael Chang
2890148,1996-02-12,1,101404,4474.0,Thomas Muster
2890149,1996-02-12,2,101948,4465.0,Pete Sampras
2890150,1996-02-12,3,101736,4379.0,Andre Agassi
2890151,1996-02-12,4,101414,4145.0,Boris Becker
2890152,1996-02-12,5,102021,3537.0,Michael Chang
2891605,1996-02-19,1,101948,4555.0,Pete Sampras
2891606,1996-02-19,2,101404,4474.0,Thomas Muster
2891607,1996-02-19,3,101736,4452.0,Andre Agassi
2891608,1996-02-19,4,101414,3970.0,Boris Becker
2891609,1996-02-19,5,102021,3537.0,Michael Chang
2893058,1996-02-26,1,101948,4805.0,Pete Sampras
2893059,1996-02-26,2,101404,4474.0,Thomas Muster
2893060,1996-02-26,3,101736,4432.0,Andre Agassi
2893061,1996-02-26,4,101414,3881.0,Boris Becker
2893062,1996-02-26,5,102021,3470.0,Michael Chang
2894510,1996-03-04,1,101948,4805.0,Pete Sampras
2894511,1996-03-04,2,101404,4444.0,Thomas Muster
2894512,1996-03-04,3,101736,4432.0,Andre Agassi
2894513,1996-03-04,4,101414,3881.0,Boris Becker
2894514,1996-03-04,5,102021,3470.0,Michael Chang
2895955,1996-03-11,1,101404,4470.0,Thomas Muster
2895956,1996-03-11,2,101948,4451.0,Pete Sampras
2895957,1996-03-11,3,101736,4151.0,Andre Agassi
2895958,1996-03-11,4,101414,3698.0,Boris Becker
2895959,1996-03-11,5,102021,3470.0,Michael Chang
2897399,1996-03-18,1,101404,4470.0,Thomas Muster
2897400,1996-03-18,2,101948,4451.0,Pete Sampras
2897401,1996-03-18,3,101736,4210.0,Andre Agassi
2897402,1996-03-18,4,102021,3862.0,Michael Chang
2897403,1996-03-18,5,101414,3698.0,Boris Becker
2898847,1996-03-25,1,101404,,Thomas Muster
2898848,1996-03-25,2,101948,,Pete Sampras
2898849,1996-03-25,3,101736,,Andre Agassi
2898850,1996-03-25,4,102021,,Michael Chang
2898851,1996-03-25,5,101414,,Boris Becker
2900294,1996-04-01,1,101404,4470.0,Thomas Muster
2900295,1996-04-01,2,101948,4310.0,Pete Sampras
2900296,1996-04-01,3,101736,4194.0,Andre Agassi
2900297,1996-04-01,4,102021,3863.0,Michael Chang
2900298,1996-04-01,5,101414,3698.0,Boris Becker
2901739,1996-04-08,1,101404,4382.0,Thomas Muster
2901740,1996-04-08,2,101948,4310.0,Pete Sampras
2901741,1996-04-08,3,101736,4194.0,Andre Agassi
2901742,1996-04-08,4,102021,3863.0,Michael Chang
2901743,1996-04-08,5,101414,3698.0,Boris Becker
2903191,1996-04-15,1,101948,4431.0,Pete Sampras
2903192,1996-04-15,2,101404,4251.0,Thomas Muster
2903193,1996-04-15,3,101736,4006.0,Andre Agassi
2903194,1996-04-15,4,102021,3875.0,Michael Chang
2903195,1996-04-15,5,101414,3698.0,Boris Becker
2904637,1996-04-22,1,101948,4611.0,Pete Sampras
2904638,1996-04-22,2,101404,4454.0,Thomas Muster
2904639,1996-04-22,3,101736,4006.0,Andre Agassi
2904640,1996-04-22,4,102021,3786.0,Michael Chang
2904641,1996-04-22,5,101414,3698.0,Boris Becker
2906083,1996-04-29,1,101948,4611.0,Pete Sampras
2906084,1996-04-29,2,101404,4415.0,Thomas Muster
2906085,1996-04-29,3,101736,4013.0,Andre Agassi
2906086,1996-04-29,4,102021,3786.0,Michael Chang
2906087,1996-04-29,5,101414,3402.0,Boris Becker
2907527,1996-05-06,1,101948,4611.0,Pete Sampras
2907528,1996-05-06,2,101404,4415.0,Thomas Muster
2907529,1996-05-06,3,101736,3917.0,Andre Agassi
2907530,1996-05-06,4,102021,3645.0,Michael Chang
2907531,1996-05-06,5,101414,3489.0,Boris Becker
2908979,1996-05-13,1,101948,4558.0,Pete Sampras
2908980,1996-05-13,2,101404,4415.0,Thomas Muster
2908981,1996-05-13,3,101736,3830.0,Andre Agassi
2908982,1996-05-13,4,102021,3645.0,Michael Chang
2908983,1996-05-13,5,101414,3490.0,Boris Becker
2910443,1996-05-20,1,101948,4558.0,Pete Sampras
2910444,1996-05-20,2,101404,4413.0,Thomas Muster
2910445,1996-05-20,3,101736,3830.0,Andre Agassi
2910446,1996-05-20,4,102021,3627.0,Michael Chang
2910447,1996-05-20,5,101414,3490.0,Boris Becker
2911896,1996-05-27,1,101948,4558.0,Pete Sampras
2911897,1996-05-27,2,101404,4413.0,Thomas Muster
2911898,1996-05-27,3,101736,3830.0,Andre Agassi
2911899,1996-05-27,4,102021,3627.0,Michael Chang
2911900,1996-05-27,5,101414,3490.0,Boris Becker
2913340,1996-06-03,1,101948,,Pete Sampras
2913341,1996-06-03,2,101404,,Thomas Muster
2913342,1996-06-03,3,101736,,Andre Agassi
2913343,1996-06-03,4,102021,,Michael Chang
2913344,1996-06-03,5,101414,,Boris Becker
2914781,1996-06-10,1,101948,4914.0,Pete Sampras
2914782,1996-06-10,2,101404,3731.0,Thomas Muster
2914783,1996-06-10,3,101736,3685.0,Andre Agassi
2914784,1996-06-10,4,101414,3480.0,Boris Becker
2914785,1996-06-10,5,102338,3179.0,Yevgeny Kafelnikov
2916206,1996-06-17,1,101948,4831.0,Pete Sampras
2916207,1996-06-17,2,101404,3743.0,Thomas Muster
2916208,1996-06-17,3,101736,3685.0,Andre Agassi
2916209,1996-06-17,4,101414,3608.0,Boris Becker
2916210,1996-06-17,5,102338,3179.0,Yevgeny Kafelnikov
2917639,1996-06-24,1,101948,4831.0,Pete Sampras
2917640,1996-06-24,2,101404,3688.0,Thomas Muster
2917641,1996-06-24,3,101736,3685.0,Andre Agassi
2917642,1996-06-24,4,101414,3608.0,Boris Becker
2917643,1996-06-24,5,102338,3280.0,Yevgeny Kafelnikov
2919072,1996-07-01,1,101948,,Pete Sampras
2919073,1996-07-01,2,101404,,Thomas Muster
2919074,1996-07-01,3,101736,,Andre Agassi
2919075,1996-07-01,4,101414,,Boris Becker
2919076,1996-07-01,5,102338,,Yevgeny Kafelnikov
2920503,1996-07-08,1,101948,4350.0,Pete Sampras
2920504,1996-07-08,2,101404,3688.0,Thomas Muster
2920505,1996-07-08,3,101736,3377.0,Andre Agassi
2920506,1996-07-08,4,102338,3194.0,Yevgeny Kafelnikov
2920507,1996-07-08,5,101414,3162.0,Boris Becker
2921934,1996-07-15,1,101948,4350.0,Pete Sampras
2921935,1996-07-15,2,101404,3688.0,Thomas Muster
2921936,1996-07-15,3,101736,3377.0,Andre Agassi
2921937,1996-07-15,4,101414,3162.0,Boris Becker
2921938,1996-07-15,5,102021,3162.0,Michael Chang
2923387,1996-07-22,1,101948,4350.0,Pete Sampras
2923388,1996-07-22,2,101404,3712.0,Thomas Muster
2923389,1996-07-22,3,102021,3396.0,Michael Chang
2923390,1996-07-22,4,102338,3213.0,Yevgeny Kafelnikov
2923391,1996-07-22,5,101414,3162.0,Boris Becker
2924844,1996-07-29,1,101948,4147.0,Pete Sampras
2924845,1996-07-29,2,101404,3712.0,Thomas Muster
2924846,1996-07-29,3,102021,3357.0,Michael Chang
2924847,1996-07-29,4,102338,3213.0,Yevgeny Kafelnikov
2924848,1996-07-29,5,101414,3162.0,Boris Becker
2926296,1996-08-05,1,101948,4147.0,Pete Sampras
2926297,1996-08-05,2,101404,3680.0,Thomas Muster
2926298,1996-08-05,3,102021,3499.0,Michael Chang
2926299,1996-08-05,4,102338,3213.0,Yevgeny Kafelnikov
2926300,1996-08-05,5,101414,3162.0,Boris Becker
2927743,1996-08-12,1,101948,4136.0,Pete Sampras
2927744,1996-08-12,2,101404,3722.0,Thomas Muster
2927745,1996-08-12,3,102021,3522.0,Michael Chang
2927746,1996-08-12,4,102338,3213.0,Yevgeny Kafelnikov
2927747,1996-08-12,5,101414,3162.0,Boris Becker
2929195,1996-08-19,1,101948,4318.0,Pete Sampras
2929196,1996-08-19,2,101404,3722.0,Thomas Muster
2929197,1996-08-19,3,102021,3522.0,Michael Chang
2929198,1996-08-19,4,102338,3178.0,Yevgeny Kafelnikov
2929199,1996-08-19,5,101414,3091.0,Boris Becker
2930664,1996-08-26,1,101948,4318.0,Pete Sampras
2930665,1996-08-26,2,101404,3637.0,Thomas Muster
2930666,1996-08-26,3,102021,3522.0,Michael Chang
2930667,1996-08-26,4,101414,3091.0,Boris Becker
2930668,1996-08-26,5,102338,3059.0,Yevgeny Kafelnikov
2932135,1996-09-02,1,101948,4318.0,Pete Sampras
2932136,1996-09-02,2,101404,3637.0,Thomas Muster
2932137,1996-09-02,3,102021,3522.0,Michael Chang
2932138,1996-09-02,4,101414,3091.0,Boris Becker
2932139,1996-09-02,5,102338,3059.0,Yevgeny Kafelnikov
2933601,1996-09-09,1,101948,4543.0,Pete Sampras
2933602,1996-09-09,2,102021,4010.0,Michael Chang
2933603,1996-09-09,3,101404,3752.0,Thomas Muster
2933604,1996-09-09,4,101964,3161.0,Goran Ivanisevic
2933605,1996-09-09,5,102338,3059.0,Yevgeny Kafelnikov
2935048,1996-09-16,1,101948,4543.0,Pete Sampras
2935049,1996-09-16,2,102021,4010.0,Michael Chang
2935050,1996-09-16,3,101404,3612.0,Thomas Muster
2935051,1996-09-16,4,101964,3161.0,Goran Ivanisevic
2935052,1996-09-16,5,102338,3059.0,Yevgeny Kafelnikov
2936514,1996-09-23,1,101948,4543.0,Pete Sampras
2936515,1996-09-23,2,102021,4010.0,Michael Chang
2936516,1996-09-23,3,101404,3612.0,Thomas Muster
2936517,1996-09-23,4,101964,3161.0,Goran Ivanisevic
2936518,1996-09-23,5,102338,3059.0,Yevgeny Kafelnikov
2937820,1996-09-30,1,101948,4740.0,Pete Sampras
2937821,1996-09-30,2,102021,4010.0,Michael Chang
2937822,1996-09-30,3,101404,3612.0,Thomas Muster
2937823,1996-09-30,4,101964,3161.0,Goran Ivanisevic
2937824,1996-09-30,5,102338,3091.0,Yevgeny Kafelnikov
2939131,1996-10-07,1,101948,4740.0,Pete Sampras
2939132,1996-10-07,2,102021,4065.0,Michael Chang
2939133,1996-10-07,3,101404,3612.0,Thomas Muster
2939134,1996-10-07,4,102338,3253.0,Yevgeny Kafelnikov
2939135,1996-10-07,5,101964,3161.0,Goran Ivanisevic
2940450,1996-10-14,1,101948,4740.0,Pete Sampras
2940451,1996-10-14,2,102021,3822.0,Michael Chang
2940452,1996-10-14,3,101404,3612.0,Thomas Muster
2940453,1996-10-14,4,102338,3253.0,Yevgeny Kafelnikov
2940454,1996-10-14,5,101964,3165.0,Goran Ivanisevic
2941752,1996-10-21,1,101948,4677.0,Pete Sampras
2941753,1996-10-21,2,102021,3724.0,Michael Chang
2941754,1996-10-21,3,101404,3555.0,Thomas Muster
2941755,1996-10-21,4,102338,3253.0,Yevgeny Kafelnikov
2941756,1996-10-21,5,101964,3165.0,Goran Ivanisevic
2943056,1996-10-28,1,101948,4807.0,Pete Sampras
2943057,1996-10-28,2,102021,3886.0,Michael Chang
2943058,1996-10-28,3,101414,3575.0,Boris Becker
2943059,1996-10-28,4,102338,3253.0,Yevgeny Kafelnikov
2943060,1996-10-28,5,101964,3222.0,Goran Ivanisevic
2944356,1996-11-04,1,101948,4375.0,Pete Sampras
2944357,1996-11-04,2,102021,3837.0,Michael Chang
2944358,1996-11-04,3,102338,3486.0,Yevgeny Kafelnikov
2944359,1996-11-04,4,101964,3222.0,Goran Ivanisevic
2944360,1996-11-04,5,101414,3213.0,Boris Becker
2945658,1996-11-11,1,101948,4298.0,Pete Sampras
2945659,1996-11-11,2,102021,3584.0,Michael Chang
2945660,1996-11-11,3,102338,3564.0,Yevgeny Kafelnikov
2945661,1996-11-11,4,101964,3444.0,Goran Ivanisevic
2945662,1996-11-11,5,101404,3166.0,Thomas Muster
2947125,1996-11-18,1,101948,4298.0,Pete Sampras
2947126,1996-11-18,2,102021,3584.0,Michael Chang
2947127,1996-11-18,3,102338,3564.0,Yevgeny Kafelnikov
2947128,1996-11-18,4,101964,3444.0,Goran Ivanisevic
2947129,1996-11-18,5,101404,3166.0,Thomas Muster
2948598,1996-11-25,1,101948,4865.0,Pete Sampras
2948599,1996-11-25,2,102021,3597.0,Michael Chang
2948600,1996-11-25,3,102338,3564.0,Yevgeny Kafelnikov
2948601,1996-11-25,4,101964,3492.0,Goran Ivanisevic
2948602,1996-11-25,5,101404,3166.0,Thomas Muster
2950079,1996-12-02,1,101948,4865.0,Pete Sampras
2950080,1996-12-02,2,102021,3597.0,Michael Chang
2950081,1996-12-02,3,102338,3564.0,Yevgeny Kafelnikov
2950082,1996-12-02,4,101964,3492.0,Goran Ivanisevic
2950083,1996-12-02,5,101404,3166.0,Thomas Muster
2951561,1996-12-09,1,101948,4865.0,Pete Sampras
2951562,1996-12-09,2,102021,3597.0,Michael Chang
2951563,1996-12-09,3,102338,3564.0,Yevgeny Kafelnikov
2951564,1996-12-09,4,101964,3492.0,Goran Ivanisevic
2951565,1996-12-09,5,101404,3166.0,Thomas Muster
2952862,1996-12-16,1,101948,4865.0,Pete Sampras
2952863,1996-12-16,2,102021,3597.0,Michael Chang
2952864,1996-12-16,3,102338,3564.0,Yevgeny Kafelnikov
2952865,1996-12-16,4,101964,3492.0,Goran Ivanisevic
2952866,1996-12-16,5,101404,3166.0,Thomas Muster
2954344,1996-12-23,1,101948,4865.0,Pete Sampras
2954345,1996-12-23,2,102021,3597.0,Michael Chang
2954346,1996-12-23,3,102338,3564.0,Yevgeny Kafelnikov
2954347,1996-12-23,4,101964,3492.0,Goran Ivanisevic
2954348,1996-12-23,5,101404,3166.0,Thomas Muster
2955821,1996-12-30,1,101948,4865.0,Pete Sampras
2955822,1996-12-30,2,102021,3597.0,Michael Chang
2955823,1996-12-30,3,102338,3564.0,Yevgeny Kafelnikov
2955824,1996-12-30,4,101964,3492.0,Goran Ivanisevic
2955825,1996-12-30,5,101404,3166.0,Thomas Muster
2957298,1997-01-06,1,101948,4865.0,Pete Sampras
2957299,1997-01-06,2,102021,3597.0,Michael Chang
2957300,1997-01-06,3,101964,3492.0,Goran Ivanisevic
2957301,1997-01-06,4,102338,3480.0,Yevgeny Kafelnikov
2957302,1997-01-06,5,101404,3125.0,Thomas Muster
2958779,1997-01-13,1,101948,4865.0,Pete Sampras
2958780,1997-01-13,2,102021,3597.0,Michael Chang
2958781,1997-01-13,3,102338,3480.0,Yevgeny Kafelnikov
2958782,1997-01-13,4,101964,3465.0,Goran Ivanisevic
2958783,1997-01-13,5,101404,3125.0,Thomas Muster
2960262,1997-01-20,1,101948,4865.0,Pete Sampras
2960263,1997-01-20,2,102021,3597.0,Michael Chang
2960264,1997-01-20,3,102338,3480.0,Yevgeny Kafelnikov
2960265,1997-01-20,4,101964,3465.0,Goran Ivanisevic
2960266,1997-01-20,5,101404,3125.0,Thomas Muster
2961740,1997-01-27,1,101948,5774.0,Pete Sampras
2961741,1997-01-27,2,101964,3566.0,Goran Ivanisevic
2961742,1997-01-27,3,101404,3492.0,Thomas Muster
2961743,1997-01-27,4,102021,3417.0,Michael Chang
2961744,1997-01-27,5,102338,3367.0,Yevgeny Kafelnikov
2963228,1997-02-03,1,101948,5774.0,Pete Sampras
2963229,1997-02-03,2,101964,3562.0,Goran Ivanisevic
2963230,1997-02-03,3,101404,3492.0,Thomas Muster
2963231,1997-02-03,4,102021,3417.0,Michael Chang
2963232,1997-02-03,5,102338,3367.0,Yevgeny Kafelnikov
2964718,1997-02-10,1,101948,5774.0,Pete Sampras
2964719,1997-02-10,2,101964,3572.0,Goran Ivanisevic
2964720,1997-02-10,3,101404,3492.0,Thomas Muster
2964721,1997-02-10,4,102021,3417.0,Michael Chang
2964722,1997-02-10,5,102338,3367.0,Yevgeny Kafelnikov
2966204,1997-02-17,1,101948,5767.0,Pete Sampras
2966205,1997-02-17,2,101404,3709.0,Thomas Muster
2966206,1997-02-17,3,101964,3452.0,Goran Ivanisevic
2966207,1997-02-17,4,102021,3413.0,Michael Chang
2966208,1997-02-17,5,102338,3367.0,Yevgeny Kafelnikov
2967691,1997-02-24,1,101948,5491.0,Pete Sampras
2967692,1997-02-24,2,101404,3709.0,Thomas Muster
2967693,1997-02-24,3,102021,3595.0,Michael Chang
2967694,1997-02-24,4,102338,3367.0,Yevgeny Kafelnikov
2967695,1997-02-24,5,101964,3285.0,Goran Ivanisevic
2969181,1997-03-03,1,101948,5684.0,Pete Sampras
2969182,1997-03-03,2,101404,3709.0,Thomas Muster
2969183,1997-03-03,3,102021,3595.0,Michael Chang
2969184,1997-03-03,4,102338,3318.0,Yevgeny Kafelnikov
2969185,1997-03-03,5,101964,3263.0,Goran Ivanisevic
2970668,1997-03-10,1,101948,5684.0,Pete Sampras
2970669,1997-03-10,2,101404,3615.0,Thomas Muster
2970670,1997-03-10,3,102021,3595.0,Michael Chang
2970671,1997-03-10,4,102338,3207.0,Yevgeny Kafelnikov
2970672,1997-03-10,5,101964,3103.0,Goran Ivanisevic
2972157,1997-03-17,1,101948,5684.0,Pete Sampras
2972158,1997-03-17,2,101404,3719.0,Thomas Muster
2972159,1997-03-17,3,102021,3601.0,Michael Chang
2972160,1997-03-17,4,102338,3207.0,Yevgeny Kafelnikov
2972161,1997-03-17,5,101964,3003.0,Goran Ivanisevic
2973643,1997-03-24,1,101948,5684.0,Pete Sampras
2973644,1997-03-24,2,101404,3719.0,Thomas Muster
2973645,1997-03-24,3,102021,3601.0,Michael Chang
2973646,1997-03-24,4,102338,3207.0,Yevgeny Kafelnikov
2973647,1997-03-24,5,101964,3003.0,Goran Ivanisevic
2975124,1997-03-31,1,101948,5666.0,Pete Sampras
2975125,1997-03-31,2,101404,4080.0,Thomas Muster
2975126,1997-03-31,3,102021,3554.0,Michael Chang
2975127,1997-03-31,4,102338,3147.0,Yevgeny Kafelnikov
2975128,1997-03-31,5,101964,2710.0,Goran Ivanisevic
2976610,1997-04-07,1,101948,5666.0,Pete Sampras
2976611,1997-04-07,2,101404,4080.0,Thomas Muster
2976612,1997-04-07,3,102021,3554.0,Michael Chang
2976613,1997-04-07,4,102338,3147.0,Yevgeny Kafelnikov
2976614,1997-04-07,5,101964,2710.0,Goran Ivanisevic
2978091,1997-04-14,1,101948,5437.0,Pete Sampras
2978092,1997-04-14,2,101404,3946.0,Thomas Muster
2978093,1997-04-14,3,102021,3612.0,Michael Chang
2978094,1997-04-14,4,102338,3147.0,Yevgeny Kafelnikov
2978095,1997-04-14,5,101964,2710.0,Goran Ivanisevic
2979575,1997-04-21,1,101948,5118.0,Pete Sampras
2979576,1997-04-21,2,101404,3702.0,Thomas Muster
2979577,1997-04-21,3,102021,3607.0,Michael Chang
2979578,1997-04-21,4,102338,3147.0,Yevgeny Kafelnikov
2979579,1997-04-21,5,101990,2839.0,Richard Krajicek
2981062,1997-04-28,1,101948,5118.0,Pete Sampras
2981063,1997-04-28,2,102021,3716.0,Michael Chang
2981064,1997-04-28,3,101404,3309.0,Thomas Muster
2981065,1997-04-28,4,102338,3147.0,Yevgeny Kafelnikov
2981066,1997-04-28,5,101990,2885.0,Richard Krajicek
2982545,1997-05-05,1,101948,5118.0,Pete Sampras
2982546,1997-05-05,2,102021,3704.0,Michael Chang
2982547,1997-05-05,3,101404,3254.0,Thomas Muster
2982548,1997-05-05,4,102338,3023.0,Yevgeny Kafelnikov
2982549,1997-05-05,5,101990,2885.0,Richard Krajicek
2984038,1997-05-12,1,101948,5118.0,Pete Sampras
2984039,1997-05-12,2,102021,3704.0,Michael Chang
2984040,1997-05-12,3,101404,3261.0,Thomas Muster
2984041,1997-05-12,4,102338,3008.0,Yevgeny Kafelnikov
2984042,1997-05-12,5,101990,2881.0,Richard Krajicek
2985532,1997-05-19,1,101948,5118.0,Pete Sampras
2985533,1997-05-19,2,102021,3704.0,Michael Chang
2985534,1997-05-19,3,102338,3008.0,Yevgeny Kafelnikov
2985535,1997-05-19,4,101964,2819.0,Goran Ivanisevic
2985536,1997-05-19,5,101404,2798.0,Thomas Muster
2987025,1997-05-26,1,101948,5118.0,Pete Sampras
2987026,1997-05-26,2,102021,3704.0,Michael Chang
2987027,1997-05-26,3,102338,3008.0,Yevgeny Kafelnikov
2987028,1997-05-26,4,101964,2819.0,Goran Ivanisevic
2987029,1997-05-26,5,101404,2800.0,Thomas Muster
2988517,1997-06-02,1,101948,5118.0,Pete Sampras
2988518,1997-06-02,2,102021,3704.0,Michael Chang
2988519,1997-06-02,3,102338,3008.0,Yevgeny Kafelnikov
2988520,1997-06-02,4,101964,2819.0,Goran Ivanisevic
2988521,1997-06-02,5,101404,2800.0,Thomas Muster
2990005,1997-06-09,1,101948,4699.0,Pete Sampras
2990006,1997-06-09,2,102021,3727.0,Michael Chang
2990007,1997-06-09,3,101964,2803.0,Goran Ivanisevic
2990008,1997-06-09,4,101404,2769.0,Thomas Muster
2990009,1997-06-09,5,101990,2449.0,Richard Krajicek
2991496,1997-06-16,1,101948,4743.0,Pete Sampras
2991497,1997-06-16,2,102021,3727.0,Michael Chang
2991498,1997-06-16,3,101964,2861.0,Goran Ivanisevic
2991499,1997-06-16,4,101404,2724.0,Thomas Muster
2991500,1997-06-16,5,102338,2482.0,Yevgeny Kafelnikov
2992992,1997-06-23,1,101948,4743.0,Pete Sampras
2992993,1997-06-23,2,102021,3768.0,Michael Chang
2992994,1997-06-23,3,101964,2861.0,Goran Ivanisevic
2992995,1997-06-23,4,101404,2724.0,Thomas Muster
2992996,1997-06-23,5,101990,2648.0,Richard Krajicek
2994495,1997-06-30,1,101948,4743.0,Pete Sampras
2994496,1997-06-30,2,102021,3768.0,Michael Chang
2994497,1997-06-30,3,101964,2861.0,Goran Ivanisevic
2994498,1997-06-30,4,101404,2724.0,Thomas Muster
2994499,1997-06-30,5,101990,2648.0,Richard Krajicek
2995994,1997-07-07,1,101948,5388.0,Pete Sampras
2995995,1997-07-07,2,102021,3768.0,Michael Chang
2995996,1997-07-07,3,101964,2788.0,Goran Ivanisevic
2995997,1997-07-07,4,101404,2724.0,Thomas Muster
2995998,1997-07-07,5,102338,2436.0,Yevgeny Kafelnikov
2997497,1997-07-14,1,101948,5388.0,Pete Sampras
2997498,1997-07-14,2,102021,3768.0,Michael Chang
2997499,1997-07-14,3,101964,2788.0,Goran Ivanisevic
2997500,1997-07-14,4,101404,2724.0,Thomas Muster
2997501,1997-07-14,5,102338,2390.0,Yevgeny Kafelnikov
2999026,1997-07-21,1,101948,5388.0,Pete Sampras
2999027,1997-07-21,2,102021,3743.0,Michael Chang
2999028,1997-07-21,3,101964,2788.0,Goran Ivanisevic
2999029,1997-07-21,4,102374,2526.0,Alex Corretja
2999030,1997-07-21,5,101404,2412.0,Thomas Muster
3000568,1997-07-28,1,101948,5388.0,Pete Sampras
3000569,1997-07-28,2,102021,3743.0,Michael Chang
3000570,1997-07-28,3,101964,2788.0,Goran Ivanisevic
3000571,1997-07-28,4,102374,2409.0,Alex Corretja
3000572,1997-07-28,5,101404,2407.0,Thomas Muster
3002122,1997-08-04,1,101948,5388.0,Pete Sampras
3002123,1997-08-04,2,102021,3739.0,Michael Chang
3002124,1997-08-04,3,101964,2788.0,Goran Ivanisevic
3002125,1997-08-04,4,101404,2414.0,Thomas Muster
3002126,1997-08-04,5,102374,2409.0,Alex Corretja
3003688,1997-08-11,1,101948,5792.0,Pete Sampras
3003689,1997-08-11,2,102021,3632.0,Michael Chang
3003690,1997-08-11,3,101964,2779.0,Goran Ivanisevic
3003691,1997-08-11,4,101404,2546.0,Thomas Muster
3003692,1997-08-11,5,102374,2429.0,Alex Corretja
3005261,1997-08-18,1,101948,5491.0,Pete Sampras
3005262,1997-08-18,2,102021,3632.0,Michael Chang
3005263,1997-08-18,3,102338,2693.0,Yevgeny Kafelnikov
3005264,1997-08-18,4,101964,2614.0,Goran Ivanisevic
3005265,1997-08-18,5,101404,2546.0,Thomas Muster
3006842,1997-08-25,1,101948,5491.0,Pete Sampras
3006843,1997-08-25,2,102021,3632.0,Michael Chang
3006844,1997-08-25,3,102338,2693.0,Yevgeny Kafelnikov
3006845,1997-08-25,4,101964,2614.0,Goran Ivanisevic
3006846,1997-08-25,5,101404,2546.0,Thomas Muster
3008424,1997-09-01,1,101948,5491.0,Pete Sampras
3008425,1997-09-01,2,102021,3632.0,Michael Chang
3008426,1997-09-01,3,102338,2693.0,Yevgeny Kafelnikov
3008427,1997-09-01,4,101964,2614.0,Goran Ivanisevic
3008428,1997-09-01,5,101404,2546.0,Thomas Muster
3010001,1997-09-08,1,101948,4585.0,Pete Sampras
3010002,1997-09-08,2,102021,3442.0,Michael Chang
3010003,1997-09-08,3,102158,2889.0,Patrick Rafter
3010004,1997-09-08,4,102338,2693.0,Yevgeny Kafelnikov
3010005,1997-09-08,5,102845,2449.0,Carlos Moya
3011582,1997-09-15,1,101948,4585.0,Pete Sampras
3011583,1997-09-15,2,102021,3442.0,Michael Chang
3011584,1997-09-15,3,102158,2889.0,Patrick Rafter
3011585,1997-09-15,4,102338,2702.0,Yevgeny Kafelnikov
3011586,1997-09-15,5,102845,2451.0,Carlos Moya
3013158,1997-09-22,1,101948,4585.0,Pete Sampras
3013159,1997-09-22,2,102021,3442.0,Michael Chang
3013160,1997-09-22,3,102158,2889.0,Patrick Rafter
3013161,1997-09-22,4,102338,2702.0,Yevgeny Kafelnikov
3013162,1997-09-22,5,102845,2451.0,Carlos Moya
3014732,1997-10-06,1,101948,4291.0,Pete Sampras
3014733,1997-10-06,2,102021,3385.0,Michael Chang
3014734,1997-10-06,3,102158,2889.0,Patrick Rafter
3014735,1997-10-06,4,102257,2511.0,Greg Rusedski
3014736,1997-10-06,5,102845,2451.0,Carlos Moya
3016293,1997-10-13,1,101948,4291.0,Pete Sampras
3016294,1997-10-13,2,102021,3385.0,Michael Chang
3016295,1997-10-13,3,102158,2889.0,Patrick Rafter
3016296,1997-10-13,4,101964,2581.0,Goran Ivanisevic
3016297,1997-10-13,5,102257,2564.0,Greg Rusedski
3017857,1997-10-20,1,101948,4291.0,Pete Sampras
3017858,1997-10-20,2,102021,3385.0,Michael Chang
3017859,1997-10-20,3,102158,2889.0,Patrick Rafter
3017860,1997-10-20,4,101964,2622.0,Goran Ivanisevic
3017861,1997-10-20,5,102257,2564.0,Greg Rusedski
3019419,1997-10-27,1,101948,3998.0,Pete Sampras
3019420,1997-10-27,2,102021,3211.0,Michael Chang
3019421,1997-10-27,3,102158,3017.0,Patrick Rafter
3019422,1997-10-27,4,101964,2568.0,Goran Ivanisevic
3019423,1997-10-27,5,102257,2513.0,Greg Rusedski
3020983,1997-11-03,1,101948,4547.0,Pete Sampras
3020984,1997-11-03,2,102021,3189.0,Michael Chang
3020985,1997-11-03,3,102158,3031.0,Patrick Rafter
3020986,1997-11-03,4,102035,2642.0,Jonas Bjorkman
3020987,1997-11-03,5,102257,2606.0,Greg Rusedski
3022539,1997-11-10,1,101948,3918.0,Pete Sampras
3022540,1997-11-10,2,102021,3130.0,Michael Chang
3022541,1997-11-10,3,102158,3104.0,Patrick Rafter
3022542,1997-11-10,4,102035,2880.0,Jonas Bjorkman
3022543,1997-11-10,5,102257,2617.0,Greg Rusedski
3024103,1997-11-17,1,101948,4547.0,Pete Sampras
3024104,1997-11-17,2,102158,3210.0,Patrick Rafter
3024105,1997-11-17,3,102021,3189.0,Michael Chang
3024106,1997-11-17,4,102035,2949.0,Jonas Bjorkman
3024107,1997-11-17,5,102338,2690.0,Yevgeny Kafelnikov
3025659,1997-11-24,1,101948,4547.0,Pete Sampras
3025660,1997-11-24,2,102158,3210.0,Patrick Rafter
3025661,1997-11-24,3,102021,3189.0,Michael Chang
3025662,1997-11-24,4,102035,2949.0,Jonas Bjorkman
3025663,1997-11-24,5,102338,2690.0,Yevgeny Kafelnikov
3027220,1997-12-01,1,101948,4547.0,Pete Sampras
3027221,1997-12-01,2,102158,3210.0,Patrick Rafter
3027222,1997-12-01,3,102021,3189.0,Michael Chang
3027223,1997-12-01,4,102035,2949.0,Jonas Bjorkman
3027224,1997-12-01,5,102338,2690.0,Yevgeny Kafelnikov
3028789,1997-12-08,1,101948,4547.0,Pete Sampras
3028790,1997-12-08,2,102158,3210.0,Patrick Rafter
3028791,1997-12-08,3,102021,3189.0,Michael Chang
3028792,1997-12-08,4,102035,2949.0,Jonas Bjorkman
3028793,1997-12-08,5,102338,2690.0,Yevgeny Kafelnikov
3030373,1997-12-15,1,101948,4547.0,Pete Sampras
3030374,1997-12-15,2,102158,3210.0,Patrick Rafter
3030375,1997-12-15,3,102021,3189.0,Michael Chang
3030376,1997-12-15,4,102035,2949.0,Jonas Bjorkman
3030377,1997-12-15,5,102338,2690.0,Yevgeny Kafelnikov
3031972,1997-12-22,1,101948,4547.0,Pete Sampras
3031973,1997-12-22,2,102158,3210.0,Patrick Rafter
3031974,1997-12-22,3,102021,3189.0,Michael Chang
3031975,1997-12-22,4,102035,2949.0,Jonas Bjorkman
3031976,1997-12-22,5,102338,2690.0,Yevgeny Kafelnikov
3033565,1997-12-29,1,101948,4547.0,Pete Sampras
3033566,1997-12-29,2,102158,3210.0,Patrick Rafter
3033567,1997-12-29,3,102021,3189.0,Michael Chang
3033568,1997-12-29,4,102035,2949.0,Jonas Bjorkman
3033569,1997-12-29,5,102338,2690.0,Yevgeny Kafelnikov
3035158,1998-01-05,1,101948,4547.0,Pete Sampras
3035159,1998-01-05,2,102158,3210.0,Patrick Rafter
3035160,1998-01-05,3,102021,3189.0,Michael Chang
3035161,1998-01-05,4,102035,2949.0,Jonas Bjorkman
3035162,1998-01-05,5,102338,2690.0,Yevgeny Kafelnikov
3036751,1998-01-12,1,101948,4547.0,Pete Sampras
3036752,1998-01-12,2,102158,3210.0,Patrick Rafter
3036753,1998-01-12,3,102021,3189.0,Michael Chang
3036754,1998-01-12,4,102035,2870.0,Jonas Bjorkman
3036755,1998-01-12,5,102338,2690.0,Yevgeny Kafelnikov
3038352,1998-01-19,1,101948,4547.0,Pete Sampras
3038353,1998-01-19,2,102158,3250.0,Patrick Rafter
3038354,1998-01-19,3,102021,3189.0,Michael Chang
3038355,1998-01-19,4,102035,2870.0,Jonas Bjorkman
3038356,1998-01-19,5,102338,2690.0,Yevgeny Kafelnikov
3039947,1998-01-26,1,101948,4547.0,Pete Sampras
3039948,1998-01-26,2,102158,3250.0,Patrick Rafter
3039949,1998-01-26,3,102021,3189.0,Michael Chang
3039950,1998-01-26,4,102035,2870.0,Jonas Bjorkman
3039951,1998-01-26,5,102338,2690.0,Yevgeny Kafelnikov
3041542,1998-02-02,1,101948,3784.0,Pete Sampras
3041543,1998-02-02,2,101434,3484.0,Petr Korda
3041544,1998-02-02,3,102158,3250.0,Patrick Rafter
3041545,1998-02-02,4,102035,2977.0,Jonas Bjorkman
3041546,1998-02-02,5,102701,2808.0,Marcelo Rios
3043135,1998-02-09,1,101948,3784.0,Pete Sampras
3043136,1998-02-09,2,101434,3484.0,Petr Korda
3043137,1998-02-09,3,102158,3250.0,Patrick Rafter
3043138,1998-02-09,4,102035,2977.0,Jonas Bjorkman
3043139,1998-02-09,5,102701,2808.0,Marcelo Rios
3044733,1998-02-16,1,101948,3700.0,Pete Sampras
3044734,1998-02-16,2,101434,3484.0,Petr Korda
3044735,1998-02-16,3,102158,3250.0,Patrick Rafter
3044736,1998-02-16,4,102035,3022.0,Jonas Bjorkman
3044737,1998-02-16,5,102021,2785.0,Michael Chang
3046331,1998-02-23,1,101948,3700.0,Pete Sampras
3046332,1998-02-23,2,101434,3437.0,Petr Korda
3046333,1998-02-23,3,102158,3332.0,Patrick Rafter
3046334,1998-02-23,4,102035,2985.0,Jonas Bjorkman
3046335,1998-02-23,5,102257,2806.0,Greg Rusedski
3047926,1998-03-02,1,101948,3716.0,Pete Sampras
3047927,1998-03-02,2,101434,3391.0,Petr Korda
3047928,1998-03-02,3,102158,3211.0,Patrick Rafter
3047929,1998-03-02,4,102338,3027.0,Yevgeny Kafelnikov
3047930,1998-03-02,5,102035,2985.0,Jonas Bjorkman
3049528,1998-03-09,1,101948,3716.0,Pete Sampras
3049529,1998-03-09,2,101434,3377.0,Petr Korda
3049530,1998-03-09,3,102158,3211.0,Patrick Rafter
3049531,1998-03-09,4,102338,3027.0,Yevgeny Kafelnikov
3049532,1998-03-09,5,102035,2916.0,Jonas Bjorkman
3051135,1998-03-16,1,101948,3761.0,Pete Sampras
3051136,1998-03-16,2,101434,3432.0,Petr Korda
3051137,1998-03-16,3,102701,3235.0,Marcelo Rios
3051138,1998-03-16,4,102158,3211.0,Patrick Rafter
3051139,1998-03-16,5,102257,3092.0,Greg Rusedski
3052743,1998-03-23,1,101948,3761.0,Pete Sampras
3052744,1998-03-23,2,101434,3432.0,Petr Korda
3052745,1998-03-23,3,102701,3235.0,Marcelo Rios
3052746,1998-03-23,4,102158,3211.0,Patrick Rafter
3052747,1998-03-23,5,102257,3092.0,Greg Rusedski
3054343,1998-03-30,1,102701,3645.0,Marcelo Rios
3054344,1998-03-30,2,101948,3600.0,Pete Sampras
3054345,1998-03-30,3,101434,3443.0,Petr Korda
3054346,1998-03-30,4,102158,3211.0,Patrick Rafter
3054347,1998-03-30,5,102257,3094.0,Greg Rusedski
3055954,1998-04-06,1,102701,3645.0,Marcelo Rios
3055955,1998-04-06,2,101948,3600.0,Pete Sampras
3055956,1998-04-06,3,101434,3443.0,Petr Korda
3055957,1998-04-06,4,102158,3211.0,Patrick Rafter
3055958,1998-04-06,5,102257,3094.0,Greg Rusedski
3057566,1998-04-13,1,102701,3645.0,Marcelo Rios
3057567,1998-04-13,2,101948,3600.0,Pete Sampras
3057568,1998-04-13,3,101434,3443.0,Petr Korda
3057569,1998-04-13,4,102158,3254.0,Patrick Rafter
3057570,1998-04-13,5,102257,3094.0,Greg Rusedski
3059178,1998-04-20,1,102701,3645.0,Marcelo Rios
3059179,1998-04-20,2,101948,3600.0,Pete Sampras
3059180,1998-04-20,3,101434,3443.0,Petr Korda
3059181,1998-04-20,4,102158,3190.0,Patrick Rafter
3059182,1998-04-20,5,102257,3094.0,Greg Rusedski
3060783,1998-04-27,1,101948,3632.0,Pete Sampras
3060784,1998-04-27,2,101434,3499.0,Petr Korda
3060785,1998-04-27,3,102701,3200.0,Marcelo Rios
3060786,1998-04-27,4,102158,3190.0,Patrick Rafter
3060787,1998-04-27,5,102257,3094.0,Greg Rusedski
3062396,1998-05-04,1,101948,3775.0,Pete Sampras
3062397,1998-05-04,2,101434,3499.0,Petr Korda
3062398,1998-05-04,3,102701,3200.0,Marcelo Rios
3062399,1998-05-04,4,102158,3190.0,Patrick Rafter
3062400,1998-05-04,5,102257,3094.0,Greg Rusedski
3064001,1998-05-11,1,101948,3775.0,Pete Sampras
3064002,1998-05-11,2,101434,3499.0,Petr Korda
3064003,1998-05-11,3,102701,3200.0,Marcelo Rios
3064004,1998-05-11,4,102158,3190.0,Patrick Rafter
3064005,1998-05-11,5,102257,3094.0,Greg Rusedski
3065596,1998-05-18,1,101948,3812.0,Pete Sampras
3065597,1998-05-18,2,101434,3499.0,Petr Korda
3065598,1998-05-18,3,102701,3348.0,Marcelo Rios
3065599,1998-05-18,4,102158,3190.0,Patrick Rafter
3065600,1998-05-18,5,102257,3094.0,Greg Rusedski
3067186,1998-05-25,1,101948,3812.0,Pete Sampras
3067187,1998-05-25,2,101434,3499.0,Petr Korda
3067188,1998-05-25,3,102701,3484.0,Marcelo Rios
3067189,1998-05-25,4,102257,3094.0,Greg Rusedski
3067190,1998-05-25,5,102158,3080.0,Patrick Rafter
3068789,1998-06-01,1,101948,3812.0,Pete Sampras
3068790,1998-06-01,2,101434,3499.0,Petr Korda
3068791,1998-06-01,3,102701,3484.0,Marcelo Rios
3068792,1998-06-01,4,102257,3094.0,Greg Rusedski
3068793,1998-06-01,5,102158,3080.0,Patrick Rafter
3070384,1998-06-08,1,101948,3780.0,Pete Sampras
3070385,1998-06-08,2,102701,3641.0,Marcelo Rios
3070386,1998-06-08,3,101434,3463.0,Petr Korda
3070387,1998-06-08,4,102257,3094.0,Greg Rusedski
3070388,1998-06-08,5,102845,2966.0,Carlos Moya
3071994,1998-06-15,1,101948,3779.0,Pete Sampras
3071995,1998-06-15,2,102701,3641.0,Marcelo Rios
3071996,1998-06-15,3,101434,3299.0,Petr Korda
3071997,1998-06-15,4,102257,3037.0,Greg Rusedski
3071998,1998-06-15,5,102845,2970.0,Carlos Moya
3073600,1998-06-22,1,101948,3779.0,Pete Sampras
3073601,1998-06-22,2,102701,3641.0,Marcelo Rios
3073602,1998-06-22,3,101434,3299.0,Petr Korda
3073603,1998-06-22,4,102845,2970.0,Carlos Moya
3073604,1998-06-22,5,102257,2890.0,Greg Rusedski
3075201,1998-06-29,1,101948,3779.0,Pete Sampras
3075202,1998-06-29,2,102701,3641.0,Marcelo Rios
3075203,1998-06-29,3,101434,3299.0,Petr Korda
3075204,1998-06-29,4,102845,2970.0,Carlos Moya
3075205,1998-06-29,5,102257,2890.0,Greg Rusedski
3076796,1998-07-06,1,101948,3825.0,Pete Sampras
3076797,1998-07-06,2,102701,3612.0,Marcelo Rios
3076798,1998-07-06,3,101434,3344.0,Petr Korda
3076799,1998-07-06,4,102845,2970.0,Carlos Moya
3076800,1998-07-06,5,102158,2878.0,Patrick Rafter
3078399,1998-07-13,1,101948,3825.0,Pete Sampras
3078400,1998-07-13,2,102701,3666.0,Marcelo Rios
3078401,1998-07-13,3,101434,3344.0,Petr Korda
3078402,1998-07-13,4,102845,2970.0,Carlos Moya
3078403,1998-07-13,5,102158,2878.0,Patrick Rafter
3079985,1998-07-20,1,101948,3825.0,Pete Sampras
3079986,1998-07-20,2,102701,3666.0,Marcelo Rios
3079987,1998-07-20,3,101434,3195.0,Petr Korda
3079988,1998-07-20,4,102845,2970.0,Carlos Moya
3079989,1998-07-20,5,102158,2878.0,Patrick Rafter
3081557,1998-07-27,1,101948,3825.0,Pete Sampras
3081558,1998-07-27,2,102701,3719.0,Marcelo Rios
3081559,1998-07-27,3,101434,3195.0,Petr Korda
3081560,1998-07-27,4,102845,3025.0,Carlos Moya
3081561,1998-07-27,5,102158,2878.0,Patrick Rafter
3083127,1998-08-03,1,101948,3825.0,Pete Sampras
3083128,1998-08-03,2,102701,3719.0,Marcelo Rios
3083129,1998-08-03,3,101434,3195.0,Petr Korda
3083130,1998-08-03,4,102845,2902.0,Carlos Moya
3083131,1998-08-03,5,102158,2878.0,Patrick Rafter
3084704,1998-08-10,1,102701,3719.0,Marcelo Rios
3084705,1998-08-10,2,101948,3421.0,Pete Sampras
3084706,1998-08-10,3,102158,3306.0,Patrick Rafter
3084707,1998-08-10,4,101434,3195.0,Petr Korda
3084708,1998-08-10,5,102845,2902.0,Carlos Moya
3086285,1998-08-17,1,102701,3719.0,Marcelo Rios
3086286,1998-08-17,2,101948,3678.0,Pete Sampras
3086287,1998-08-17,3,102158,3548.0,Patrick Rafter
3086288,1998-08-17,4,101434,3172.0,Petr Korda
3086289,1998-08-17,5,102845,2703.0,Carlos Moya
3087861,1998-08-24,1,101948,3678.0,Pete Sampras
3087862,1998-08-24,2,102701,3649.0,Marcelo Rios
3087863,1998-08-24,3,102158,3405.0,Patrick Rafter
3087864,1998-08-24,4,101434,3174.0,Petr Korda
3087865,1998-08-24,5,101990,2720.0,Richard Krajicek
3089453,1998-08-31,1,101948,3678.0,Pete Sampras
3089454,1998-08-31,2,102701,3649.0,Marcelo Rios
3089455,1998-08-31,3,102158,3577.0,Patrick Rafter
3089456,1998-08-31,4,101434,3174.0,Petr Korda
3089457,1998-08-31,5,101990,2720.0,Richard Krajicek
3091058,1998-09-07,1,101948,3678.0,Pete Sampras
3091059,1998-09-07,2,102701,3649.0,Marcelo Rios
3091060,1998-09-07,3,102158,3577.0,Patrick Rafter
3091061,1998-09-07,4,101434,3174.0,Petr Korda
3091062,1998-09-07,5,101990,2720.0,Richard Krajicek
3092658,1998-09-14,1,101948,4015.0,Pete Sampras
3092659,1998-09-14,2,102158,3575.0,Patrick Rafter
3092660,1998-09-14,3,102701,3467.0,Marcelo Rios
3092661,1998-09-14,4,101434,2908.0,Petr Korda
3092662,1998-09-14,5,102845,2858.0,Carlos Moya
3094225,1998-09-21,1,101948,4015.0,Pete Sampras
3094226,1998-09-21,2,102158,3575.0,Patrick Rafter
3094227,1998-09-21,3,102701,3467.0,Marcelo Rios
3094228,1998-09-21,4,101434,2908.0,Petr Korda
3094229,1998-09-21,5,102845,2858.0,Carlos Moya
3095794,1998-09-28,1,101948,4015.0,Pete Sampras
3095795,1998-09-28,2,102158,3575.0,Patrick Rafter
3095796,1998-09-28,3,102701,3467.0,Marcelo Rios
3095797,1998-09-28,4,101434,2908.0,Petr Korda
3095798,1998-09-28,5,102845,2858.0,Carlos Moya
3097374,1998-10-05,1,101948,4015.0,Pete Sampras
3097375,1998-10-05,2,102158,3575.0,Patrick Rafter
3097376,1998-10-05,3,102701,3467.0,Marcelo Rios
3097377,1998-10-05,4,102845,2962.0,Carlos Moya
3097378,1998-10-05,5,101434,2815.0,Petr Korda
3098874,1998-10-12,1,101948,4015.0,Pete Sampras
3098875,1998-10-12,2,102158,3575.0,Patrick Rafter
3098876,1998-10-12,3,102701,3435.0,Marcelo Rios
3098877,1998-10-12,4,102845,2962.0,Carlos Moya
3098878,1998-10-12,5,101434,2815.0,Petr Korda
3100461,1998-10-19,1,101948,4327.0,Pete Sampras
3100462,1998-10-19,2,102701,3674.0,Marcelo Rios
3100463,1998-10-19,3,102158,3593.0,Patrick Rafter
3100464,1998-10-19,4,102845,2959.0,Carlos Moya
3100465,1998-10-19,5,101434,2829.0,Petr Korda
3102062,1998-10-26,1,101948,4344.0,Pete Sampras
3102063,1998-10-26,2,102701,3651.0,Marcelo Rios
3102064,1998-10-26,3,102158,3489.0,Patrick Rafter
3102065,1998-10-26,4,102845,2959.0,Carlos Moya
3102066,1998-10-26,5,101736,2867.0,Andre Agassi
3103667,1998-11-02,1,101948,3990.0,Pete Sampras
3103668,1998-11-02,2,102701,3702.0,Marcelo Rios
3103669,1998-11-02,3,102158,3489.0,Patrick Rafter
3103670,1998-11-02,4,102845,2959.0,Carlos Moya
3103671,1998-11-02,5,101736,2867.0,Andre Agassi
3105266,1998-11-09,1,101948,4275.0,Pete Sampras
3105267,1998-11-09,2,102701,3670.0,Marcelo Rios
3105268,1998-11-09,3,102158,3423.0,Patrick Rafter
3105269,1998-11-09,4,102845,2959.0,Carlos Moya
3105270,1998-11-09,5,101736,2879.0,Andre Agassi
3106859,1998-11-16,1,101948,3703.0,Pete Sampras
3106860,1998-11-16,2,102701,3670.0,Marcelo Rios
3106861,1998-11-16,3,102158,3315.0,Patrick Rafter
3106862,1998-11-16,4,101736,2879.0,Andre Agassi
3106863,1998-11-16,5,102845,2819.0,Carlos Moya
3108490,1998-11-23,1,101948,3703.0,Pete Sampras
3108491,1998-11-23,2,102701,3670.0,Marcelo Rios
3108492,1998-11-23,3,102158,3315.0,Patrick Rafter
3108493,1998-11-23,4,101736,2879.0,Andre Agassi
3108494,1998-11-23,5,102845,2819.0,Carlos Moya
3110115,1998-11-30,1,101948,3915.0,Pete Sampras
3110116,1998-11-30,2,102701,3670.0,Marcelo Rios
3110117,1998-11-30,3,102374,3398.0,Alex Corretja
3110118,1998-11-30,4,102158,3315.0,Patrick Rafter
3110119,1998-11-30,5,102845,3159.0,Carlos Moya
3111743,1998-12-07,1,101948,3915.0,Pete Sampras
3111744,1998-12-07,2,102701,3670.0,Marcelo Rios
3111745,1998-12-07,3,102374,3398.0,Alex Corretja
3111746,1998-12-07,4,102158,3315.0,Patrick Rafter
3111747,1998-12-07,5,102845,3159.0,Carlos Moya
3113334,1998-12-14,1,101948,3915.0,Pete Sampras
3113335,1998-12-14,2,102701,3670.0,Marcelo Rios
3113336,1998-12-14,3,102374,3398.0,Alex Corretja
3113337,1998-12-14,4,102158,3315.0,Patrick Rafter
3113338,1998-12-14,5,102845,3159.0,Carlos Moya
3114941,1998-12-21,1,101948,3915.0,Pete Sampras
3114942,1998-12-21,2,102701,3670.0,Marcelo Rios
3114943,1998-12-21,3,102374,3398.0,Alex Corretja
3114944,1998-12-21,4,102158,3315.0,Patrick Rafter
3114945,1998-12-21,5,102845,3159.0,Carlos Moya
3116547,1998-12-28,1,101948,3915.0,Pete Sampras
3116548,1998-12-28,2,102701,3670.0,Marcelo Rios
3116549,1998-12-28,3,102374,3398.0,Alex Corretja
3116550,1998-12-28,4,102158,3315.0,Patrick Rafter
3116551,1998-12-28,5,102845,3159.0,Carlos Moya
3118153,1999-01-04,1,101948,3915.0,Pete Sampras
3118154,1999-01-04,2,102701,3670.0,Marcelo Rios
3118155,1999-01-04,3,102374,3398.0,Alex Corretja
3118156,1999-01-04,4,102158,3315.0,Patrick Rafter
3118157,1999-01-04,5,102845,3159.0,Carlos Moya
3119770,1999-01-11,1,101948,3915.0,Pete Sampras
3119771,1999-01-11,2,102701,3670.0,Marcelo Rios
3119772,1999-01-11,3,102374,3398.0,Alex Corretja
3119773,1999-01-11,4,102158,3315.0,Patrick Rafter
3119774,1999-01-11,5,102845,3159.0,Carlos Moya
3121366,1999-01-18,1,101948,3915.0,Pete Sampras
3121367,1999-01-18,2,102701,3564.0,Marcelo Rios
3121368,1999-01-18,3,102374,3550.0,Alex Corretja
3121369,1999-01-18,4,102158,3269.0,Patrick Rafter
3121370,1999-01-18,5,102845,3178.0,Carlos Moya
3122948,1999-01-25,1,101948,3915.0,Pete Sampras
3122949,1999-01-25,2,102701,3564.0,Marcelo Rios
3122950,1999-01-25,3,102374,3550.0,Alex Corretja
3122951,1999-01-25,4,102158,3269.0,Patrick Rafter
3122952,1999-01-25,5,102845,3178.0,Carlos Moya
3124529,1999-02-01,1,101948,3744.0,Pete Sampras
3124530,1999-02-01,2,102374,3530.0,Alex Corretja
3124531,1999-02-01,3,102338,3419.0,Yevgeny Kafelnikov
3124532,1999-02-01,4,102158,3264.0,Patrick Rafter
3124533,1999-02-01,5,102845,3178.0,Carlos Moya
3126091,1999-02-08,1,101948,3744.0,Pete Sampras
3126092,1999-02-08,2,102374,3530.0,Alex Corretja
3126093,1999-02-08,3,102338,3350.0,Yevgeny Kafelnikov
3126094,1999-02-08,4,102158,3264.0,Patrick Rafter
3126095,1999-02-08,5,102845,3178.0,Carlos Moya
3127562,1999-02-15,1,101948,3695.0,Pete Sampras
3127563,1999-02-15,2,102338,3350.0,Yevgeny Kafelnikov
3127564,1999-02-15,3,102158,3264.0,Patrick Rafter
3127565,1999-02-15,4,102374,3250.0,Alex Corretja
3127566,1999-02-15,5,102845,3234.0,Carlos Moya
3129164,1999-02-22,1,101948,3695.0,Pete Sampras
3129165,1999-02-22,2,102338,3637.0,Yevgeny Kafelnikov
3129166,1999-02-22,3,102374,3250.0,Alex Corretja
3129167,1999-02-22,4,102845,3234.0,Carlos Moya
3129168,1999-02-22,5,102158,3169.0,Patrick Rafter
3130761,1999-03-01,1,101948,3449.0,Pete Sampras
3130762,1999-03-01,2,102338,3382.0,Yevgeny Kafelnikov
3130763,1999-03-01,3,102374,3250.0,Alex Corretja
3130764,1999-03-01,4,102845,3234.0,Carlos Moya
3130765,1999-03-01,5,102158,3138.0,Patrick Rafter
3132353,1999-03-08,1,101948,3449.0,Pete Sampras
3132354,1999-03-08,2,102338,3382.0,Yevgeny Kafelnikov
3132355,1999-03-08,3,102374,3250.0,Alex Corretja
3132356,1999-03-08,4,102845,3234.0,Carlos Moya
3132357,1999-03-08,5,102158,3134.0,Patrick Rafter
3133939,1999-03-15,1,102845,3484.0,Carlos Moya
3133940,1999-03-15,2,101948,3447.0,Pete Sampras
3133941,1999-03-15,3,102338,3382.0,Yevgeny Kafelnikov
3133942,1999-03-15,4,102374,3250.0,Alex Corretja
3133943,1999-03-15,5,102158,3115.0,Patrick Rafter
3135525,1999-03-22,1,102845,3484.0,Carlos Moya
3135526,1999-03-22,2,101948,3447.0,Pete Sampras
3135527,1999-03-22,3,102338,3382.0,Yevgeny Kafelnikov
3135528,1999-03-22,4,102374,3250.0,Alex Corretja
3135529,1999-03-22,5,102158,3115.0,Patrick Rafter
3137110,1999-03-29,1,101948,3525.0,Pete Sampras
3137111,1999-03-29,2,102845,3516.0,Carlos Moya
3137112,1999-03-29,3,102338,3382.0,Yevgeny Kafelnikov
3137113,1999-03-29,4,101990,3119.0,Richard Krajicek
3137114,1999-03-29,5,102158,3115.0,Patrick Rafter
3138700,1999-04-05,1,101948,3525.0,Pete Sampras
3138701,1999-04-05,2,102845,3516.0,Carlos Moya
3138702,1999-04-05,3,102338,3382.0,Yevgeny Kafelnikov
3138703,1999-04-05,4,101990,3119.0,Richard Krajicek
3138704,1999-04-05,5,102158,3115.0,Patrick Rafter
3140289,1999-04-12,1,101948,3525.0,Pete Sampras
3140290,1999-04-12,2,102845,3453.0,Carlos Moya
3140291,1999-04-12,3,102338,3382.0,Yevgeny Kafelnikov
3140292,1999-04-12,4,101990,3119.0,Richard Krajicek
3140293,1999-04-12,5,102374,3101.0,Alex Corretja
3141877,1999-04-19,1,101948,3525.0,Pete Sampras
3141878,1999-04-19,2,102845,3388.0,Carlos Moya
3141879,1999-04-19,3,102338,3382.0,Yevgeny Kafelnikov
3141880,1999-04-19,4,101990,3130.0,Richard Krajicek
3141881,1999-04-19,5,102374,3101.0,Alex Corretja
3143454,1999-04-26,1,101948,3511.0,Pete Sampras
3143455,1999-04-26,2,102338,3382.0,Yevgeny Kafelnikov
3143456,1999-04-26,3,102374,3016.0,Alex Corretja
3143457,1999-04-26,4,102158,2978.0,Patrick Rafter
3143458,1999-04-26,5,101990,2958.0,Richard Krajicek
3145029,1999-05-03,1,102338,3382.0,Yevgeny Kafelnikov
3145030,1999-05-03,2,101948,3367.0,Pete Sampras
3145031,1999-05-03,3,102374,3016.0,Alex Corretja
3145032,1999-05-03,4,102158,2978.0,Patrick Rafter
3145033,1999-05-03,5,101990,2958.0,Richard Krajicek
3146606,1999-05-10,1,102338,3382.0,Yevgeny Kafelnikov
3146607,1999-05-10,2,101948,3367.0,Pete Sampras
3146608,1999-05-10,3,102845,3099.0,Carlos Moya
3146609,1999-05-10,4,102158,2978.0,Patrick Rafter
3146610,1999-05-10,5,101990,2958.0,Richard Krajicek
3148185,1999-05-17,1,102338,3371.0,Yevgeny Kafelnikov
3148186,1999-05-17,2,101948,3317.0,Pete Sampras
3148187,1999-05-17,3,102158,3298.0,Patrick Rafter
3148188,1999-05-17,4,102845,3080.0,Carlos Moya
3148189,1999-05-17,5,101990,2863.0,Richard Krajicek
3149762,1999-05-24,1,102338,3403.0,Yevgeny Kafelnikov
3149763,1999-05-24,2,101948,3317.0,Pete Sampras
3149764,1999-05-24,3,102158,3298.0,Patrick Rafter
3149765,1999-05-24,4,102845,3080.0,Carlos Moya
3149766,1999-05-24,5,101990,2863.0,Richard Krajicek
3151350,1999-05-31,1,102338,3403.0,Yevgeny Kafelnikov
3151351,1999-05-31,2,101948,3317.0,Pete Sampras
3151352,1999-05-31,3,102158,3298.0,Patrick Rafter
3151353,1999-05-31,4,102845,3080.0,Carlos Moya
3151354,1999-05-31,5,101990,2863.0,Richard Krajicek
3152937,1999-06-07,1,102338,3403.0,Yevgeny Kafelnikov
3152938,1999-06-07,2,102158,3315.0,Patrick Rafter
3152939,1999-06-07,3,101948,3300.0,Pete Sampras
3152940,1999-06-07,4,101736,2993.0,Andre Agassi
3152941,1999-06-07,5,101990,2856.0,Richard Krajicek
3154525,1999-06-14,1,101948,3548.0,Pete Sampras
3154526,1999-06-14,2,102158,3315.0,Patrick Rafter
3154527,1999-06-14,3,102338,3211.0,Yevgeny Kafelnikov
3154528,1999-06-14,4,101736,2993.0,Andre Agassi
3154529,1999-06-14,5,101990,2829.0,Richard Krajicek
3156118,1999-06-21,1,101948,3548.0,Pete Sampras
3156119,1999-06-21,2,102158,3336.0,Patrick Rafter
3156120,1999-06-21,3,102338,3211.0,Yevgeny Kafelnikov
3156121,1999-06-21,4,101736,2993.0,Andre Agassi
3156122,1999-06-21,5,101990,2812.0,Richard Krajicek
3157719,1999-06-28,1,101948,3548.0,Pete Sampras
3157720,1999-06-28,2,102158,3336.0,Patrick Rafter
3157721,1999-06-28,3,102338,3211.0,Yevgeny Kafelnikov
3157722,1999-06-28,4,101736,2993.0,Andre Agassi
3157723,1999-06-28,5,101990,2812.0,Richard Krajicek
3159319,1999-07-05,1,101736,3684.0,Andre Agassi
3159320,1999-07-05,2,102158,3673.0,Patrick Rafter
3159321,1999-07-05,3,101948,3594.0,Pete Sampras
3159322,1999-07-05,4,102338,3212.0,Yevgeny Kafelnikov
3159323,1999-07-05,5,102856,2810.0,Gustavo Kuerten
3160921,1999-07-12,1,101736,3684.0,Andre Agassi
3160922,1999-07-12,2,102158,3673.0,Patrick Rafter
3160923,1999-07-12,3,101948,3594.0,Pete Sampras
3160924,1999-07-12,4,102338,3212.0,Yevgeny Kafelnikov
3160925,1999-07-12,5,102856,2810.0,Gustavo Kuerten
3162525,1999-07-19,1,101736,3684.0,Andre Agassi
3162526,1999-07-19,2,102158,3673.0,Patrick Rafter
3162527,1999-07-19,3,101948,3594.0,Pete Sampras
3162528,1999-07-19,4,102338,3212.0,Yevgeny Kafelnikov
3162529,1999-07-19,5,102856,2810.0,Gustavo Kuerten
3164125,1999-07-26,1,102158,3673.0,Patrick Rafter
3164126,1999-07-26,2,101948,3594.0,Pete Sampras
3164127,1999-07-26,3,101736,3467.0,Andre Agassi
3164128,1999-07-26,4,102338,3212.0,Yevgeny Kafelnikov
3164129,1999-07-26,5,102450,2690.0,Tim Henman
3165721,1999-08-02,1,101948,3775.0,Pete Sampras
3165722,1999-08-02,2,102158,3664.0,Patrick Rafter
3165723,1999-08-02,3,101736,3422.0,Andre Agassi
3165724,1999-08-02,4,102338,3273.0,Yevgeny Kafelnikov
3165725,1999-08-02,5,102450,2634.0,Tim Henman
3167323,1999-08-09,1,101948,3705.0,Pete Sampras
3167324,1999-08-09,2,102338,3527.0,Yevgeny Kafelnikov
3167325,1999-08-09,3,101736,3354.0,Andre Agassi
3167326,1999-08-09,4,102158,3271.0,Patrick Rafter
3167327,1999-08-09,5,102450,2512.0,Tim Henman
3168926,1999-08-16,1,101948,3912.0,Pete Sampras
3168927,1999-08-16,2,102338,3551.0,Yevgeny Kafelnikov
3168928,1999-08-16,3,101736,3507.0,Andre Agassi
3168929,1999-08-16,4,102158,3091.0,Patrick Rafter
3168930,1999-08-16,5,102450,2548.0,Tim Henman
3170513,1999-08-23,1,101948,3942.0,Pete Sampras
3170514,1999-08-23,2,101736,3650.0,Andre Agassi
3170515,1999-08-23,3,102338,3616.0,Yevgeny Kafelnikov
3170516,1999-08-23,4,102158,3119.0,Patrick Rafter
3170517,1999-08-23,5,102856,2559.0,Gustavo Kuerten
3172096,1999-08-30,1,101948,3942.0,Pete Sampras
3172097,1999-08-30,2,101736,3650.0,Andre Agassi
3172098,1999-08-30,3,102338,3616.0,Yevgeny Kafelnikov
3172099,1999-08-30,4,102158,2921.0,Patrick Rafter
3172100,1999-08-30,5,102450,2548.0,Tim Henman
3173680,1999-09-06,1,101948,3942.0,Pete Sampras
3173681,1999-09-06,2,101736,3650.0,Andre Agassi
3173682,1999-09-06,3,102338,3616.0,Yevgeny Kafelnikov
3173683,1999-09-06,4,102158,2921.0,Patrick Rafter
3173684,1999-09-06,5,102450,2548.0,Tim Henman
3175262,1999-09-13,1,101736,4470.0,Andre Agassi
3175263,1999-09-13,2,102338,3917.0,Yevgeny Kafelnikov
3175264,1999-09-13,3,101948,3544.0,Pete Sampras
3175265,1999-09-13,4,101774,2969.0,Todd Martin
3175266,1999-09-13,5,102856,2707.0,Gustavo Kuerten
3176840,1999-09-20,1,101736,4470.0,Andre Agassi
3176841,1999-09-20,2,102338,3819.0,Yevgeny Kafelnikov
3176842,1999-09-20,3,101948,3544.0,Pete Sampras
3176843,1999-09-20,4,101774,2969.0,Todd Martin
3176844,1999-09-20,5,102856,2707.0,Gustavo Kuerten
3178420,1999-09-27,1,101736,4470.0,Andre Agassi
3178421,1999-09-27,2,102338,3819.0,Yevgeny Kafelnikov
3178422,1999-09-27,3,101948,3544.0,Pete Sampras
3178423,1999-09-27,4,101774,2969.0,Todd Martin
3178424,1999-09-27,5,102856,2707.0,Gustavo Kuerten
3180004,1999-10-04,1,101736,4470.0,Andre Agassi
3180005,1999-10-04,2,102338,3819.0,Yevgeny Kafelnikov
3180006,1999-10-04,3,101948,3544.0,Pete Sampras
3180007,1999-10-04,4,101774,2969.0,Todd Martin
3180008,1999-10-04,5,102856,2497.0,Gustavo Kuerten
3181590,1999-10-11,1,101736,4339.0,Andre Agassi
3181591,1999-10-11,2,102338,3839.0,Yevgeny Kafelnikov
3181592,1999-10-11,3,101948,3544.0,Pete Sampras
3181593,1999-10-11,4,101774,2969.0,Todd Martin
3181594,1999-10-11,5,102856,2497.0,Gustavo Kuerten
3183171,1999-10-18,1,101736,4339.0,Andre Agassi
3183172,1999-10-18,2,102338,3842.0,Yevgeny Kafelnikov
3183173,1999-10-18,3,101948,3209.0,Pete Sampras
3183174,1999-10-18,4,101774,2812.0,Todd Martin
3183175,1999-10-18,5,102856,2497.0,Gustavo Kuerten
3184769,1999-10-25,1,101736,4144.0,Andre Agassi
3184770,1999-10-25,2,102338,3842.0,Yevgeny Kafelnikov
3184771,1999-10-25,3,101948,3141.0,Pete Sampras
3184772,1999-10-25,4,101774,2812.0,Todd Martin
3184773,1999-10-25,5,102856,2537.0,Gustavo Kuerten
3186365,1999-11-01,1,101736,4281.0,Andre Agassi
3186366,1999-11-01,2,102338,3585.0,Yevgeny Kafelnikov
3186367,1999-11-01,3,101948,2946.0,Pete Sampras
3186368,1999-11-01,4,101774,2837.0,Todd Martin
3186369,1999-11-01,5,102856,2563.0,Gustavo Kuerten
3187961,1999-11-08,1,101736,4649.0,Andre Agassi
3187962,1999-11-08,2,102338,3392.0,Yevgeny Kafelnikov
3187963,1999-11-08,3,101948,2655.0,Pete Sampras
3187964,1999-11-08,4,101774,2583.0,Todd Martin
3187965,1999-11-08,5,102856,2563.0,Gustavo Kuerten
3189557,1999-11-15,1,101736,4649.0,Andre Agassi
3189558,1999-11-15,2,102338,3338.0,Yevgeny Kafelnikov
3189559,1999-11-15,3,102856,2563.0,Gustavo Kuerten
3189560,1999-11-15,4,102358,2537.0,Thomas Enqvist
3189561,1999-11-15,5,101948,2384.0,Pete Sampras
3191150,1999-11-22,1,101736,4649.0,Andre Agassi
3191151,1999-11-22,2,102338,3338.0,Yevgeny Kafelnikov
3191152,1999-11-22,3,102856,2563.0,Gustavo Kuerten
3191153,1999-11-22,4,102358,2537.0,Thomas Enqvist
3191154,1999-11-22,5,101948,2384.0,Pete Sampras
3192736,1999-11-29,1,101736,5048.0,Andre Agassi
3192737,1999-11-29,2,102338,3465.0,Yevgeny Kafelnikov
3192738,1999-11-29,3,101948,3024.0,Pete Sampras
3192739,1999-11-29,4,102358,2606.0,Thomas Enqvist
3192740,1999-11-29,5,102856,2601.0,Gustavo Kuerten
3194315,1999-12-06,1,101736,5048.0,Andre Agassi
3194316,1999-12-06,2,102338,3465.0,Yevgeny Kafelnikov
3194317,1999-12-06,3,101948,3024.0,Pete Sampras
3194318,1999-12-06,4,102358,2606.0,Thomas Enqvist
3194319,1999-12-06,5,102856,2601.0,Gustavo Kuerten
3195895,1999-12-13,1,101736,5048.0,Andre Agassi
3195896,1999-12-13,2,102338,3465.0,Yevgeny Kafelnikov
3195897,1999-12-13,3,101948,3024.0,Pete Sampras
3195898,1999-12-13,4,102358,2606.0,Thomas Enqvist
3195899,1999-12-13,5,102856,2601.0,Gustavo Kuerten
3197466,1999-12-20,1,101736,5048.0,Andre Agassi
3197467,1999-12-20,2,102338,3465.0,Yevgeny Kafelnikov
3197468,1999-12-20,3,101948,3024.0,Pete Sampras
3197469,1999-12-20,4,102358,2606.0,Thomas Enqvist
3197470,1999-12-20,5,102856,2601.0,Gustavo Kuerten
3199037,1999-12-27,1,101736,5048.0,Andre Agassi
3199038,1999-12-27,2,102338,3465.0,Yevgeny Kafelnikov
3199039,1999-12-27,3,101948,3024.0,Pete Sampras
3199040,1999-12-27,4,102358,2606.0,Thomas Enqvist
3199041,1999-12-27,5,102856,2601.0,Gustavo Kuerten
3200608,2024-01-01,1,104925,11245.0,Novak Djokovic
3200609,2024-01-01,2,207989,8855.0,Carlos Alcaraz
3200610,2024-01-01,3,106421,7600.0,Daniil Medvedev
3200611,2024-01-01,4,206173,6490.0,Jannik Sinner
3200612,2024-01-01,5,126094,4805.0,Andrey Rublev
3202665,2024-01-08,1,104925,11055.0,Novak Djokovic
3202666,2024-01-08,2,207989,8855.0,Carlos Alcaraz
3202667,2024-01-08,3,106421,7555.0,Daniil Medvedev
3202668,2024-01-08,4,206173,6490.0,Jannik Sinner
3202669,2024-01-08,5,126094,5010.0,Andrey Rublev
3204721,2024-01-15,1,104925,11055.0,Novak Djokovic
3204722,2024-01-15,2,207989,8855.0,Carlos Alcaraz
3204723,2024-01-15,3,106421,7555.0,Daniil Medvedev
3204724,2024-01-15,4,206173,6490.0,Jannik Sinner
3204725,2024-01-15,5,126094,5010.0,Andrey Rublev
3206779,2024-01-29,1,104925,9855.0,Novak Djokovic
3206780,2024-01-29,2,207989,9255.0,Carlos Alcaraz
3206781,2024-01-29,3,106421,8765.0,Daniil Medvedev
3206782,2024-01-29,4,206173,8310.0,Jannik Sinner
3206783,2024-01-29,5,126094,5050.0,Andrey Rublev
3208837,2024-02-05,1,104925,9855.0,Novak Djokovic
3208838,2024-02-05,2,207989,9255.0,Carlos Alcaraz
3208839,2024-02-05,3,106421,8765.0,Daniil Medvedev
3208840,2024-02-05,4,206173,8310.0,Jannik Sinner
3208841,2024-02-05,5,126094,5050.0,Andrey Rublev
3210892,2024-02-12,1,104925,9855.0,Novak Djokovic
3210893,2024-02-12,2,207989,9255.0,Carlos Alcaraz
3210894,2024-02-12,3,106421,8765.0,Daniil Medvedev
3210895,2024-02-12,4,206173,8070.0,Jannik Sinner
3210896,2024-02-12,5,126094,5050.0,Andrey Rublev
3212948,2024-02-19,1,104925,9855.0,Novak Djokovic
3212949,2024-02-19,2,207989,9105.0,Carlos Alcaraz
3212950,2024-02-19,3,206173,8270.0,Jannik Sinner
3212951,2024-02-19,4,106421,8265.0,Daniil Medvedev
3212952,2024-02-19,5,126094,5105.0,Andrey Rublev
3215000,2024-02-26,1,104925,9855.0,Novak Djokovic
3215001,2024-02-26,2,207989,8805.0,Carlos Alcaraz
3215002,2024-02-26,3,206173,8270.0,Jannik Sinner
3215003,2024-02-26,4,106421,8015.0,Daniil Medvedev
3215004,2024-02-26,5,126094,5110.0,Andrey Rublev
3217051,2024-03-04,1,104925,9675.0,Novak Djokovic
3217052,2024-03-04,2,207989,8805.0,Carlos Alcaraz
3217053,2024-03-04,3,206173,8270.0,Jannik Sinner
3217054,2024-03-04,4,106421,7715.0,Daniil Medvedev
3217055,2024-03-04,5,126094,5010.0,Andrey Rublev
3219099,2024-03-18,1,104925,9725.0,Novak Djokovic
3219100,2024-03-18,2,207989,8805.0,Carlos Alcaraz
3219101,2024-03-18,3,206173,8310.0,Jannik Sinner
3219102,2024-03-18,4,106421,7765.0,Daniil Medvedev
3219103,2024-03-18,5,100644,5060.0,Alexander Zverev
3221151,2024-04-01,1,104925,9725.0,Novak Djokovic
3221152,2024-04-01,2,206173,8710.0,Jannik Sinner
3221153,2024-04-01,3,207989,8645.0,Carlos Alcaraz
3221154,2024-04-01,4,106421,7165.0,Daniil Medvedev
3221155,2024-04-01,5,100644,5415.0,Alexander Zverev
3223219,2024-04-08,1,104925,9725.0,Novak Djokovic
3223220,2024-04-08,2,206173,8710.0,Jannik Sinner
3223221,2024-04-08,3,207989,8645.0,Carlos Alcaraz
3223222,2024-04-08,4,106421,7165.0,Daniil Medvedev
3223223,2024-04-08,5,100644,5415.0,Alexander Zverev
3225289,2024-04-15,1,104925,10035.0,Novak Djokovic
3225290,2024-04-15,2,206173,8750.0,Jannik Sinner
3225291,2024-04-15,3,207989,8645.0,Carlos Alcaraz
3225292,2024-04-15,4,106421,7085.0,Daniil Medvedev
3225293,2024-04-15,5,100644,5425.0,Alexander Zverev
3227358,2024-04-22,1,104925,9990.0,Novak Djokovic
3227359,2024-04-22,2,206173,8660.0,Jannik Sinner
3227360,2024-04-22,3,207989,8145.0,Carlos Alcaraz
3227361,2024-04-22,4,106421,7085.0,Daniil Medvedev
3227362,2024-04-22,5,100644,5425.0,Alexander Zverev
3229428,2024-05-06,1,104925,9990.0,Novak Djokovic
3229429,2024-05-06,2,206173,8860.0,Jannik Sinner
3229430,2024-05-06,3,207989,7345.0,Carlos Alcaraz
3229431,2024-05-06,4,106421,7195.0,Daniil Medvedev
3229432,2024-05-06,5,100644,5435.0,Alexander Zverev
3231491,2024-05-20,1,104925,9860.0,Novak Djokovic
3231492,2024-05-20,2,206173,8770.0,Jannik Sinner
3231493,2024-05-20,3,207989,7300.0,Carlos Alcaraz
3231494,2024-05-20,4,100644,6345.0,Alexander Zverev
3231495,2024-05-20,5,106421,6295.0,Daniil Medvedev
3233565,2024-05-27,1,104925,9960.0,Novak Djokovic
3233566,2024-05-27,2,206173,8770.0,Jannik Sinner
3233567,2024-05-27,3,207989,7300.0,Carlos Alcaraz
3233568,2024-05-27,4,100644,6305.0,Alexander Zverev
3233569,2024-05-27,5,106421,6295.0,Daniil Medvedev
3235639,2024-06-10,1,206173,9525.0,Jannik Sinner
3235640,2024-06-10,2,207989,8580.0,Carlos Alcaraz
3235641,2024-06-10,3,104925,8360.0,Novak Djokovic
3235642,2024-06-10,4,100644,6885.0,Alexander Zverev
3235643,2024-06-10,5,106421,6485.0,Daniil Medvedev
3237731,2024-06-17,1,206173,9480.0,Jannik Sinner
3237732,2024-06-17,2,207989,8580.0,Carlos Alcaraz
3237733,2024-06-17,3,104925,8360.0,Novak Djokovic
3237734,2024-06-17,4,100644,6885.0,Alexander Zverev
3237735,2024-06-17,5,106421,6485.0,Daniil Medvedev
3239820,2024-06-24,1,206173,9890.0,Jannik Sinner
3239821,2024-06-24,2,104925,8360.0,Novak Djokovic
3239822,2024-06-24,3,207989,8130.0,Carlos Alcaraz
3239823,2024-06-24,4,100644,6905.0,Alexander Zverev
3239824,2024-06-24,5,106421,6445.0,Daniil Medvedev
3241914,2024-07-01,1,206173,9890.0,Jannik Sinner
3241915,2024-07-01,2,104925,8360.0,Novak Djokovic
3241916,2024-07-01,3,207989,8130.0,Carlos Alcaraz
3241917,2024-07-01,4,100644,6905.0,Alexander Zverev
3241918,2024-07-01,5,106421,6445.0,Daniil Medvedev
3244008,2024-07-15,1,206173,9570.0,Jannik Sinner
3244009,2024-07-15,2,104925,8460.0,Novak Djokovic
3244010,2024-07-15,3,207989,8130.0,Carlos Alcaraz
3244011,2024-07-15,4,100644,7015.0,Alexander Zverev
3244012,2024-07-15,5,106421,6525.0,Daniil Medvedev
3246101,2024-07-22,1,206173,9570.0,Jannik Sinner
3246102,2024-07-22,2,104925,8460.0,Novak Djokovic
3246103,2024-07-22,3,207989,8130.0,Carlos Alcaraz
3246104,2024-07-22,4,100644,7295.0,Alexander Zverev
3246105,2024-07-22,5,106421,6525.0,Daniil Medvedev
3248201,2024-07-29,1,206173,9570.0,Jannik Sinner
3248202,2024-07-29,2,104925,8460.0,Novak Djokovic
3248203,2024-07-29,3,207989,8130.0,Carlos Alcaraz
3248204,2024-07-29,4,100644,6845.0,Alexander Zverev
3248205,2024-07-29,5,106421,6525.0,Daniil Medvedev
3250317,2024-08-05,1,206173,9570.0,Jannik Sinner
3250318,2024-08-05,2,104925,8460.0,Novak Djokovic
3250319,2024-08-05,3,207989,8130.0,Carlos Alcaraz
3250320,2024-08-05,4,100644,6845.0,Alexander Zverev
3250321,2024-08-05,5,106421,6525.0,Daniil Medvedev
3252436,2024-08-12,1,206173,8770.0,Jannik Sinner
3252437,2024-08-12,2,104925,8460.0,Novak Djokovic
3252438,2024-08-12,3,207989,7950.0,Carlos Alcaraz
3252439,2024-08-12,4,100644,6995.0,Alexander Zverev
3252440,2024-08-12,5,106421,6355.0,Daniil Medvedev
3254556,2024-08-19,1,206173,9760.0,Jannik Sinner
3254557,2024-08-19,2,104925,7460.0,Novak Djokovic
3254558,2024-08-19,3,207989,7360.0,Carlos Alcaraz
3254559,2024-08-19,4,100644,7035.0,Alexander Zverev
3254560,2024-08-19,5,106421,6275.0,Daniil Medvedev
3256677,2024-08-26,1,206173,9360.0,Jannik Sinner
3256678,2024-08-26,2,104925,7460.0,Novak Djokovic
3256679,2024-08-26,3,207989,7360.0,Carlos Alcaraz
3256680,2024-08-26,4,100644,7035.0,Alexander Zverev
3256681,2024-08-26,5,106421,6275.0,Daniil Medvedev
3258806,2024-09-09,1,206173,11180.0,Jannik Sinner
3258807,2024-09-09,2,100644,7075.0,Alexander Zverev
3258808,2024-09-09,3,207989,6690.0,Carlos Alcaraz
3258809,2024-09-09,4,104925,5560.0,Novak Djokovic
3258810,2024-09-09,5,106421,5475.0,Daniil Medvedev
3260936,2024-09-16,1,206173,11180.0,Jannik Sinner
3260937,2024-09-16,2,100644,7075.0,Alexander Zverev
3260938,2024-09-16,3,207989,6690.0,Carlos Alcaraz
3260939,2024-09-16,4,104925,5560.0,Novak Djokovic
3260940,2024-09-16,5,106421,5475.0,Daniil Medvedev
3263057,2024-09-23,1,206173,11180.0,Jannik Sinner
3263058,2024-09-23,2,100644,6875.0,Alexander Zverev
3263059,2024-09-23,3,207989,6690.0,Carlos Alcaraz
3263060,2024-09-23,4,104925,5560.0,Novak Djokovic
3263061,2024-09-23,5,106421,5475.0,Daniil Medvedev
3265183,2024-09-30,1,206173,11010.0,Jannik Sinner
3265184,2024-09-30,2,207989,7010.0,Carlos Alcaraz
3265185,2024-09-30,3,100644,6705.0,Alexander Zverev
3265186,2024-09-30,4,104925,5560.0,Novak Djokovic
3265187,2024-09-30,5,106421,5375.0,Daniil Medvedev
3267312,2024-10-14,1,206173,11920.0,Jannik Sinner
3267313,2024-10-14,2,207989,7120.0,Carlos Alcaraz
3267314,2024-10-14,3,100644,6795.0,Alexander Zverev
3267315,2024-10-14,4,104925,6210.0,Novak Djokovic
3267316,2024-10-14,5,106421,5530.0,Daniil Medvedev
3269433,2024-10-21,1,206173,11920.0,Jannik Sinner
3269434,2024-10-21,2,207989,7120.0,Carlos Alcaraz
3269435,2024-10-21,3,100644,6795.0,Alexander Zverev
3269436,2024-10-21,4,104925,6210.0,Novak Djokovic
3269437,2024-10-21,5,106421,5530.0,Daniil Medvedev
3271550,2024-10-28,1,206173,11420.0,Jannik Sinner
3271551,2024-10-28,2,207989,7120.0,Carlos Alcaraz
3271552,2024-10-28,3,100644,6805.0,Alexander Zverev
3271553,2024-10-28,4,104925,6210.0,Novak Djokovic
3271554,2024-10-28,5,106421,5230.0,Daniil Medvedev
3273673,2024-11-04,1,206173,11330.0,Jannik Sinner
3273674,2024-11-04,2,100644,7715.0,Alexander Zverev
3273675,2024-11-04,3,207989,7210.0,Carlos Alcaraz
3273676,2024-11-04,4,106421,5230.0,Daniil Medvedev
3273677,2024-11-04,5,104925,5210.0,Novak Djokovic
3275791,2024-11-11,1,206173,10330.0,Jannik Sinner
3275792,2024-11-11,2,100644,7315.0,Alexander Zverev
3275793,2024-11-11,3,207989,6810.0,Carlos Alcaraz
3275794,2024-11-11,4,106421,4830.0,Daniil Medvedev
3275795,2024-11-11,5,126203,4300.0,Taylor Fritz
3277915,2024-11-18,1,206173,11830.0,Jannik Sinner
3277916,2024-11-18,2,100644,7915.0,Alexander Zverev
3277917,2024-11-18,3,207989,7010.0,Carlos Alcaraz
3277918,2024-11-18,4,126203,5100.0,Taylor Fritz
3277919,2024-11-18,5,106421,5030.0,Daniil Medvedev
3280046,2024-11-25,1,206173,11830.0,Jannik Sinner
3280047,2024-11-25,2,100644,7915.0,Alexander Zverev
3280048,2024-11-25,3,207989,7010.0,Carlos Alcaraz
3280049,2024-11-25,4,126203,5100.0,Taylor Fritz
3280050,2024-11-25,5,106421,5030.0,Daniil Medvedev
3282179,2024-12-02,1,206173,11830.0,Jannik Sinner
3282180,2024-12-02,2,100644,7915.0,Alexander Zverev
3282181,2024-12-02,3,207989,7010.0,Carlos Alcaraz
3282182,2024-12-02,4,126203,5100.0,Taylor Fritz
3282183,2024-12-02,5,106421,5030.0,Daniil Medvedev
3284327,2024-12-09,1,206173,11830.0,Jannik Sinner
3284328,2024-12-09,2,100644,7915.0,Alexander Zverev
3284329,2024-12-09,3,207989,7010.0,Carlos Alcaraz
3284330,2024-12-09,4,126203,5100.0,Taylor Fritz
3284331,2024-12-09,5,106421,5030.0,Daniil Medvedev
3286478,2024-12-16,1,206173,11830.0,Jannik Sinner
3286479,2024-12-16,2,100644,7915.0,Alexander Zverev
3286480,2024-12-16,3,207989,7010.0,Carlos Alcaraz
3286481,2024-12-16,4,126203,5100.0,Taylor Fritz
3286482,2024-12-16,5,106421,5030.0,Daniil Medvedev
3288631,2024-12-23,1,206173,11830.0,Jannik Sinner
3288632,2024-12-23,2,100644,7915.0,Alexander Zverev
3288633,2024-12-23,3,207989,7010.0,Carlos Alcaraz
3288634,2024-12-23,4,126203,5100.0,Taylor Fritz
3288635,2024-12-23,5,106421,5030.0,Daniil Medvedev
3290787,2024-12-30,1,206173,11830.0,Jannik Sinner
3290788,2024-12-30,2,100644,7915.0,Alexander Zverev
3290789,2024-12-30,3,207989,7010.0,Carlos Alcaraz
3290790,2024-12-30,4,126203,5100.0,Taylor Fritz
3290791,2024-12-30,5,106421,5030.0,Daniil Medvedev
